Revision: 46086de63dbeec06b6ed7e5957107f2017f61605
Config date: Tue Jul 22 13:46:37 UTC 2025

Current data layout: e-m:e-p270:32:32-p271:32:32-p272:64:64-i64:64-f80:128-n8:16:32:64-S128
Current target triple: x86_64-unknown-linux-gnu
Creating plugin CorePlugin
Creating plugin uARCUS
Creating plugin InVulAna
Initializing InVulAna
Initializing uARCUS
uARCUS: valid ram 1 baseaddr:0x20000000 size:0x14000
uARCUS: valid ram 1 baseaddr:0x8000000 size:0x40000
uARCUS: load_input: gateway/gateway.in
uARCUS: load_input: gateway/gateway.snapshot
uARCUS: Load 0 functions
ghidra server connected
Initializing CorePlugin
[Z3] Initializing
1 [State 0] Created initial state
Initializing periodic timer
Adding memory block (startAddr = 0xffffffffffffffff, size = 0x40000, hostAddr = 0x728650400000, isSharedConcrete=1, name=mps.s2erom1)
Adding memory block (startAddr = 0xffffffffffffffff, size = 0x14000, hostAddr = 0x72864a800000, isSharedConcrete=0, name=mps.s2eram1)
vecbase=0
 entry = 0x0 vecbase = 0x8000000 msp_init = 0x0 ret = 0
vecbase=0x8000000
armv7m_nvic_realize increase s->num_irq 216 for 16
vecbase=0x8000000
 entry = 0x0 vecbase = 0x8000000 msp_init = 0x0 ret = 0
vecbase=0x8000000
vecbase=0x8000000
1 [State 0] uARCUS: Resume From Snapshot at pc: 0x8003e1c
[State 0] Recover DMA address: 0x3fffffff
[State 0] write r[0] :0x1
[State 0] write r[1] :0xff
[State 0] write r[2] :0x2000016d
[State 0] write r[3] :0x1
[State 0] write r[4] :0x0
[State 0] write r[5] :0x0
[State 0] write r[6] :0x0
[State 0] write r[7] :0x0
[State 0] write r[8] :0x0
[State 0] write r[9] :0x0
[State 0] write r[10] :0x0
[State 0] write r[11] :0x0
[State 0] write r[12] :0x0
[State 0] write r[13] :0x20013fe8
[State 0] write r[14] :0x8002ad1
[State 0] write r[15] :0x8002ad0
[State 0] write Control :0x0
[State 0] write other sp: 0x0
[State 0] enable External Interrupt 38
[State 0] recover SRAM for 0x14000 bytes
[State 0] Ex Block pc: 0x8002ad0 lr:0x8002ad1
[State 0] Inst Executing 0x8002ad0
1 [State 0] uARCUS: External Interrupt:38
1 [State 0] uARCUS: test interrupt_flag 0 request:0 halted: 0 excp_idx: -1
orig vec_enabled: 1
[State 0]  pc:0x8002ad0 address:0x8002bb4 val:0x200003d0 size:0x4 type:read
[State 0] Inst Executing 0x8002ad2
[State 0] onException pc: 0x800369c vec: 0
[State 0] Ex Block pc: 0x8008c18 lr:0xfffffff9 USART2_IRQHandler
[State 0] Inst Executing 0x8008c18
[State 0]  pc:0x8008c18 address:0x20013fc0 val:0x1 size:0x4 type:write
[State 0]  pc:0x8008c18 address:0x20013fc4 val:0xfffffff9 size:0x4 type:write
[State 0] Inst Executing 0x8008c1a
[State 0] Inst Executing 0x8008c1c
[State 0] Ex Block pc: 0x80046bc lr:0x8008c21 HAL_NVIC_ClearPendingIRQ
[State 0] Inst Executing 0x80046bc
[State 0] Inst Executing 0x80046be
[State 0] Ex Block pc: 0x80046c0 lr:0x8008c21
[State 0] Inst Executing 0x80046c0
[State 0] Inst Executing 0x80046c2
[State 0] Inst Executing 0x80046c6
[State 0] Inst Executing 0x80046c8
[State 0] Inst Executing 0x80046cc
[State 0] Inst Executing 0x80046ce
[State 0]  pc:0x80046ce address:0x80046d8 val:0xe000e100 size:0x4 type:read
[State 0] Inst Executing 0x80046d0
[State 0]  pc:0x80046d0 address:0xe000e284 val:0x40 size:0x4 type:write
[State 0] Inst Executing 0x80046d4
[State 0] Ex Block pc: 0x8008c20 lr:0x8008c21
[State 0] Inst Executing 0x8008c20
[State 0]  pc:0x8008c20 address:0x8008c2c val:0x200006d8 size:0x4 type:read
[State 0] Inst Executing 0x8008c22
[State 0]  pc:0x8008c22 address:0x200006dc val:0x20000808 size:0x4 type:read
[State 0] Inst Executing 0x8008c24
[State 0] Ex Block pc: 0x800746e lr:0x8008c29 HAL_UART_IRQHandler
[State 0] Inst Executing 0x800746e
[State 0]  pc:0x800746e address:0x20013fb8 val:0x0 size:0x4 type:write
[State 0]  pc:0x800746e address:0x20013fbc val:0x8008c29 size:0x4 type:write
[State 0] Inst Executing 0x8007470
[State 0] Inst Executing 0x8007472
[State 0] Inst Executing 0x8007474
[State 0]  pc:0x8007474 address:0x20000808 val:0x40004400 size:0x4 type:read
[State 0] Inst Executing 0x8007476
[State 0] Ex Block pc: 0x8007476 lr:0x8008c29
[State 0] Inst Executing 0x8007476
1 [State 0] uARCUS: hardware read pc 0x8007476 addr 0x40004400 size 0x4 original 0x0 new 0x1
[State 0]  pc:0x8007476 address:0x40004400 val:0x1 size:0x4 type:read
[State 0] Inst Executing 0x8007478
1 [State 0] uARCUS: hardware read pc 0x8007478 addr 0x4000440c size 0x4 original 0x0 new 0x0
[State 0]  pc:0x8007478 address:0x4000440c val:0x0 size:0x4 type:read
[State 0] Inst Executing 0x800747a
[State 0] Inst Executing 0x800747e
[State 0] Ex Block pc: 0x8007480 lr:0x8008c29
[State 0] Inst Executing 0x8007480
[State 0] Inst Executing 0x8007484
[State 0] Ex Block pc: 0x800748e lr:0x8008c29
[State 0] Inst Executing 0x800748e
[State 0] Ex Block pc: 0x800748e lr:0x8008c29
[State 0] Inst Executing 0x800748e
1 [State 0] uARCUS: hardware read pc 0x800748e addr 0x40004400 size 0x4 original 0x0 new 0x2
[State 0]  pc:0x800748e address:0x40004400 val:0x2 size:0x4 type:read
[State 0] Inst Executing 0x8007490
1 [State 0] uARCUS: hardware read pc 0x8007490 addr 0x40004414 size 0x4 original 0x0 new 0x0
[State 0]  pc:0x8007490 address:0x40004414 val:0x0 size:0x4 type:read
[State 0] Inst Executing 0x8007492
[State 0] Inst Executing 0x8007496
[State 0] Inst Executing 0x800749a
[State 0] Ex Block pc: 0x800749c lr:0x8008c29
[State 0] Inst Executing 0x800749c
[State 0] Ex Block pc: 0x80074a6 lr:0x8008c29
[State 0] Inst Executing 0x80074a6
[State 0] Ex Block pc: 0x80074a6 lr:0x8008c29
[State 0] Inst Executing 0x80074a6
1 [State 0] uARCUS: hardware read pc 0x80074a6 addr 0x40004400 size 0x4 original 0x0 new 0x4
[State 0]  pc:0x80074a6 address:0x40004400 val:0x4 size:0x4 type:read
[State 0] Inst Executing 0x80074a8
[State 0] Inst Executing 0x80074ac
[State 0] Ex Block pc: 0x80074ae lr:0x8008c29
[State 0] Inst Executing 0x80074ae
[State 0] Ex Block pc: 0x80074b8 lr:0x8008c29
[State 0] Inst Executing 0x80074b8
[State 0] Ex Block pc: 0x80074b8 lr:0x8008c29
[State 0] Inst Executing 0x80074b8
1 [State 0] uARCUS: hardware read pc 0x80074b8 addr 0x40004400 size 0x4 original 0x0 new 0x8
[State 0]  pc:0x80074b8 address:0x40004400 val:0x8 size:0x4 type:read
[State 0] Inst Executing 0x80074ba
[State 0] Inst Executing 0x80074be
[State 0] Ex Block pc: 0x80074c0 lr:0x8008c29
[State 0] Inst Executing 0x80074c0
[State 0] Ex Block pc: 0x80074ca lr:0x8008c29
[State 0] Inst Executing 0x80074ca
[State 0] Ex Block pc: 0x80074ca lr:0x8008c29
[State 0] Inst Executing 0x80074ca
1 [State 0] uARCUS: hardware read pc 0x80074ca addr 0x40004400 size 0x4 original 0x0 new 0x20
[State 0]  pc:0x80074ca address:0x40004400 val:0x20 size:0x4 type:read
[State 0] Inst Executing 0x80074cc
1 [State 0] uARCUS: hardware read pc 0x80074cc addr 0x4000440c size 0x4 original 0x0 new 0x20
[State 0]  pc:0x80074cc address:0x4000440c val:0x20 size:0x4 type:read
[State 0] Inst Executing 0x80074ce
[State 0] Inst Executing 0x80074d2
[State 0] Inst Executing 0x80074d6
[State 0] Ex Block pc: 0x80074d8 lr:0x8008c29
[State 0] Inst Executing 0x80074d8
[State 0] Ex Block pc: 0x8007506 lr:0x8008c29
[State 0] Inst Executing 0x8007506
[State 0] Inst Executing 0x8007508
[State 0] Ex Block pc: 0x80073b8 lr:0x800750d UART_Receive_IT
[State 0] Inst Executing 0x80073b8
[State 0]  pc:0x80073b8 address:0x20013fa8 val:0x20 size:0x4 type:write
[State 0]  pc:0x80073b8 address:0x20013fac val:0x800750d size:0x4 type:write
[State 0] Inst Executing 0x80073ba
[State 0]  pc:0x80073ba address:0x20000841 val:0x32 size:0x1 type:read
[State 0] Inst Executing 0x80073be
[State 0] Inst Executing 0x80073c0
[State 0] Inst Executing 0x80073c2
[State 0] Ex Block pc: 0x80073c4 lr:0x800750d
[State 0] Inst Executing 0x80073c4
[State 0] Inst Executing 0x80073c6
[State 0] Ex Block pc: 0x80073cc lr:0x800750d
[State 0] Inst Executing 0x80073cc
[State 0]  pc:0x80073cc address:0x20000810 val:0x0 size:0x4 type:read
[State 0] Inst Executing 0x80073ce
[State 0] Inst Executing 0x80073d2
[State 0] Ex Block pc: 0x80073d4 lr:0x800750d
[State 0] Inst Executing 0x80073d4
[State 0]  pc:0x80073d4 address:0x20000818 val:0x0 size:0x4 type:read
[State 0] Inst Executing 0x80073d6
[State 0] Inst Executing 0x80073d8
[State 0] Ex Block pc: 0x80073da lr:0x800750d
[State 0] Inst Executing 0x80073da
[State 0]  pc:0x80073da address:0x20000830 val:0x20000849 size:0x4 type:read
[State 0] Inst Executing 0x80073dc
[State 0] Inst Executing 0x80073de
[State 0]  pc:0x80073de address:0x20000830 val:0x2000084a size:0x4 type:write
[State 0] Inst Executing 0x80073e0
[State 0]  pc:0x80073e0 address:0x20000808 val:0x40004400 size:0x4 type:read
[State 0] Inst Executing 0x80073e2
[State 0] Ex Block pc: 0x80073e2 lr:0x800750d
[State 0] Inst Executing 0x80073e2
[State 0] user read pc 0x80073e2 addr 0x40004404 original 0x0 fuzzin 0x0 ptr 0
[State 0]  pc:0x80073e2 address:0x40004404 val:0x0 size:0x4 type:read
[State 0] Inst Executing 0x80073e4
[State 0]  pc:0x80073e4 address:0x20000849 val:0x0 size:0x1 type:write
[State 0] Inst Executing 0x80073e6
[State 0]  pc:0x80073e6 address:0x20000836 val:0x1 size:0x2 type:read
[State 0] Inst Executing 0x80073e8
[State 0] Inst Executing 0x80073ea
[State 0] Inst Executing 0x80073ec
[State 0]  pc:0x80073ec address:0x20000836 val:0x0 size:0x2 type:write
[State 0] Inst Executing 0x80073ee
[State 0] Inst Executing 0x80073f0
[State 0] Ex Block pc: 0x80073f2 lr:0x800750d
[State 0] Inst Executing 0x80073f2
[State 0]  pc:0x80073f2 address:0x20000808 val:0x40004400 size:0x4 type:read
[State 0] Inst Executing 0x80073f4
[State 0] Ex Block pc: 0x80073f4 lr:0x800750d
[State 0] Inst Executing 0x80073f4
1 [State 0] uARCUS: hardware read pc 0x80073f4 addr 0x4000440c size 0x4 original 0x0 new 0x0
[State 0]  pc:0x80073f4 address:0x4000440c val:0x0 size:0x4 type:read
[State 0] Inst Executing 0x80073f6
[State 0] Inst Executing 0x80073fa
[State 0]  pc:0x80073fa address:0x4000440c val:0x0 size:0x4 type:write
[State 0] Inst Executing 0x80073fc
[State 0]  pc:0x80073fc address:0x20000841 val:0x32 size:0x1 type:read
[State 0] Ex Block pc: 0x8007400 lr:0x800750d
[State 0] Inst Executing 0x8007400
[State 0] Inst Executing 0x8007402
[State 0] Inst Executing 0x8007404
[State 0] Ex Block pc: 0x8007462 lr:0x800750d
[State 0] Inst Executing 0x8007462
[State 0] Inst Executing 0x8007464
[State 0]  pc:0x8007464 address:0x20000841 val:0x12 size:0x1 type:write
[State 0] Inst Executing 0x8007468
[State 0] Ex Block pc: 0x8007420 lr:0x800750d
[State 0] Inst Executing 0x8007420
[State 0] Ex Block pc: 0x8008b50 lr:0x8007425 HAL_UART_RxCpltCallback
[State 0] Inst Executing 0x8008b50
[State 0]  pc:0x8008b50 address:0x20013fa0 val:0x12 size:0x4 type:write
[State 0]  pc:0x8008b50 address:0x20013fa4 val:0x8007425 size:0x4 type:write
[State 0] Inst Executing 0x8008b52
[State 0] Ex Block pc: 0x8008b2c lr:0x8008b57 uart_index
[State 0] Inst Executing 0x8008b2c
[State 0] Inst Executing 0x8008b2e
[State 0] Ex Block pc: 0x8008b30 lr:0x8008b57
[State 0] Inst Executing 0x8008b30
[State 0] Inst Executing 0x8008b32
[State 0] Inst Executing 0x8008b34
[State 0] Ex Block pc: 0x8008b36 lr:0x8008b57
[State 0] Inst Executing 0x8008b36
[State 0]  pc:0x8008b36 address:0x8008b4c val:0x200006d8 size:0x4 type:read
[State 0] Inst Executing 0x8008b38
[State 0]  pc:0x8008b38 address:0x200006d8 val:0x0 size:0x4 type:read
[State 0] Inst Executing 0x8008b3c
[State 0] Inst Executing 0x8008b3e
[State 0] Ex Block pc: 0x8008b40 lr:0x8008b57
[State 0] Inst Executing 0x8008b40
[State 0] Inst Executing 0x8008b42
[State 0] Inst Executing 0x8008b44
[State 0] Ex Block pc: 0x8008b32 lr:0x8008b57
[State 0] Inst Executing 0x8008b32
[State 0] Inst Executing 0x8008b34
[State 0] Ex Block pc: 0x8008b36 lr:0x8008b57
[State 0] Inst Executing 0x8008b36
[State 0]  pc:0x8008b36 address:0x8008b4c val:0x200006d8 size:0x4 type:read
[State 0] Inst Executing 0x8008b38
[State 0]  pc:0x8008b38 address:0x200006dc val:0x20000808 size:0x4 type:read
[State 0] Inst Executing 0x8008b3c
[State 0] Inst Executing 0x8008b3e
[State 0] Ex Block pc: 0x8008b4a lr:0x8008b57
[State 0] Inst Executing 0x8008b4a
[State 0] Ex Block pc: 0x8008b56 lr:0x8008b57
[State 0] Inst Executing 0x8008b56
[State 0] Inst Executing 0x8008b58
[State 0] Callind block start_pc:0x8008b5c end_pc: 0x8008b68
[State 0] Ex Block pc: 0x8008b5c lr:0x8008b57
[State 0] Inst Executing 0x8008b5c
[State 0]  pc:0x8008b5c address:0x8008b6c val:0x20000688 size:0x4 type:read
[State 0] Inst Executing 0x8008b5e
[State 0]  pc:0x8008b5e address:0x2000068c val:0x8009037 size:0x4 type:read
[State 0] Inst Executing 0x8008b62
[State 0]  pc:0x8008b62 address:0x8008b70 val:0x2000069c size:0x4 type:read
[State 0] Inst Executing 0x8008b64
[State 0]  pc:0x8008b64 address:0x200006a0 val:0x20000804 size:0x4 type:read
[State 0] Inst Executing 0x8008b68
[State 0] Ex Block pc: 0x8009036 lr:0x8008b6b HardwareSerial::_rx_complete_irq(serial_s*)
[State 0] Inst Executing 0x8009036
[State 0]  pc:0x8009036 address:0x20013f98 val:0x20000808 size:0x4 type:write
[State 0]  pc:0x8009036 address:0x20013f9c val:0x8008b6b size:0x4 type:write
[State 0] Inst Executing 0x8009038
[State 0] Inst Executing 0x800903a
[State 0] Inst Executing 0x800903c
[State 0] Inst Executing 0x8009040
[State 0] Ex Block pc: 0x8008a44 lr:0x8009045 uart_getc
[State 0] Inst Executing 0x8008a44
[State 0] Ex Block pc: 0x8008a46 lr:0x8009045
[State 0] Inst Executing 0x8008a46
[State 0]  pc:0x8008a46 address:0x20013f80 val:0x8009037 size:0x4 type:write
[State 0]  pc:0x8008a46 address:0x20013f84 val:0x20000804 size:0x4 type:write
[State 0]  pc:0x8008a46 address:0x20013f88 val:0x0 size:0x4 type:write
[State 0]  pc:0x8008a46 address:0x20013f8c val:0x8009045 size:0x4 type:write
[State 0] Inst Executing 0x8008a48
[State 0] Inst Executing 0x8008a4a
[State 0] Inst Executing 0x8008a4c
[State 0] Ex Block pc: 0x80089fc lr:0x8008a51 serial_rx_active
[State 0] Inst Executing 0x80089fc
[State 0]  pc:0x80089fc address:0x20013f78 val:0x8009037 size:0x4 type:write
[State 0]  pc:0x80089fc address:0x20013f7c val:0x8008a51 size:0x4 type:write
[State 0] Inst Executing 0x80089fe
[State 0]  pc:0x80089fe address:0x20000848 val:0x1 size:0x1 type:read
[State 0] Inst Executing 0x8008a02
[State 0]  pc:0x8008a02 address:0x8008a1c val:0x200006d8 size:0x4 type:read
[State 0] Inst Executing 0x8008a04
[State 0]  pc:0x8008a04 address:0x200006dc val:0x20000808 size:0x4 type:read
[State 0] Inst Executing 0x8008a08
[State 0] Ex Block pc: 0x8007538 lr:0x8008a0d HAL_UART_GetState
[State 0] Inst Executing 0x8007538
[State 0]  pc:0x8007538 address:0x20000841 val:0x12 size:0x1 type:read
[State 0] Inst Executing 0x800753c
[State 0] Ex Block pc: 0x8008a0c lr:0x8008a0d
[State 0] Inst Executing 0x8008a0c
[State 0] Inst Executing 0x8008a10
[State 0] Inst Executing 0x8008a12
[State 0] Inst Executing 0x8008a14
[State 0] Inst Executing 0x8008a16
[State 0] Inst Executing 0x8008a18
[State 0]  pc:0x8008a18 address:0x20013f78 val:0x8009037 size:0x4 type:read
[State 0]  pc:0x8008a18 address:0x20013f7c val:0x8008a51 size:0x4 type:read
[State 0] Ex Block pc: 0x8008a50 lr:0x8008a0d
[State 0] Inst Executing 0x8008a50
[State 0] Ex Block pc: 0x8008a52 lr:0x8008a0d
[State 0] Inst Executing 0x8008a52
[State 0]  pc:0x8008a52 address:0x20000849 val:0x0 size:0x1 type:read
[State 0] Inst Executing 0x8008a56
[State 0]  pc:0x8008a56 address:0x20013f97 val:0x0 size:0x1 type:write
[State 0] Inst Executing 0x8008a58
[State 0]  pc:0x8008a58 address:0x20000848 val:0x1 size:0x1 type:read
[State 0] Inst Executing 0x8008a5c
[State 0] Inst Executing 0x8008a5e
[State 0] Inst Executing 0x8008a62
[State 0]  pc:0x8008a62 address:0x8008a7c val:0x200006d8 size:0x4 type:read
[State 0] Inst Executing 0x8008a64
[State 0]  pc:0x8008a64 address:0x200006dc val:0x20000808 size:0x4 type:read
[State 0] Inst Executing 0x8008a68
[State 0] Ex Block pc: 0x8007312 lr:0x8008a6d HAL_UART_Receive_IT
[State 0] Inst Executing 0x8007312
[State 0]  pc:0x8007312 address:0x20000841 val:0x12 size:0x1 type:read
[State 0] Inst Executing 0x8007316
[State 0] Inst Executing 0x8007318
[State 0] Inst Executing 0x800731a
[State 0] Ex Block pc: 0x800731c lr:0x8008a6d
[State 0] Inst Executing 0x800731c
[State 0] Inst Executing 0x800731e
[State 0] Ex Block pc: 0x8007324 lr:0x8008a6d
[State 0] Inst Executing 0x8007324
[State 0] Ex Block pc: 0x8007326 lr:0x8008a6d
[State 0] Inst Executing 0x8007326
[State 0] Ex Block pc: 0x8007328 lr:0x8008a6d
[State 0] Inst Executing 0x8007328
[State 0]  pc:0x8007328 address:0x20000840 val:0x0 size:0x1 type:read
[State 0] Inst Executing 0x800732c
[State 0] Inst Executing 0x800732e
[State 0] Ex Block pc: 0x8007330 lr:0x8008a6d
[State 0] Inst Executing 0x8007330
[State 0] Inst Executing 0x8007332
[State 0]  pc:0x8007332 address:0x20000840 val:0x1 size:0x1 type:write
[State 0] Inst Executing 0x8007336
[State 0]  pc:0x8007336 address:0x20000830 val:0x20000849 size:0x4 type:write
[State 0] Inst Executing 0x8007338
[State 0]  pc:0x8007338 address:0x20000834 val:0x1 size:0x2 type:write
[State 0] Inst Executing 0x800733a
[State 0]  pc:0x800733a address:0x20000836 val:0x1 size:0x2 type:write
[State 0] Inst Executing 0x800733c
[State 0] Inst Executing 0x800733e
[State 0]  pc:0x800733e address:0x20000844 val:0x0 size:0x4 type:write
[State 0] Inst Executing 0x8007340
[State 0]  pc:0x8007340 address:0x20000841 val:0x12 size:0x1 type:read
[State 0] Inst Executing 0x8007344
[State 0] Inst Executing 0x8007346
[State 0] Inst Executing 0x8007348
[State 0] Ex Block pc: 0x8007378 lr:0x8008a6d
[State 0] Inst Executing 0x8007378
[State 0] Inst Executing 0x800737a
[State 0]  pc:0x800737a address:0x20000841 val:0x32 size:0x1 type:write
[State 0] Inst Executing 0x800737e
[State 0] Ex Block pc: 0x8007350 lr:0x8008a6d
[State 0] Inst Executing 0x8007350
[State 0] Inst Executing 0x8007352
[State 0]  pc:0x8007352 address:0x20000840 val:0x0 size:0x1 type:write
[State 0] Inst Executing 0x8007356
[State 0]  pc:0x8007356 address:0x20000808 val:0x40004400 size:0x4 type:read
[State 0] Inst Executing 0x8007358
[State 0] Ex Block pc: 0x8007358 lr:0x8008a6d
[State 0] Inst Executing 0x8007358
1 [State 0] uARCUS: hardware read pc 0x8007358 addr 0x4000440c size 0x4 original 0x0 new 0x0
[State 0]  pc:0x8007358 address:0x4000440c val:0x0 size:0x4 type:read
[State 0] Inst Executing 0x800735a
[State 0] Inst Executing 0x800735e
[State 0]  pc:0x800735e address:0x4000440c val:0x100 size:0x4 type:write
[State 0] Inst Executing 0x8007360
[State 0]  pc:0x8007360 address:0x20000808 val:0x40004400 size:0x4 type:read
[State 0] Inst Executing 0x8007362
1 [State 0] uARCUS: hardware read pc 0x8007362 addr 0x40004414 size 0x4 original 0x0 new 0x0
[State 0]  pc:0x8007362 address:0x40004414 val:0x0 size:0x4 type:read
[State 0] Inst Executing 0x8007364
[State 0] Inst Executing 0x8007368
[State 0]  pc:0x8007368 address:0x40004414 val:0x1 size:0x4 type:write
[State 0] Inst Executing 0x800736a
[State 0]  pc:0x800736a address:0x20000808 val:0x40004400 size:0x4 type:read
[State 0] Inst Executing 0x800736c
1 [State 0] uARCUS: hardware read pc 0x800736c addr 0x4000440c size 0x4 original 0x0 new 0x0
[State 0]  pc:0x800736c address:0x4000440c val:0x0 size:0x4 type:read
[State 0] Inst Executing 0x800736e
[State 0] Inst Executing 0x8007372
[State 0]  pc:0x8007372 address:0x4000440c val:0x20 size:0x4 type:write
[State 0] Inst Executing 0x8007374
[State 0] Inst Executing 0x8007376
[State 0] Ex Block pc: 0x8008a6c lr:0x8008a6d
[State 0] Inst Executing 0x8008a6c
[State 0] Inst Executing 0x8008a6e
[State 0]  pc:0x8008a6e address:0x20013f80 val:0x8009037 size:0x4 type:read
[State 0]  pc:0x8008a6e address:0x20013f84 val:0x20000804 size:0x4 type:read
[State 0]  pc:0x8008a6e address:0x20013f88 val:0x0 size:0x4 type:read
[State 0]  pc:0x8008a6e address:0x20013f8c val:0x8009045 size:0x4 type:read
[State 0] Ex Block pc: 0x8009044 lr:0x8008a6d
[State 0] Inst Executing 0x8009044
[State 0] Ex Block pc: 0x8009046 lr:0x8008a6d
[State 0] Inst Executing 0x8009046
[State 0]  pc:0x8009046 address:0x20000864 val:0x0 size:0x2 type:read
[State 0] Inst Executing 0x800904a
[State 0] Inst Executing 0x800904c
[State 0] Inst Executing 0x800904e
[State 0] Inst Executing 0x8009052
[State 0]  pc:0x8009052 address:0x20000866 val:0x0 size:0x2 type:read
[State 0] Inst Executing 0x8009056
[State 0] Inst Executing 0x8009058
[State 0] Ex Block pc: 0x800905a lr:0x8008a6d
[State 0] Inst Executing 0x800905a
[State 0]  pc:0x800905a address:0x20000860 val:0x20000741 size:0x4 type:read
[State 0] Inst Executing 0x800905c
[State 0]  pc:0x800905c address:0x20000864 val:0x0 size:0x2 type:read
[State 0] Inst Executing 0x8009060
[State 0] Inst Executing 0x8009062
[State 0]  pc:0x8009062 address:0x20013f97 val:0x0 size:0x1 type:read
[State 0] Inst Executing 0x8009066
[State 0]  pc:0x8009066 address:0x20000741 val:0x0 size:0x1 type:write
[State 0] Inst Executing 0x8009068
[State 0] Inst Executing 0x800906a
[State 0]  pc:0x800906a address:0x20000864 val:0x1 size:0x2 type:write
[State 0] Inst Executing 0x800906e
[State 0] Inst Executing 0x8009070
[State 0]  pc:0x8009070 address:0x20013f98 val:0x20000808 size:0x4 type:read
[State 0]  pc:0x8009070 address:0x20013f9c val:0x8008b6b size:0x4 type:read
[State 0] Ex Block pc: 0x8008b6a lr:0x8008a6d
[State 0] Inst Executing 0x8008b6a
[State 0] Ex Block pc: 0x8008b5a lr:0x8008a6d
[State 0] Inst Executing 0x8008b5a
[State 0]  pc:0x8008b5a address:0x20013fa0 val:0x12 size:0x4 type:read
[State 0]  pc:0x8008b5a address:0x20013fa4 val:0x8007425 size:0x4 type:read
[State 0] Ex Block pc: 0x8007424 lr:0x8008a6d
[State 0] Inst Executing 0x8007424
[State 0] Inst Executing 0x8007426
[State 0]  pc:0x8007426 address:0x20013fa8 val:0x20 size:0x4 type:read
[State 0]  pc:0x8007426 address:0x20013fac val:0x800750d size:0x4 type:read
[State 0] Ex Block pc: 0x800750c lr:0x8008a6d
[State 0] Inst Executing 0x800750c
[State 0] Ex Block pc: 0x80074da lr:0x8008a6d
[State 0] Inst Executing 0x80074da
[State 0]  pc:0x80074da address:0x20000808 val:0x40004400 size:0x4 type:read
[State 0] Inst Executing 0x80074dc
[State 0] Ex Block pc: 0x80074dc lr:0x8008a6d
[State 0] Inst Executing 0x80074dc
1 [State 0] uARCUS: hardware read pc 0x80074dc addr 0x40004400 size 0x4 original 0x0 new 0x0
[State 0]  pc:0x80074dc address:0x40004400 val:0x0 size:0x4 type:read
[State 0] Inst Executing 0x80074de
1 [State 0] uARCUS: hardware read pc 0x80074de addr 0x4000440c size 0x4 original 0x0 new 0x0
[State 0]  pc:0x80074de address:0x4000440c val:0x0 size:0x4 type:read
[State 0] Inst Executing 0x80074e0
[State 0] Inst Executing 0x80074e4
[State 0] Inst Executing 0x80074e8
[State 0] Ex Block pc: 0x80074ec lr:0x8008a6d
[State 0] Inst Executing 0x80074ec
[State 0]  pc:0x80074ec address:0x20000808 val:0x40004400 size:0x4 type:read
[State 0] Inst Executing 0x80074ee
[State 0] Ex Block pc: 0x80074ee lr:0x8008a6d
[State 0] Inst Executing 0x80074ee
1 [State 0] uARCUS: hardware read pc 0x80074ee addr 0x40004400 size 0x4 original 0x0 new 0x0
[State 0]  pc:0x80074ee address:0x40004400 val:0x0 size:0x4 type:read
[State 0] Inst Executing 0x80074f0
1 [State 0] uARCUS: hardware read pc 0x80074f0 addr 0x4000440c size 0x4 original 0x0 new 0x0
[State 0]  pc:0x80074f0 address:0x4000440c val:0x0 size:0x4 type:read
[State 0] Inst Executing 0x80074f2
[State 0] Inst Executing 0x80074f6
[State 0] Inst Executing 0x80074fa
[State 0] Ex Block pc: 0x80074fe lr:0x8008a6d
[State 0] Inst Executing 0x80074fe
[State 0]  pc:0x80074fe address:0x20000844 val:0x0 size:0x4 type:read
[State 0] Inst Executing 0x8007500
[State 0] Ex Block pc: 0x8007502 lr:0x8008a6d
[State 0] Inst Executing 0x8007502
[State 0] Inst Executing 0x8007504
[State 0]  pc:0x8007504 address:0x20013fb8 val:0x0 size:0x4 type:read
[State 0]  pc:0x8007504 address:0x20013fbc val:0x8008c29 size:0x4 type:read
[State 0] Ex Block pc: 0x8008c28 lr:0x8008a6d
[State 0] Inst Executing 0x8008c28
[State 0]  pc:0x8008c28 address:0x20013fc0 val:0x1 size:0x4 type:read
[State 0]  pc:0x8008c28 address:0x20013fc4 val:0xfffffff9 size:0x4 type:read
[State 0] onException pc: 0xfffffff8 vec: 54
1 [State 0] uARCUS: onException exit, irq_no: 54
[State 0] Callind block start_pc:0x800369c end_pc: 0x80036a6
[State 0] Ex Block pc: 0x800369c lr:0x8002ad7 firmata::FirmataClass::available()
[State 0] Inst Executing 0x800369c
[State 0]  pc:0x800369c address:0x20013fe0 val:0x1 size:0x4 type:write
[State 0]  pc:0x800369c address:0x20013fe4 val:0x8002ad7 size:0x4 type:write
[State 0] Inst Executing 0x800369e
[State 0]  pc:0x800369e address:0x20000490 val:0x20000730 size:0x4 type:read
[State 0] Inst Executing 0x80036a2
[State 0]  pc:0x80036a2 address:0x20000730 val:0x800afd0 size:0x4 type:read
[State 0] Inst Executing 0x80036a4
[State 0]  pc:0x80036a4 address:0x800afd8 val:0x8008fcb size:0x4 type:read
[State 0] Inst Executing 0x80036a6
[State 0] Ex Block pc: 0x8008fca lr:0x80036a9 HardwareSerial::available()
[State 0] Inst Executing 0x8008fca
[State 0]  pc:0x8008fca address:0x20000864 val:0x1 size:0x2 type:read
[State 0] Inst Executing 0x8008fce
[State 0] Inst Executing 0x8008fd0
[State 0] Inst Executing 0x8008fd2
[State 0]  pc:0x8008fd2 address:0x20000866 val:0x0 size:0x2 type:read
[State 0] Inst Executing 0x8008fd6
[State 0] Inst Executing 0x8008fd8
[State 0] Inst Executing 0x8008fdc
[State 0] Ex Block pc: 0x80036a8 lr:0x80036a9
[State 0] Inst Executing 0x80036a8
[State 0]  pc:0x80036a8 address:0x20013fe0 val:0x1 size:0x4 type:read
[State 0]  pc:0x80036a8 address:0x20013fe4 val:0x8002ad7 size:0x4 type:read
[State 0] Ex Block pc: 0x8002ad6 lr:0x80036a9
[State 0] Inst Executing 0x8002ad6
[State 0] Ex Block pc: 0x8002ad8 lr:0x80036a9
[State 0] Inst Executing 0x8002ad8
[State 0]  pc:0x8002ad8 address:0x8002bb4 val:0x200003d0 size:0x4 type:read
[State 0] Inst Executing 0x8002ada
[State 0] Callind block start_pc:0x80036aa end_pc: 0x80036b6
[State 0] Ex Block pc: 0x80036aa lr:0x8002adf firmata::FirmataClass::processInput()
[State 0] Inst Executing 0x80036aa
[State 0]  pc:0x80036aa address:0x20013fe0 val:0x0 size:0x4 type:write
[State 0]  pc:0x80036aa address:0x20013fe4 val:0x8002adf size:0x4 type:write
[State 0] Inst Executing 0x80036ac
[State 0] Inst Executing 0x80036ae
[State 0]  pc:0x80036ae address:0x20000490 val:0x20000730 size:0x4 type:read
[State 0] Inst Executing 0x80036b2
[State 0]  pc:0x80036b2 address:0x20000730 val:0x800afd0 size:0x4 type:read
[State 0] Inst Executing 0x80036b4
[State 0]  pc:0x80036b4 address:0x800afdc val:0x8008ffb size:0x4 type:read
[State 0] Inst Executing 0x80036b6
[State 0] Ex Block pc: 0x8008ffa lr:0x80036b9 HardwareSerial::read()
[State 0] Inst Executing 0x8008ffa
[State 0]  pc:0x8008ffa address:0x20000864 val:0x1 size:0x2 type:read
[State 0] Inst Executing 0x8008ffe
[State 0] Ex Block pc: 0x8009000 lr:0x80036b9
[State 0] Inst Executing 0x8009000
[State 0]  pc:0x8009000 address:0x20000866 val:0x0 size:0x2 type:read
[State 0] Inst Executing 0x8009004
[State 0] Inst Executing 0x8009006
[State 0] Ex Block pc: 0x8009008 lr:0x80036b9
[State 0] Inst Executing 0x8009008
[State 0]  pc:0x8009008 address:0x20000860 val:0x20000741 size:0x4 type:read
[State 0] Inst Executing 0x800900c
[State 0]  pc:0x800900c address:0x20000741 val:0x0 size:0x1 type:read
[State 0] Inst Executing 0x800900e
[State 0] Inst Executing 0x8009010
[State 0] Inst Executing 0x8009014
[State 0]  pc:0x8009014 address:0x20000866 val:0x1 size:0x2 type:write
[State 0] Inst Executing 0x8009018
[State 0] Inst Executing 0x800901a
[State 0] Ex Block pc: 0x80036b8 lr:0x80036b9
[State 0] Inst Executing 0x80036b8
[State 0] Inst Executing 0x80036bc
[State 0] Ex Block pc: 0x80036be lr:0x80036b9
[State 0] Inst Executing 0x80036be
[State 0] Inst Executing 0x80036c0
[State 0] Inst Executing 0x80036c4
[State 0] Ex Block pc: 0x8003c50 lr:0x80036c9 firmata::FirmataParser::parse(unsigned
[State 0] Inst Executing 0x8003c50
[State 0]  pc:0x8003c50 address:0x20013fd8 val:0x200003d0 size:0x4 type:write
[State 0]  pc:0x8003c50 address:0x20013fdc val:0x80036c9 size:0x4 type:write
[State 0] Inst Executing 0x8003c52
[State 0] Inst Executing 0x8003c54
[State 0]  pc:0x8003c54 address:0x20000428 val:0x0 size:0x1 type:read
[State 0] Inst Executing 0x8003c56
[State 0] Ex Block pc: 0x8003c74 lr:0x80036c9
[State 0] Inst Executing 0x8003c74
[State 0]  pc:0x8003c74 address:0x20000424 val:0x0 size:0x4 type:read
[State 0] Inst Executing 0x8003c76
[State 0] Ex Block pc: 0x8003c7c lr:0x80036c9
[State 0] Inst Executing 0x8003c7c
[State 0] Inst Executing 0x8003c7e
[State 0] Ex Block pc: 0x8003c80 lr:0x80036c9
[State 0] Inst Executing 0x8003c80
[State 0] Inst Executing 0x8003c84
[State 0]  pc:0x8003c84 address:0x20000421 val:0x0 size:0x1 type:write
[State 0] Inst Executing 0x8003c86
[State 0] Inst Executing 0x8003c8a
[State 0] Inst Executing 0x8003c8c
[State 0] Ex Block pc: 0x8003c8e lr:0x80036c9
[State 0] Inst Executing 0x8003c8e
[State 0] Ex Block pc: 0x8003d4e lr:0x80036c9
[State 0] Inst Executing 0x8003d4e
[State 0] Inst Executing 0x8003d50
[State 0] Ex Block pc: 0x8003d52 lr:0x80036c9
[State 0] Inst Executing 0x8003d52
[State 0] Ex Block pc: 0x8003d5e lr:0x80036c9
[State 0] Inst Executing 0x8003d5e
[State 0] Inst Executing 0x8003d60
[State 0] Ex Block pc: 0x8003d6a lr:0x80036c9
[State 0] Inst Executing 0x8003d6a
[State 0]  pc:0x8003d6a address:0x20013fd8 val:0x200003d0 size:0x4 type:read
[State 0]  pc:0x8003d6a address:0x20013fdc val:0x80036c9 size:0x4 type:read
[State 0] Ex Block pc: 0x80036c8 lr:0x80036c9
[State 0] Inst Executing 0x80036c8
[State 0]  pc:0x80036c8 address:0x20013fe0 val:0x0 size:0x4 type:read
[State 0]  pc:0x80036c8 address:0x20013fe4 val:0x8002adf size:0x4 type:read
[State 0] Ex Block pc: 0x8002ade lr:0x80036c9
[State 0] Inst Executing 0x8002ade
[State 0] Ex Block pc: 0x8002ad0 lr:0x80036c9
[State 0] Inst Executing 0x8002ad0
1 [State 0] uARCUS: External Interrupt:38
1 [State 0] uARCUS: test interrupt_flag 0 request:0 halted: 0 excp_idx: -1
orig vec_enabled: 1
[State 0]  pc:0x8002ad0 address:0x8002bb4 val:0x200003d0 size:0x4 type:read
[State 0] Inst Executing 0x8002ad2
[State 0] onException pc: 0x800369c vec: 0
[State 0] Ex Block pc: 0x8008c18 lr:0xfffffff9 USART2_IRQHandler
[State 0] Inst Executing 0x8008c18
[State 0]  pc:0x8008c18 address:0x20013fc0 val:0x0 size:0x4 type:write
[State 0]  pc:0x8008c18 address:0x20013fc4 val:0xfffffff9 size:0x4 type:write
[State 0] Inst Executing 0x8008c1a
[State 0] Inst Executing 0x8008c1c
[State 0] Ex Block pc: 0x80046bc lr:0x8008c21 HAL_NVIC_ClearPendingIRQ
[State 0] Inst Executing 0x80046bc
[State 0] Inst Executing 0x80046be
[State 0] Ex Block pc: 0x80046c0 lr:0x8008c21
[State 0] Inst Executing 0x80046c0
[State 0] Inst Executing 0x80046c2
[State 0] Inst Executing 0x80046c6
[State 0] Inst Executing 0x80046c8
[State 0] Inst Executing 0x80046cc
[State 0] Inst Executing 0x80046ce
[State 0]  pc:0x80046ce address:0x80046d8 val:0xe000e100 size:0x4 type:read
[State 0] Inst Executing 0x80046d0
[State 0]  pc:0x80046d0 address:0xe000e284 val:0x40 size:0x4 type:write
[State 0] Inst Executing 0x80046d4
[State 0] Ex Block pc: 0x8008c20 lr:0x8008c21
[State 0] Inst Executing 0x8008c20
[State 0]  pc:0x8008c20 address:0x8008c2c val:0x200006d8 size:0x4 type:read
[State 0] Inst Executing 0x8008c22
[State 0]  pc:0x8008c22 address:0x200006dc val:0x20000808 size:0x4 type:read
[State 0] Inst Executing 0x8008c24
[State 0] Ex Block pc: 0x800746e lr:0x8008c29 HAL_UART_IRQHandler
[State 0] Inst Executing 0x800746e
[State 0]  pc:0x800746e address:0x20013fb8 val:0x0 size:0x4 type:write
[State 0]  pc:0x800746e address:0x20013fbc val:0x8008c29 size:0x4 type:write
[State 0] Inst Executing 0x8007470
[State 0] Inst Executing 0x8007472
[State 0] Inst Executing 0x8007474
[State 0]  pc:0x8007474 address:0x20000808 val:0x40004400 size:0x4 type:read
[State 0] Inst Executing 0x8007476
[State 0] Ex Block pc: 0x8007476 lr:0x8008c29
[State 0] Inst Executing 0x8007476
1 [State 0] uARCUS: hardware read pc 0x8007476 addr 0x40004400 size 0x4 original 0x0 new 0x1
[State 0]  pc:0x8007476 address:0x40004400 val:0x1 size:0x4 type:read
[State 0] Inst Executing 0x8007478
1 [State 0] uARCUS: hardware read pc 0x8007478 addr 0x4000440c size 0x4 original 0x0 new 0x0
[State 0]  pc:0x8007478 address:0x4000440c val:0x0 size:0x4 type:read
[State 0] Inst Executing 0x800747a
[State 0] Inst Executing 0x800747e
[State 0] Ex Block pc: 0x8007480 lr:0x8008c29
[State 0] Inst Executing 0x8007480
[State 0] Inst Executing 0x8007484
[State 0] Ex Block pc: 0x800748e lr:0x8008c29
[State 0] Inst Executing 0x800748e
[State 0] Ex Block pc: 0x800748e lr:0x8008c29
[State 0] Inst Executing 0x800748e
1 [State 0] uARCUS: hardware read pc 0x800748e addr 0x40004400 size 0x4 original 0x0 new 0x2
[State 0]  pc:0x800748e address:0x40004400 val:0x2 size:0x4 type:read
[State 0] Inst Executing 0x8007490
1 [State 0] uARCUS: hardware read pc 0x8007490 addr 0x40004414 size 0x4 original 0x0 new 0x0
[State 0]  pc:0x8007490 address:0x40004414 val:0x0 size:0x4 type:read
[State 0] Inst Executing 0x8007492
[State 0] Inst Executing 0x8007496
[State 0] Inst Executing 0x800749a
[State 0] Ex Block pc: 0x800749c lr:0x8008c29
[State 0] Inst Executing 0x800749c
[State 0] Ex Block pc: 0x80074a6 lr:0x8008c29
[State 0] Inst Executing 0x80074a6
[State 0] Ex Block pc: 0x80074a6 lr:0x8008c29
[State 0] Inst Executing 0x80074a6
1 [State 0] uARCUS: hardware read pc 0x80074a6 addr 0x40004400 size 0x4 original 0x0 new 0x4
[State 0]  pc:0x80074a6 address:0x40004400 val:0x4 size:0x4 type:read
[State 0] Inst Executing 0x80074a8
[State 0] Inst Executing 0x80074ac
[State 0] Ex Block pc: 0x80074ae lr:0x8008c29
[State 0] Inst Executing 0x80074ae
[State 0] Ex Block pc: 0x80074b8 lr:0x8008c29
[State 0] Inst Executing 0x80074b8
[State 0] Ex Block pc: 0x80074b8 lr:0x8008c29
[State 0] Inst Executing 0x80074b8
1 [State 0] uARCUS: hardware read pc 0x80074b8 addr 0x40004400 size 0x4 original 0x0 new 0x8
[State 0]  pc:0x80074b8 address:0x40004400 val:0x8 size:0x4 type:read
[State 0] Inst Executing 0x80074ba
[State 0] Inst Executing 0x80074be
[State 0] Ex Block pc: 0x80074c0 lr:0x8008c29
[State 0] Inst Executing 0x80074c0
[State 0] Ex Block pc: 0x80074ca lr:0x8008c29
[State 0] Inst Executing 0x80074ca
[State 0] Ex Block pc: 0x80074ca lr:0x8008c29
[State 0] Inst Executing 0x80074ca
1 [State 0] uARCUS: hardware read pc 0x80074ca addr 0x40004400 size 0x4 original 0x0 new 0x20
[State 0]  pc:0x80074ca address:0x40004400 val:0x20 size:0x4 type:read
[State 0] Inst Executing 0x80074cc
1 [State 0] uARCUS: hardware read pc 0x80074cc addr 0x4000440c size 0x4 original 0x0 new 0x20
[State 0]  pc:0x80074cc address:0x4000440c val:0x20 size:0x4 type:read
[State 0] Inst Executing 0x80074ce
[State 0] Inst Executing 0x80074d2
[State 0] Inst Executing 0x80074d6
[State 0] Ex Block pc: 0x80074d8 lr:0x8008c29
[State 0] Inst Executing 0x80074d8
[State 0] Ex Block pc: 0x8007506 lr:0x8008c29
[State 0] Inst Executing 0x8007506
[State 0] Inst Executing 0x8007508
[State 0] Ex Block pc: 0x80073b8 lr:0x800750d UART_Receive_IT
[State 0] Inst Executing 0x80073b8
[State 0]  pc:0x80073b8 address:0x20013fa8 val:0x20 size:0x4 type:write
[State 0]  pc:0x80073b8 address:0x20013fac val:0x800750d size:0x4 type:write
[State 0] Inst Executing 0x80073ba
[State 0]  pc:0x80073ba address:0x20000841 val:0x32 size:0x1 type:read
[State 0] Inst Executing 0x80073be
[State 0] Inst Executing 0x80073c0
[State 0] Inst Executing 0x80073c2
[State 0] Ex Block pc: 0x80073c4 lr:0x800750d
[State 0] Inst Executing 0x80073c4
[State 0] Inst Executing 0x80073c6
[State 0] Ex Block pc: 0x80073cc lr:0x800750d
[State 0] Inst Executing 0x80073cc
[State 0]  pc:0x80073cc address:0x20000810 val:0x0 size:0x4 type:read
[State 0] Inst Executing 0x80073ce
[State 0] Inst Executing 0x80073d2
[State 0] Ex Block pc: 0x80073d4 lr:0x800750d
[State 0] Inst Executing 0x80073d4
[State 0]  pc:0x80073d4 address:0x20000818 val:0x0 size:0x4 type:read
[State 0] Inst Executing 0x80073d6
[State 0] Inst Executing 0x80073d8
[State 0] Ex Block pc: 0x80073da lr:0x800750d
[State 0] Inst Executing 0x80073da
[State 0]  pc:0x80073da address:0x20000830 val:0x20000849 size:0x4 type:read
[State 0] Inst Executing 0x80073dc
[State 0] Inst Executing 0x80073de
[State 0]  pc:0x80073de address:0x20000830 val:0x2000084a size:0x4 type:write
[State 0] Inst Executing 0x80073e0
[State 0]  pc:0x80073e0 address:0x20000808 val:0x40004400 size:0x4 type:read
[State 0] Inst Executing 0x80073e2
[State 0] Ex Block pc: 0x80073e2 lr:0x800750d
[State 0] Inst Executing 0x80073e2
[State 0] user read pc 0x80073e2 addr 0x40004404 original 0x0 fuzzin 0x0 ptr 1
[State 0]  pc:0x80073e2 address:0x40004404 val:0x0 size:0x4 type:read
[State 0] Inst Executing 0x80073e4
[State 0]  pc:0x80073e4 address:0x20000849 val:0x0 size:0x1 type:write
[State 0] Inst Executing 0x80073e6
[State 0]  pc:0x80073e6 address:0x20000836 val:0x1 size:0x2 type:read
[State 0] Inst Executing 0x80073e8
[State 0] Inst Executing 0x80073ea
[State 0] Inst Executing 0x80073ec
[State 0]  pc:0x80073ec address:0x20000836 val:0x0 size:0x2 type:write
[State 0] Inst Executing 0x80073ee
[State 0] Inst Executing 0x80073f0
[State 0] Ex Block pc: 0x80073f2 lr:0x800750d
[State 0] Inst Executing 0x80073f2
[State 0]  pc:0x80073f2 address:0x20000808 val:0x40004400 size:0x4 type:read
[State 0] Inst Executing 0x80073f4
[State 0] Ex Block pc: 0x80073f4 lr:0x800750d
[State 0] Inst Executing 0x80073f4
1 [State 0] uARCUS: hardware read pc 0x80073f4 addr 0x4000440c size 0x4 original 0x0 new 0x0
[State 0]  pc:0x80073f4 address:0x4000440c val:0x0 size:0x4 type:read
[State 0] Inst Executing 0x80073f6
[State 0] Inst Executing 0x80073fa
[State 0]  pc:0x80073fa address:0x4000440c val:0x0 size:0x4 type:write
[State 0] Inst Executing 0x80073fc
[State 0]  pc:0x80073fc address:0x20000841 val:0x32 size:0x1 type:read
[State 0] Ex Block pc: 0x8007400 lr:0x800750d
[State 0] Inst Executing 0x8007400
[State 0] Inst Executing 0x8007402
[State 0] Inst Executing 0x8007404
[State 0] Ex Block pc: 0x8007462 lr:0x800750d
[State 0] Inst Executing 0x8007462
[State 0] Inst Executing 0x8007464
[State 0]  pc:0x8007464 address:0x20000841 val:0x12 size:0x1 type:write
[State 0] Inst Executing 0x8007468
[State 0] Ex Block pc: 0x8007420 lr:0x800750d
[State 0] Inst Executing 0x8007420
[State 0] Ex Block pc: 0x8008b50 lr:0x8007425 HAL_UART_RxCpltCallback
[State 0] Inst Executing 0x8008b50
[State 0]  pc:0x8008b50 address:0x20013fa0 val:0x12 size:0x4 type:write
[State 0]  pc:0x8008b50 address:0x20013fa4 val:0x8007425 size:0x4 type:write
[State 0] Inst Executing 0x8008b52
[State 0] Ex Block pc: 0x8008b2c lr:0x8008b57 uart_index
[State 0] Inst Executing 0x8008b2c
[State 0] Inst Executing 0x8008b2e
[State 0] Ex Block pc: 0x8008b30 lr:0x8008b57
[State 0] Inst Executing 0x8008b30
[State 0] Inst Executing 0x8008b32
[State 0] Inst Executing 0x8008b34
[State 0] Ex Block pc: 0x8008b36 lr:0x8008b57
[State 0] Inst Executing 0x8008b36
[State 0]  pc:0x8008b36 address:0x8008b4c val:0x200006d8 size:0x4 type:read
[State 0] Inst Executing 0x8008b38
[State 0]  pc:0x8008b38 address:0x200006d8 val:0x0 size:0x4 type:read
[State 0] Inst Executing 0x8008b3c
[State 0] Inst Executing 0x8008b3e
[State 0] Ex Block pc: 0x8008b40 lr:0x8008b57
[State 0] Inst Executing 0x8008b40
[State 0] Inst Executing 0x8008b42
[State 0] Inst Executing 0x8008b44
[State 0] Ex Block pc: 0x8008b32 lr:0x8008b57
[State 0] Inst Executing 0x8008b32
[State 0] Inst Executing 0x8008b34
[State 0] Ex Block pc: 0x8008b36 lr:0x8008b57
[State 0] Inst Executing 0x8008b36
[State 0]  pc:0x8008b36 address:0x8008b4c val:0x200006d8 size:0x4 type:read
[State 0] Inst Executing 0x8008b38
[State 0]  pc:0x8008b38 address:0x200006dc val:0x20000808 size:0x4 type:read
[State 0] Inst Executing 0x8008b3c
[State 0] Inst Executing 0x8008b3e
[State 0] Ex Block pc: 0x8008b4a lr:0x8008b57
[State 0] Inst Executing 0x8008b4a
[State 0] Ex Block pc: 0x8008b56 lr:0x8008b57
[State 0] Inst Executing 0x8008b56
[State 0] Inst Executing 0x8008b58
[State 0] Ex Block pc: 0x8008b5c lr:0x8008b57
[State 0] Inst Executing 0x8008b5c
[State 0]  pc:0x8008b5c address:0x8008b6c val:0x20000688 size:0x4 type:read
[State 0] Inst Executing 0x8008b5e
[State 0]  pc:0x8008b5e address:0x2000068c val:0x8009037 size:0x4 type:read
[State 0] Inst Executing 0x8008b62
[State 0]  pc:0x8008b62 address:0x8008b70 val:0x2000069c size:0x4 type:read
[State 0] Inst Executing 0x8008b64
[State 0]  pc:0x8008b64 address:0x200006a0 val:0x20000804 size:0x4 type:read
[State 0] Inst Executing 0x8008b68
[State 0] Ex Block pc: 0x8009036 lr:0x8008b6b HardwareSerial::_rx_complete_irq(serial_s*)
[State 0] Inst Executing 0x8009036
[State 0]  pc:0x8009036 address:0x20013f98 val:0x20000808 size:0x4 type:write
[State 0]  pc:0x8009036 address:0x20013f9c val:0x8008b6b size:0x4 type:write
[State 0] Inst Executing 0x8009038
[State 0] Inst Executing 0x800903a
[State 0] Inst Executing 0x800903c
[State 0] Inst Executing 0x8009040
[State 0] Ex Block pc: 0x8008a44 lr:0x8009045 uart_getc
[State 0] Inst Executing 0x8008a44
[State 0] Ex Block pc: 0x8008a46 lr:0x8009045
[State 0] Inst Executing 0x8008a46
[State 0]  pc:0x8008a46 address:0x20013f80 val:0x8009037 size:0x4 type:write
[State 0]  pc:0x8008a46 address:0x20013f84 val:0x20000804 size:0x4 type:write
[State 0]  pc:0x8008a46 address:0x20013f88 val:0x0 size:0x4 type:write
[State 0]  pc:0x8008a46 address:0x20013f8c val:0x8009045 size:0x4 type:write
[State 0] Inst Executing 0x8008a48
[State 0] Inst Executing 0x8008a4a
[State 0] Inst Executing 0x8008a4c
[State 0] Ex Block pc: 0x80089fc lr:0x8008a51 serial_rx_active
[State 0] Inst Executing 0x80089fc
[State 0]  pc:0x80089fc address:0x20013f78 val:0x8009037 size:0x4 type:write
[State 0]  pc:0x80089fc address:0x20013f7c val:0x8008a51 size:0x4 type:write
[State 0] Inst Executing 0x80089fe
[State 0]  pc:0x80089fe address:0x20000848 val:0x1 size:0x1 type:read
[State 0] Inst Executing 0x8008a02
[State 0]  pc:0x8008a02 address:0x8008a1c val:0x200006d8 size:0x4 type:read
[State 0] Inst Executing 0x8008a04
[State 0]  pc:0x8008a04 address:0x200006dc val:0x20000808 size:0x4 type:read
[State 0] Inst Executing 0x8008a08
[State 0] Ex Block pc: 0x8007538 lr:0x8008a0d HAL_UART_GetState
[State 0] Inst Executing 0x8007538
[State 0]  pc:0x8007538 address:0x20000841 val:0x12 size:0x1 type:read
[State 0] Inst Executing 0x800753c
[State 0] Ex Block pc: 0x8008a0c lr:0x8008a0d
[State 0] Inst Executing 0x8008a0c
[State 0] Inst Executing 0x8008a10
[State 0] Inst Executing 0x8008a12
[State 0] Inst Executing 0x8008a14
[State 0] Inst Executing 0x8008a16
[State 0] Inst Executing 0x8008a18
[State 0]  pc:0x8008a18 address:0x20013f78 val:0x8009037 size:0x4 type:read
[State 0]  pc:0x8008a18 address:0x20013f7c val:0x8008a51 size:0x4 type:read
[State 0] Ex Block pc: 0x8008a50 lr:0x8008a0d
[State 0] Inst Executing 0x8008a50
[State 0] Ex Block pc: 0x8008a52 lr:0x8008a0d
[State 0] Inst Executing 0x8008a52
[State 0]  pc:0x8008a52 address:0x20000849 val:0x0 size:0x1 type:read
[State 0] Inst Executing 0x8008a56
[State 0]  pc:0x8008a56 address:0x20013f97 val:0x0 size:0x1 type:write
[State 0] Inst Executing 0x8008a58
[State 0]  pc:0x8008a58 address:0x20000848 val:0x1 size:0x1 type:read
[State 0] Inst Executing 0x8008a5c
[State 0] Inst Executing 0x8008a5e
[State 0] Inst Executing 0x8008a62
[State 0]  pc:0x8008a62 address:0x8008a7c val:0x200006d8 size:0x4 type:read
[State 0] Inst Executing 0x8008a64
[State 0]  pc:0x8008a64 address:0x200006dc val:0x20000808 size:0x4 type:read
[State 0] Inst Executing 0x8008a68
[State 0] Ex Block pc: 0x8007312 lr:0x8008a6d HAL_UART_Receive_IT
[State 0] Inst Executing 0x8007312
[State 0]  pc:0x8007312 address:0x20000841 val:0x12 size:0x1 type:read
[State 0] Inst Executing 0x8007316
[State 0] Inst Executing 0x8007318
[State 0] Inst Executing 0x800731a
[State 0] Ex Block pc: 0x800731c lr:0x8008a6d
[State 0] Inst Executing 0x800731c
[State 0] Inst Executing 0x800731e
[State 0] Ex Block pc: 0x8007324 lr:0x8008a6d
[State 0] Inst Executing 0x8007324
[State 0] Ex Block pc: 0x8007326 lr:0x8008a6d
[State 0] Inst Executing 0x8007326
[State 0] Ex Block pc: 0x8007328 lr:0x8008a6d
[State 0] Inst Executing 0x8007328
[State 0]  pc:0x8007328 address:0x20000840 val:0x0 size:0x1 type:read
[State 0] Inst Executing 0x800732c
[State 0] Inst Executing 0x800732e
[State 0] Ex Block pc: 0x8007330 lr:0x8008a6d
[State 0] Inst Executing 0x8007330
[State 0] Inst Executing 0x8007332
[State 0]  pc:0x8007332 address:0x20000840 val:0x1 size:0x1 type:write
[State 0] Inst Executing 0x8007336
[State 0]  pc:0x8007336 address:0x20000830 val:0x20000849 size:0x4 type:write
[State 0] Inst Executing 0x8007338
[State 0]  pc:0x8007338 address:0x20000834 val:0x1 size:0x2 type:write
[State 0] Inst Executing 0x800733a
[State 0]  pc:0x800733a address:0x20000836 val:0x1 size:0x2 type:write
[State 0] Inst Executing 0x800733c
[State 0] Inst Executing 0x800733e
[State 0]  pc:0x800733e address:0x20000844 val:0x0 size:0x4 type:write
[State 0] Inst Executing 0x8007340
[State 0]  pc:0x8007340 address:0x20000841 val:0x12 size:0x1 type:read
[State 0] Inst Executing 0x8007344
[State 0] Inst Executing 0x8007346
[State 0] Inst Executing 0x8007348
[State 0] Ex Block pc: 0x8007378 lr:0x8008a6d
[State 0] Inst Executing 0x8007378
[State 0] Inst Executing 0x800737a
[State 0]  pc:0x800737a address:0x20000841 val:0x32 size:0x1 type:write
[State 0] Inst Executing 0x800737e
[State 0] Ex Block pc: 0x8007350 lr:0x8008a6d
[State 0] Inst Executing 0x8007350
[State 0] Inst Executing 0x8007352
[State 0]  pc:0x8007352 address:0x20000840 val:0x0 size:0x1 type:write
[State 0] Inst Executing 0x8007356
[State 0]  pc:0x8007356 address:0x20000808 val:0x40004400 size:0x4 type:read
[State 0] Inst Executing 0x8007358
[State 0] Ex Block pc: 0x8007358 lr:0x8008a6d
[State 0] Inst Executing 0x8007358
1 [State 0] uARCUS: hardware read pc 0x8007358 addr 0x4000440c size 0x4 original 0x0 new 0x0
[State 0]  pc:0x8007358 address:0x4000440c val:0x0 size:0x4 type:read
[State 0] Inst Executing 0x800735a
[State 0] Inst Executing 0x800735e
[State 0]  pc:0x800735e address:0x4000440c val:0x100 size:0x4 type:write
[State 0] Inst Executing 0x8007360
[State 0]  pc:0x8007360 address:0x20000808 val:0x40004400 size:0x4 type:read
[State 0] Inst Executing 0x8007362
1 [State 0] uARCUS: hardware read pc 0x8007362 addr 0x40004414 size 0x4 original 0x0 new 0x0
[State 0]  pc:0x8007362 address:0x40004414 val:0x0 size:0x4 type:read
[State 0] Inst Executing 0x8007364
[State 0] Inst Executing 0x8007368
[State 0]  pc:0x8007368 address:0x40004414 val:0x1 size:0x4 type:write
[State 0] Inst Executing 0x800736a
[State 0]  pc:0x800736a address:0x20000808 val:0x40004400 size:0x4 type:read
[State 0] Inst Executing 0x800736c
1 [State 0] uARCUS: hardware read pc 0x800736c addr 0x4000440c size 0x4 original 0x0 new 0x0
[State 0]  pc:0x800736c address:0x4000440c val:0x0 size:0x4 type:read
[State 0] Inst Executing 0x800736e
[State 0] Inst Executing 0x8007372
[State 0]  pc:0x8007372 address:0x4000440c val:0x20 size:0x4 type:write
[State 0] Inst Executing 0x8007374
[State 0] Inst Executing 0x8007376
[State 0] Ex Block pc: 0x8008a6c lr:0x8008a6d
[State 0] Inst Executing 0x8008a6c
[State 0] Inst Executing 0x8008a6e
[State 0]  pc:0x8008a6e address:0x20013f80 val:0x8009037 size:0x4 type:read
[State 0]  pc:0x8008a6e address:0x20013f84 val:0x20000804 size:0x4 type:read
[State 0]  pc:0x8008a6e address:0x20013f88 val:0x0 size:0x4 type:read
[State 0]  pc:0x8008a6e address:0x20013f8c val:0x8009045 size:0x4 type:read
[State 0] Ex Block pc: 0x8009044 lr:0x8008a6d
[State 0] Inst Executing 0x8009044
[State 0] Ex Block pc: 0x8009046 lr:0x8008a6d
[State 0] Inst Executing 0x8009046
[State 0]  pc:0x8009046 address:0x20000864 val:0x1 size:0x2 type:read
[State 0] Inst Executing 0x800904a
[State 0] Inst Executing 0x800904c
[State 0] Inst Executing 0x800904e
[State 0] Inst Executing 0x8009052
[State 0]  pc:0x8009052 address:0x20000866 val:0x1 size:0x2 type:read
[State 0] Inst Executing 0x8009056
[State 0] Inst Executing 0x8009058
[State 0] Ex Block pc: 0x800905a lr:0x8008a6d
[State 0] Inst Executing 0x800905a
[State 0]  pc:0x800905a address:0x20000860 val:0x20000741 size:0x4 type:read
[State 0] Inst Executing 0x800905c
[State 0]  pc:0x800905c address:0x20000864 val:0x1 size:0x2 type:read
[State 0] Inst Executing 0x8009060
[State 0] Inst Executing 0x8009062
[State 0]  pc:0x8009062 address:0x20013f97 val:0x0 size:0x1 type:read
[State 0] Inst Executing 0x8009066
[State 0]  pc:0x8009066 address:0x20000742 val:0x0 size:0x1 type:write
[State 0] Inst Executing 0x8009068
[State 0] Inst Executing 0x800906a
[State 0]  pc:0x800906a address:0x20000864 val:0x2 size:0x2 type:write
[State 0] Inst Executing 0x800906e
[State 0] Inst Executing 0x8009070
[State 0]  pc:0x8009070 address:0x20013f98 val:0x20000808 size:0x4 type:read
[State 0]  pc:0x8009070 address:0x20013f9c val:0x8008b6b size:0x4 type:read
[State 0] Ex Block pc: 0x8008b6a lr:0x8008a6d
[State 0] Inst Executing 0x8008b6a
[State 0] Ex Block pc: 0x8008b5a lr:0x8008a6d
[State 0] Inst Executing 0x8008b5a
[State 0]  pc:0x8008b5a address:0x20013fa0 val:0x12 size:0x4 type:read
[State 0]  pc:0x8008b5a address:0x20013fa4 val:0x8007425 size:0x4 type:read
[State 0] Ex Block pc: 0x8007424 lr:0x8008a6d
[State 0] Inst Executing 0x8007424
[State 0] Inst Executing 0x8007426
[State 0]  pc:0x8007426 address:0x20013fa8 val:0x20 size:0x4 type:read
[State 0]  pc:0x8007426 address:0x20013fac val:0x800750d size:0x4 type:read
[State 0] Ex Block pc: 0x800750c lr:0x8008a6d
[State 0] Inst Executing 0x800750c
[State 0] Ex Block pc: 0x80074da lr:0x8008a6d
[State 0] Inst Executing 0x80074da
[State 0]  pc:0x80074da address:0x20000808 val:0x40004400 size:0x4 type:read
[State 0] Inst Executing 0x80074dc
[State 0] Ex Block pc: 0x80074dc lr:0x8008a6d
[State 0] Inst Executing 0x80074dc
1 [State 0] uARCUS: hardware read pc 0x80074dc addr 0x40004400 size 0x4 original 0x0 new 0x0
[State 0]  pc:0x80074dc address:0x40004400 val:0x0 size:0x4 type:read
[State 0] Inst Executing 0x80074de
1 [State 0] uARCUS: hardware read pc 0x80074de addr 0x4000440c size 0x4 original 0x0 new 0x0
[State 0]  pc:0x80074de address:0x4000440c val:0x0 size:0x4 type:read
[State 0] Inst Executing 0x80074e0
[State 0] Inst Executing 0x80074e4
[State 0] Inst Executing 0x80074e8
[State 0] Ex Block pc: 0x80074ec lr:0x8008a6d
[State 0] Inst Executing 0x80074ec
[State 0]  pc:0x80074ec address:0x20000808 val:0x40004400 size:0x4 type:read
[State 0] Inst Executing 0x80074ee
[State 0] Ex Block pc: 0x80074ee lr:0x8008a6d
[State 0] Inst Executing 0x80074ee
1 [State 0] uARCUS: hardware read pc 0x80074ee addr 0x40004400 size 0x4 original 0x0 new 0x0
[State 0]  pc:0x80074ee address:0x40004400 val:0x0 size:0x4 type:read
[State 0] Inst Executing 0x80074f0
1 [State 0] uARCUS: hardware read pc 0x80074f0 addr 0x4000440c size 0x4 original 0x0 new 0x0
[State 0]  pc:0x80074f0 address:0x4000440c val:0x0 size:0x4 type:read
[State 0] Inst Executing 0x80074f2
[State 0] Inst Executing 0x80074f6
[State 0] Inst Executing 0x80074fa
[State 0] Ex Block pc: 0x80074fe lr:0x8008a6d
[State 0] Inst Executing 0x80074fe
[State 0]  pc:0x80074fe address:0x20000844 val:0x0 size:0x4 type:read
[State 0] Inst Executing 0x8007500
[State 0] Ex Block pc: 0x8007502 lr:0x8008a6d
[State 0] Inst Executing 0x8007502
[State 0] Inst Executing 0x8007504
[State 0]  pc:0x8007504 address:0x20013fb8 val:0x0 size:0x4 type:read
[State 0]  pc:0x8007504 address:0x20013fbc val:0x8008c29 size:0x4 type:read
[State 0] Ex Block pc: 0x8008c28 lr:0x8008a6d
[State 0] Inst Executing 0x8008c28
[State 0]  pc:0x8008c28 address:0x20013fc0 val:0x0 size:0x4 type:read
[State 0]  pc:0x8008c28 address:0x20013fc4 val:0xfffffff9 size:0x4 type:read
[State 0] onException pc: 0xfffffff8 vec: 54
1 [State 0] uARCUS: onException exit, irq_no: 54
[State 0] Ex Block pc: 0x800369c lr:0x8002ad7 firmata::FirmataClass::available()
[State 0] Inst Executing 0x800369c
[State 0]  pc:0x800369c address:0x20013fe0 val:0x0 size:0x4 type:write
[State 0]  pc:0x800369c address:0x20013fe4 val:0x8002ad7 size:0x4 type:write
[State 0] Inst Executing 0x800369e
[State 0]  pc:0x800369e address:0x20000490 val:0x20000730 size:0x4 type:read
[State 0] Inst Executing 0x80036a2
[State 0]  pc:0x80036a2 address:0x20000730 val:0x800afd0 size:0x4 type:read
[State 0] Inst Executing 0x80036a4
[State 0]  pc:0x80036a4 address:0x800afd8 val:0x8008fcb size:0x4 type:read
[State 0] Inst Executing 0x80036a6
[State 0] Ex Block pc: 0x8008fca lr:0x80036a9 HardwareSerial::available()
[State 0] Inst Executing 0x8008fca
[State 0]  pc:0x8008fca address:0x20000864 val:0x2 size:0x2 type:read
[State 0] Inst Executing 0x8008fce
[State 0] Inst Executing 0x8008fd0
[State 0] Inst Executing 0x8008fd2
[State 0]  pc:0x8008fd2 address:0x20000866 val:0x1 size:0x2 type:read
[State 0] Inst Executing 0x8008fd6
[State 0] Inst Executing 0x8008fd8
[State 0] Inst Executing 0x8008fdc
[State 0] Ex Block pc: 0x80036a8 lr:0x80036a9
[State 0] Inst Executing 0x80036a8
[State 0]  pc:0x80036a8 address:0x20013fe0 val:0x0 size:0x4 type:read
[State 0]  pc:0x80036a8 address:0x20013fe4 val:0x8002ad7 size:0x4 type:read
[State 0] Ex Block pc: 0x8002ad6 lr:0x80036a9
[State 0] Inst Executing 0x8002ad6
[State 0] Ex Block pc: 0x8002ad8 lr:0x80036a9
[State 0] Inst Executing 0x8002ad8
[State 0]  pc:0x8002ad8 address:0x8002bb4 val:0x200003d0 size:0x4 type:read
[State 0] Inst Executing 0x8002ada
[State 0] Ex Block pc: 0x80036aa lr:0x8002adf firmata::FirmataClass::processInput()
[State 0] Inst Executing 0x80036aa
[State 0]  pc:0x80036aa address:0x20013fe0 val:0x0 size:0x4 type:write
[State 0]  pc:0x80036aa address:0x20013fe4 val:0x8002adf size:0x4 type:write
[State 0] Inst Executing 0x80036ac
[State 0] Inst Executing 0x80036ae
[State 0]  pc:0x80036ae address:0x20000490 val:0x20000730 size:0x4 type:read
[State 0] Inst Executing 0x80036b2
[State 0]  pc:0x80036b2 address:0x20000730 val:0x800afd0 size:0x4 type:read
[State 0] Inst Executing 0x80036b4
[State 0]  pc:0x80036b4 address:0x800afdc val:0x8008ffb size:0x4 type:read
[State 0] Inst Executing 0x80036b6
[State 0] Ex Block pc: 0x8008ffa lr:0x80036b9 HardwareSerial::read()
[State 0] Inst Executing 0x8008ffa
[State 0]  pc:0x8008ffa address:0x20000864 val:0x2 size:0x2 type:read
[State 0] Inst Executing 0x8008ffe
[State 0] Ex Block pc: 0x8009000 lr:0x80036b9
[State 0] Inst Executing 0x8009000
[State 0]  pc:0x8009000 address:0x20000866 val:0x1 size:0x2 type:read
[State 0] Inst Executing 0x8009004
[State 0] Inst Executing 0x8009006
[State 0] Ex Block pc: 0x8009008 lr:0x80036b9
[State 0] Inst Executing 0x8009008
[State 0]  pc:0x8009008 address:0x20000860 val:0x20000741 size:0x4 type:read
[State 0] Inst Executing 0x800900c
[State 0]  pc:0x800900c address:0x20000742 val:0x0 size:0x1 type:read
[State 0] Inst Executing 0x800900e
[State 0] Inst Executing 0x8009010
[State 0] Inst Executing 0x8009014
[State 0]  pc:0x8009014 address:0x20000866 val:0x2 size:0x2 type:write
[State 0] Inst Executing 0x8009018
[State 0] Inst Executing 0x800901a
[State 0] Ex Block pc: 0x80036b8 lr:0x80036b9
[State 0] Inst Executing 0x80036b8
[State 0] Inst Executing 0x80036bc
[State 0] Ex Block pc: 0x80036be lr:0x80036b9
[State 0] Inst Executing 0x80036be
[State 0] Inst Executing 0x80036c0
[State 0] Inst Executing 0x80036c4
[State 0] Ex Block pc: 0x8003c50 lr:0x80036c9 firmata::FirmataParser::parse(unsigned
[State 0] Inst Executing 0x8003c50
[State 0]  pc:0x8003c50 address:0x20013fd8 val:0x200003d0 size:0x4 type:write
[State 0]  pc:0x8003c50 address:0x20013fdc val:0x80036c9 size:0x4 type:write
[State 0] Inst Executing 0x8003c52
[State 0] Inst Executing 0x8003c54
[State 0]  pc:0x8003c54 address:0x20000428 val:0x0 size:0x1 type:read
[State 0] Inst Executing 0x8003c56
[State 0] Ex Block pc: 0x8003c74 lr:0x80036c9
[State 0] Inst Executing 0x8003c74
[State 0]  pc:0x8003c74 address:0x20000424 val:0x0 size:0x4 type:read
[State 0] Inst Executing 0x8003c76
[State 0] Ex Block pc: 0x8003c7c lr:0x80036c9
[State 0] Inst Executing 0x8003c7c
[State 0] Inst Executing 0x8003c7e
[State 0] Ex Block pc: 0x8003c80 lr:0x80036c9
[State 0] Inst Executing 0x8003c80
[State 0] Inst Executing 0x8003c84
[State 0]  pc:0x8003c84 address:0x20000421 val:0x0 size:0x1 type:write
[State 0] Inst Executing 0x8003c86
[State 0] Inst Executing 0x8003c8a
[State 0] Inst Executing 0x8003c8c
[State 0] Ex Block pc: 0x8003c8e lr:0x80036c9
[State 0] Inst Executing 0x8003c8e
[State 0] Ex Block pc: 0x8003d4e lr:0x80036c9
[State 0] Inst Executing 0x8003d4e
[State 0] Inst Executing 0x8003d50
[State 0] Ex Block pc: 0x8003d52 lr:0x80036c9
[State 0] Inst Executing 0x8003d52
[State 0] Ex Block pc: 0x8003d5e lr:0x80036c9
[State 0] Inst Executing 0x8003d5e
[State 0] Inst Executing 0x8003d60
[State 0] Ex Block pc: 0x8003d6a lr:0x80036c9
[State 0] Inst Executing 0x8003d6a
[State 0]  pc:0x8003d6a address:0x20013fd8 val:0x200003d0 size:0x4 type:read
[State 0]  pc:0x8003d6a address:0x20013fdc val:0x80036c9 size:0x4 type:read
[State 0] Ex Block pc: 0x80036c8 lr:0x80036c9
[State 0] Inst Executing 0x80036c8
[State 0]  pc:0x80036c8 address:0x20013fe0 val:0x0 size:0x4 type:read
[State 0]  pc:0x80036c8 address:0x20013fe4 val:0x8002adf size:0x4 type:read
[State 0] Ex Block pc: 0x8002ade lr:0x80036c9
[State 0] Inst Executing 0x8002ade
[State 0] Ex Block pc: 0x8002ad0 lr:0x80036c9
[State 0] Inst Executing 0x8002ad0
1 [State 0] uARCUS: External Interrupt:38
1 [State 0] uARCUS: test interrupt_flag 0 request:0 halted: 0 excp_idx: -1
orig vec_enabled: 1
[State 0]  pc:0x8002ad0 address:0x8002bb4 val:0x200003d0 size:0x4 type:read
[State 0] Inst Executing 0x8002ad2
[State 0] onException pc: 0x800369c vec: 0
[State 0] Ex Block pc: 0x8008c18 lr:0xfffffff9 USART2_IRQHandler
[State 0] Inst Executing 0x8008c18
[State 0]  pc:0x8008c18 address:0x20013fc0 val:0x0 size:0x4 type:write
[State 0]  pc:0x8008c18 address:0x20013fc4 val:0xfffffff9 size:0x4 type:write
[State 0] Inst Executing 0x8008c1a
[State 0] Inst Executing 0x8008c1c
[State 0] Ex Block pc: 0x80046bc lr:0x8008c21 HAL_NVIC_ClearPendingIRQ
[State 0] Inst Executing 0x80046bc
[State 0] Inst Executing 0x80046be
[State 0] Ex Block pc: 0x80046c0 lr:0x8008c21
[State 0] Inst Executing 0x80046c0
[State 0] Inst Executing 0x80046c2
[State 0] Inst Executing 0x80046c6
[State 0] Inst Executing 0x80046c8
[State 0] Inst Executing 0x80046cc
[State 0] Inst Executing 0x80046ce
[State 0]  pc:0x80046ce address:0x80046d8 val:0xe000e100 size:0x4 type:read
[State 0] Inst Executing 0x80046d0
[State 0]  pc:0x80046d0 address:0xe000e284 val:0x40 size:0x4 type:write
[State 0] Inst Executing 0x80046d4
[State 0] Ex Block pc: 0x8008c20 lr:0x8008c21
[State 0] Inst Executing 0x8008c20
[State 0]  pc:0x8008c20 address:0x8008c2c val:0x200006d8 size:0x4 type:read
[State 0] Inst Executing 0x8008c22
[State 0]  pc:0x8008c22 address:0x200006dc val:0x20000808 size:0x4 type:read
[State 0] Inst Executing 0x8008c24
[State 0] Ex Block pc: 0x800746e lr:0x8008c29 HAL_UART_IRQHandler
[State 0] Inst Executing 0x800746e
[State 0]  pc:0x800746e address:0x20013fb8 val:0x0 size:0x4 type:write
[State 0]  pc:0x800746e address:0x20013fbc val:0x8008c29 size:0x4 type:write
[State 0] Inst Executing 0x8007470
[State 0] Inst Executing 0x8007472
[State 0] Inst Executing 0x8007474
[State 0]  pc:0x8007474 address:0x20000808 val:0x40004400 size:0x4 type:read
[State 0] Inst Executing 0x8007476
[State 0] Ex Block pc: 0x8007476 lr:0x8008c29
[State 0] Inst Executing 0x8007476
1 [State 0] uARCUS: hardware read pc 0x8007476 addr 0x40004400 size 0x4 original 0x0 new 0x1
[State 0]  pc:0x8007476 address:0x40004400 val:0x1 size:0x4 type:read
[State 0] Inst Executing 0x8007478
1 [State 0] uARCUS: hardware read pc 0x8007478 addr 0x4000440c size 0x4 original 0x0 new 0x0
[State 0]  pc:0x8007478 address:0x4000440c val:0x0 size:0x4 type:read
[State 0] Inst Executing 0x800747a
[State 0] Inst Executing 0x800747e
[State 0] Ex Block pc: 0x8007480 lr:0x8008c29
[State 0] Inst Executing 0x8007480
[State 0] Inst Executing 0x8007484
[State 0] Ex Block pc: 0x800748e lr:0x8008c29
[State 0] Inst Executing 0x800748e
[State 0] Ex Block pc: 0x800748e lr:0x8008c29
[State 0] Inst Executing 0x800748e
1 [State 0] uARCUS: hardware read pc 0x800748e addr 0x40004400 size 0x4 original 0x0 new 0x2
[State 0]  pc:0x800748e address:0x40004400 val:0x2 size:0x4 type:read
[State 0] Inst Executing 0x8007490
1 [State 0] uARCUS: hardware read pc 0x8007490 addr 0x40004414 size 0x4 original 0x0 new 0x0
[State 0]  pc:0x8007490 address:0x40004414 val:0x0 size:0x4 type:read
[State 0] Inst Executing 0x8007492
[State 0] Inst Executing 0x8007496
[State 0] Inst Executing 0x800749a
[State 0] Ex Block pc: 0x800749c lr:0x8008c29
[State 0] Inst Executing 0x800749c
[State 0] Ex Block pc: 0x80074a6 lr:0x8008c29
[State 0] Inst Executing 0x80074a6
[State 0] Ex Block pc: 0x80074a6 lr:0x8008c29
[State 0] Inst Executing 0x80074a6
1 [State 0] uARCUS: hardware read pc 0x80074a6 addr 0x40004400 size 0x4 original 0x0 new 0x4
[State 0]  pc:0x80074a6 address:0x40004400 val:0x4 size:0x4 type:read
[State 0] Inst Executing 0x80074a8
[State 0] Inst Executing 0x80074ac
[State 0] Ex Block pc: 0x80074ae lr:0x8008c29
[State 0] Inst Executing 0x80074ae
[State 0] Ex Block pc: 0x80074b8 lr:0x8008c29
[State 0] Inst Executing 0x80074b8
[State 0] Ex Block pc: 0x80074b8 lr:0x8008c29
[State 0] Inst Executing 0x80074b8
1 [State 0] uARCUS: hardware read pc 0x80074b8 addr 0x40004400 size 0x4 original 0x0 new 0x8
[State 0]  pc:0x80074b8 address:0x40004400 val:0x8 size:0x4 type:read
[State 0] Inst Executing 0x80074ba
[State 0] Inst Executing 0x80074be
[State 0] Ex Block pc: 0x80074c0 lr:0x8008c29
[State 0] Inst Executing 0x80074c0
[State 0] Ex Block pc: 0x80074ca lr:0x8008c29
[State 0] Inst Executing 0x80074ca
[State 0] Ex Block pc: 0x80074ca lr:0x8008c29
[State 0] Inst Executing 0x80074ca
1 [State 0] uARCUS: hardware read pc 0x80074ca addr 0x40004400 size 0x4 original 0x0 new 0x20
[State 0]  pc:0x80074ca address:0x40004400 val:0x20 size:0x4 type:read
[State 0] Inst Executing 0x80074cc
1 [State 0] uARCUS: hardware read pc 0x80074cc addr 0x4000440c size 0x4 original 0x0 new 0x20
[State 0]  pc:0x80074cc address:0x4000440c val:0x20 size:0x4 type:read
[State 0] Inst Executing 0x80074ce
[State 0] Inst Executing 0x80074d2
[State 0] Inst Executing 0x80074d6
[State 0] Ex Block pc: 0x80074d8 lr:0x8008c29
[State 0] Inst Executing 0x80074d8
[State 0] Ex Block pc: 0x8007506 lr:0x8008c29
[State 0] Inst Executing 0x8007506
[State 0] Inst Executing 0x8007508
[State 0] Ex Block pc: 0x80073b8 lr:0x800750d UART_Receive_IT
[State 0] Inst Executing 0x80073b8
[State 0]  pc:0x80073b8 address:0x20013fa8 val:0x20 size:0x4 type:write
[State 0]  pc:0x80073b8 address:0x20013fac val:0x800750d size:0x4 type:write
[State 0] Inst Executing 0x80073ba
[State 0]  pc:0x80073ba address:0x20000841 val:0x32 size:0x1 type:read
[State 0] Inst Executing 0x80073be
[State 0] Inst Executing 0x80073c0
[State 0] Inst Executing 0x80073c2
[State 0] Ex Block pc: 0x80073c4 lr:0x800750d
[State 0] Inst Executing 0x80073c4
[State 0] Inst Executing 0x80073c6
[State 0] Ex Block pc: 0x80073cc lr:0x800750d
[State 0] Inst Executing 0x80073cc
[State 0]  pc:0x80073cc address:0x20000810 val:0x0 size:0x4 type:read
[State 0] Inst Executing 0x80073ce
[State 0] Inst Executing 0x80073d2
[State 0] Ex Block pc: 0x80073d4 lr:0x800750d
[State 0] Inst Executing 0x80073d4
[State 0]  pc:0x80073d4 address:0x20000818 val:0x0 size:0x4 type:read
[State 0] Inst Executing 0x80073d6
[State 0] Inst Executing 0x80073d8
[State 0] Ex Block pc: 0x80073da lr:0x800750d
[State 0] Inst Executing 0x80073da
[State 0]  pc:0x80073da address:0x20000830 val:0x20000849 size:0x4 type:read
[State 0] Inst Executing 0x80073dc
[State 0] Inst Executing 0x80073de
[State 0]  pc:0x80073de address:0x20000830 val:0x2000084a size:0x4 type:write
[State 0] Inst Executing 0x80073e0
[State 0]  pc:0x80073e0 address:0x20000808 val:0x40004400 size:0x4 type:read
[State 0] Inst Executing 0x80073e2
[State 0] Ex Block pc: 0x80073e2 lr:0x800750d
[State 0] Inst Executing 0x80073e2
[State 0] user read pc 0x80073e2 addr 0x40004404 original 0x0 fuzzin 0x0 ptr 2
[State 0]  pc:0x80073e2 address:0x40004404 val:0x0 size:0x4 type:read
[State 0] Inst Executing 0x80073e4
[State 0]  pc:0x80073e4 address:0x20000849 val:0x0 size:0x1 type:write
[State 0] Inst Executing 0x80073e6
[State 0]  pc:0x80073e6 address:0x20000836 val:0x1 size:0x2 type:read
[State 0] Inst Executing 0x80073e8
[State 0] Inst Executing 0x80073ea
[State 0] Inst Executing 0x80073ec
[State 0]  pc:0x80073ec address:0x20000836 val:0x0 size:0x2 type:write
[State 0] Inst Executing 0x80073ee
[State 0] Inst Executing 0x80073f0
[State 0] Ex Block pc: 0x80073f2 lr:0x800750d
[State 0] Inst Executing 0x80073f2
[State 0]  pc:0x80073f2 address:0x20000808 val:0x40004400 size:0x4 type:read
[State 0] Inst Executing 0x80073f4
[State 0] Ex Block pc: 0x80073f4 lr:0x800750d
[State 0] Inst Executing 0x80073f4
1 [State 0] uARCUS: hardware read pc 0x80073f4 addr 0x4000440c size 0x4 original 0x0 new 0x0
[State 0]  pc:0x80073f4 address:0x4000440c val:0x0 size:0x4 type:read
[State 0] Inst Executing 0x80073f6
[State 0] Inst Executing 0x80073fa
[State 0]  pc:0x80073fa address:0x4000440c val:0x0 size:0x4 type:write
[State 0] Inst Executing 0x80073fc
[State 0]  pc:0x80073fc address:0x20000841 val:0x32 size:0x1 type:read
[State 0] Ex Block pc: 0x8007400 lr:0x800750d
[State 0] Inst Executing 0x8007400
[State 0] Inst Executing 0x8007402
[State 0] Inst Executing 0x8007404
[State 0] Ex Block pc: 0x8007462 lr:0x800750d
[State 0] Inst Executing 0x8007462
[State 0] Inst Executing 0x8007464
[State 0]  pc:0x8007464 address:0x20000841 val:0x12 size:0x1 type:write
[State 0] Inst Executing 0x8007468
[State 0] Ex Block pc: 0x8007420 lr:0x800750d
[State 0] Inst Executing 0x8007420
[State 0] Ex Block pc: 0x8008b50 lr:0x8007425 HAL_UART_RxCpltCallback
[State 0] Inst Executing 0x8008b50
[State 0]  pc:0x8008b50 address:0x20013fa0 val:0x12 size:0x4 type:write
[State 0]  pc:0x8008b50 address:0x20013fa4 val:0x8007425 size:0x4 type:write
[State 0] Inst Executing 0x8008b52
[State 0] Ex Block pc: 0x8008b2c lr:0x8008b57 uart_index
[State 0] Inst Executing 0x8008b2c
[State 0] Inst Executing 0x8008b2e
[State 0] Ex Block pc: 0x8008b30 lr:0x8008b57
[State 0] Inst Executing 0x8008b30
[State 0] Inst Executing 0x8008b32
[State 0] Inst Executing 0x8008b34
[State 0] Ex Block pc: 0x8008b36 lr:0x8008b57
[State 0] Inst Executing 0x8008b36
[State 0]  pc:0x8008b36 address:0x8008b4c val:0x200006d8 size:0x4 type:read
[State 0] Inst Executing 0x8008b38
[State 0]  pc:0x8008b38 address:0x200006d8 val:0x0 size:0x4 type:read
[State 0] Inst Executing 0x8008b3c
[State 0] Inst Executing 0x8008b3e
[State 0] Ex Block pc: 0x8008b40 lr:0x8008b57
[State 0] Inst Executing 0x8008b40
[State 0] Inst Executing 0x8008b42
[State 0] Inst Executing 0x8008b44
[State 0] Ex Block pc: 0x8008b32 lr:0x8008b57
[State 0] Inst Executing 0x8008b32
[State 0] Inst Executing 0x8008b34
[State 0] Ex Block pc: 0x8008b36 lr:0x8008b57
[State 0] Inst Executing 0x8008b36
[State 0]  pc:0x8008b36 address:0x8008b4c val:0x200006d8 size:0x4 type:read
[State 0] Inst Executing 0x8008b38
[State 0]  pc:0x8008b38 address:0x200006dc val:0x20000808 size:0x4 type:read
[State 0] Inst Executing 0x8008b3c
[State 0] Inst Executing 0x8008b3e
[State 0] Ex Block pc: 0x8008b4a lr:0x8008b57
[State 0] Inst Executing 0x8008b4a
[State 0] Ex Block pc: 0x8008b56 lr:0x8008b57
[State 0] Inst Executing 0x8008b56
[State 0] Inst Executing 0x8008b58
[State 0] Ex Block pc: 0x8008b5c lr:0x8008b57
[State 0] Inst Executing 0x8008b5c
[State 0]  pc:0x8008b5c address:0x8008b6c val:0x20000688 size:0x4 type:read
[State 0] Inst Executing 0x8008b5e
[State 0]  pc:0x8008b5e address:0x2000068c val:0x8009037 size:0x4 type:read
[State 0] Inst Executing 0x8008b62
[State 0]  pc:0x8008b62 address:0x8008b70 val:0x2000069c size:0x4 type:read
[State 0] Inst Executing 0x8008b64
[State 0]  pc:0x8008b64 address:0x200006a0 val:0x20000804 size:0x4 type:read
[State 0] Inst Executing 0x8008b68
[State 0] Ex Block pc: 0x8009036 lr:0x8008b6b HardwareSerial::_rx_complete_irq(serial_s*)
[State 0] Inst Executing 0x8009036
[State 0]  pc:0x8009036 address:0x20013f98 val:0x20000808 size:0x4 type:write
[State 0]  pc:0x8009036 address:0x20013f9c val:0x8008b6b size:0x4 type:write
[State 0] Inst Executing 0x8009038
[State 0] Inst Executing 0x800903a
[State 0] Inst Executing 0x800903c
[State 0] Inst Executing 0x8009040
[State 0] Ex Block pc: 0x8008a44 lr:0x8009045 uart_getc
[State 0] Inst Executing 0x8008a44
[State 0] Ex Block pc: 0x8008a46 lr:0x8009045
[State 0] Inst Executing 0x8008a46
[State 0]  pc:0x8008a46 address:0x20013f80 val:0x8009037 size:0x4 type:write
[State 0]  pc:0x8008a46 address:0x20013f84 val:0x20000804 size:0x4 type:write
[State 0]  pc:0x8008a46 address:0x20013f88 val:0x0 size:0x4 type:write
[State 0]  pc:0x8008a46 address:0x20013f8c val:0x8009045 size:0x4 type:write
[State 0] Inst Executing 0x8008a48
[State 0] Inst Executing 0x8008a4a
[State 0] Inst Executing 0x8008a4c
[State 0] Ex Block pc: 0x80089fc lr:0x8008a51 serial_rx_active
[State 0] Inst Executing 0x80089fc
[State 0]  pc:0x80089fc address:0x20013f78 val:0x8009037 size:0x4 type:write
[State 0]  pc:0x80089fc address:0x20013f7c val:0x8008a51 size:0x4 type:write
[State 0] Inst Executing 0x80089fe
[State 0]  pc:0x80089fe address:0x20000848 val:0x1 size:0x1 type:read
[State 0] Inst Executing 0x8008a02
[State 0]  pc:0x8008a02 address:0x8008a1c val:0x200006d8 size:0x4 type:read
[State 0] Inst Executing 0x8008a04
[State 0]  pc:0x8008a04 address:0x200006dc val:0x20000808 size:0x4 type:read
[State 0] Inst Executing 0x8008a08
[State 0] Ex Block pc: 0x8007538 lr:0x8008a0d HAL_UART_GetState
[State 0] Inst Executing 0x8007538
[State 0]  pc:0x8007538 address:0x20000841 val:0x12 size:0x1 type:read
[State 0] Inst Executing 0x800753c
[State 0] Ex Block pc: 0x8008a0c lr:0x8008a0d
[State 0] Inst Executing 0x8008a0c
[State 0] Inst Executing 0x8008a10
[State 0] Inst Executing 0x8008a12
[State 0] Inst Executing 0x8008a14
[State 0] Inst Executing 0x8008a16
[State 0] Inst Executing 0x8008a18
[State 0]  pc:0x8008a18 address:0x20013f78 val:0x8009037 size:0x4 type:read
[State 0]  pc:0x8008a18 address:0x20013f7c val:0x8008a51 size:0x4 type:read
[State 0] Ex Block pc: 0x8008a50 lr:0x8008a0d
[State 0] Inst Executing 0x8008a50
[State 0] Ex Block pc: 0x8008a52 lr:0x8008a0d
[State 0] Inst Executing 0x8008a52
[State 0]  pc:0x8008a52 address:0x20000849 val:0x0 size:0x1 type:read
[State 0] Inst Executing 0x8008a56
[State 0]  pc:0x8008a56 address:0x20013f97 val:0x0 size:0x1 type:write
[State 0] Inst Executing 0x8008a58
[State 0]  pc:0x8008a58 address:0x20000848 val:0x1 size:0x1 type:read
[State 0] Inst Executing 0x8008a5c
[State 0] Inst Executing 0x8008a5e
[State 0] Inst Executing 0x8008a62
[State 0]  pc:0x8008a62 address:0x8008a7c val:0x200006d8 size:0x4 type:read
[State 0] Inst Executing 0x8008a64
[State 0]  pc:0x8008a64 address:0x200006dc val:0x20000808 size:0x4 type:read
[State 0] Inst Executing 0x8008a68
[State 0] Ex Block pc: 0x8007312 lr:0x8008a6d HAL_UART_Receive_IT
[State 0] Inst Executing 0x8007312
[State 0]  pc:0x8007312 address:0x20000841 val:0x12 size:0x1 type:read
[State 0] Inst Executing 0x8007316
[State 0] Inst Executing 0x8007318
[State 0] Inst Executing 0x800731a
[State 0] Ex Block pc: 0x800731c lr:0x8008a6d
[State 0] Inst Executing 0x800731c
[State 0] Inst Executing 0x800731e
[State 0] Ex Block pc: 0x8007324 lr:0x8008a6d
[State 0] Inst Executing 0x8007324
[State 0] Ex Block pc: 0x8007326 lr:0x8008a6d
[State 0] Inst Executing 0x8007326
[State 0] Ex Block pc: 0x8007328 lr:0x8008a6d
[State 0] Inst Executing 0x8007328
[State 0]  pc:0x8007328 address:0x20000840 val:0x0 size:0x1 type:read
[State 0] Inst Executing 0x800732c
[State 0] Inst Executing 0x800732e
[State 0] Ex Block pc: 0x8007330 lr:0x8008a6d
[State 0] Inst Executing 0x8007330
[State 0] Inst Executing 0x8007332
[State 0]  pc:0x8007332 address:0x20000840 val:0x1 size:0x1 type:write
[State 0] Inst Executing 0x8007336
[State 0]  pc:0x8007336 address:0x20000830 val:0x20000849 size:0x4 type:write
[State 0] Inst Executing 0x8007338
[State 0]  pc:0x8007338 address:0x20000834 val:0x1 size:0x2 type:write
[State 0] Inst Executing 0x800733a
[State 0]  pc:0x800733a address:0x20000836 val:0x1 size:0x2 type:write
[State 0] Inst Executing 0x800733c
[State 0] Inst Executing 0x800733e
[State 0]  pc:0x800733e address:0x20000844 val:0x0 size:0x4 type:write
[State 0] Inst Executing 0x8007340
[State 0]  pc:0x8007340 address:0x20000841 val:0x12 size:0x1 type:read
[State 0] Inst Executing 0x8007344
[State 0] Inst Executing 0x8007346
[State 0] Inst Executing 0x8007348
[State 0] Ex Block pc: 0x8007378 lr:0x8008a6d
[State 0] Inst Executing 0x8007378
[State 0] Inst Executing 0x800737a
[State 0]  pc:0x800737a address:0x20000841 val:0x32 size:0x1 type:write
[State 0] Inst Executing 0x800737e
[State 0] Ex Block pc: 0x8007350 lr:0x8008a6d
[State 0] Inst Executing 0x8007350
[State 0] Inst Executing 0x8007352
[State 0]  pc:0x8007352 address:0x20000840 val:0x0 size:0x1 type:write
[State 0] Inst Executing 0x8007356
[State 0]  pc:0x8007356 address:0x20000808 val:0x40004400 size:0x4 type:read
[State 0] Inst Executing 0x8007358
[State 0] Ex Block pc: 0x8007358 lr:0x8008a6d
[State 0] Inst Executing 0x8007358
1 [State 0] uARCUS: hardware read pc 0x8007358 addr 0x4000440c size 0x4 original 0x0 new 0x0
[State 0]  pc:0x8007358 address:0x4000440c val:0x0 size:0x4 type:read
[State 0] Inst Executing 0x800735a
[State 0] Inst Executing 0x800735e
[State 0]  pc:0x800735e address:0x4000440c val:0x100 size:0x4 type:write
[State 0] Inst Executing 0x8007360
[State 0]  pc:0x8007360 address:0x20000808 val:0x40004400 size:0x4 type:read
[State 0] Inst Executing 0x8007362
1 [State 0] uARCUS: hardware read pc 0x8007362 addr 0x40004414 size 0x4 original 0x0 new 0x0
[State 0]  pc:0x8007362 address:0x40004414 val:0x0 size:0x4 type:read
[State 0] Inst Executing 0x8007364
[State 0] Inst Executing 0x8007368
[State 0]  pc:0x8007368 address:0x40004414 val:0x1 size:0x4 type:write
[State 0] Inst Executing 0x800736a
[State 0]  pc:0x800736a address:0x20000808 val:0x40004400 size:0x4 type:read
[State 0] Inst Executing 0x800736c
1 [State 0] uARCUS: hardware read pc 0x800736c addr 0x4000440c size 0x4 original 0x0 new 0x0
[State 0]  pc:0x800736c address:0x4000440c val:0x0 size:0x4 type:read
[State 0] Inst Executing 0x800736e
[State 0] Inst Executing 0x8007372
[State 0]  pc:0x8007372 address:0x4000440c val:0x20 size:0x4 type:write
[State 0] Inst Executing 0x8007374
[State 0] Inst Executing 0x8007376
[State 0] Ex Block pc: 0x8008a6c lr:0x8008a6d
[State 0] Inst Executing 0x8008a6c
[State 0] Inst Executing 0x8008a6e
[State 0]  pc:0x8008a6e address:0x20013f80 val:0x8009037 size:0x4 type:read
[State 0]  pc:0x8008a6e address:0x20013f84 val:0x20000804 size:0x4 type:read
[State 0]  pc:0x8008a6e address:0x20013f88 val:0x0 size:0x4 type:read
[State 0]  pc:0x8008a6e address:0x20013f8c val:0x8009045 size:0x4 type:read
[State 0] Ex Block pc: 0x8009044 lr:0x8008a6d
[State 0] Inst Executing 0x8009044
[State 0] Ex Block pc: 0x8009046 lr:0x8008a6d
[State 0] Inst Executing 0x8009046
[State 0]  pc:0x8009046 address:0x20000864 val:0x2 size:0x2 type:read
[State 0] Inst Executing 0x800904a
[State 0] Inst Executing 0x800904c
[State 0] Inst Executing 0x800904e
[State 0] Inst Executing 0x8009052
[State 0]  pc:0x8009052 address:0x20000866 val:0x2 size:0x2 type:read
[State 0] Inst Executing 0x8009056
[State 0] Inst Executing 0x8009058
[State 0] Ex Block pc: 0x800905a lr:0x8008a6d
[State 0] Inst Executing 0x800905a
[State 0]  pc:0x800905a address:0x20000860 val:0x20000741 size:0x4 type:read
[State 0] Inst Executing 0x800905c
[State 0]  pc:0x800905c address:0x20000864 val:0x2 size:0x2 type:read
[State 0] Inst Executing 0x8009060
[State 0] Inst Executing 0x8009062
[State 0]  pc:0x8009062 address:0x20013f97 val:0x0 size:0x1 type:read
[State 0] Inst Executing 0x8009066
[State 0]  pc:0x8009066 address:0x20000743 val:0x0 size:0x1 type:write
[State 0] Inst Executing 0x8009068
[State 0] Inst Executing 0x800906a
[State 0]  pc:0x800906a address:0x20000864 val:0x3 size:0x2 type:write
[State 0] Inst Executing 0x800906e
[State 0] Inst Executing 0x8009070
[State 0]  pc:0x8009070 address:0x20013f98 val:0x20000808 size:0x4 type:read
[State 0]  pc:0x8009070 address:0x20013f9c val:0x8008b6b size:0x4 type:read
[State 0] Ex Block pc: 0x8008b6a lr:0x8008a6d
[State 0] Inst Executing 0x8008b6a
[State 0] Ex Block pc: 0x8008b5a lr:0x8008a6d
[State 0] Inst Executing 0x8008b5a
[State 0]  pc:0x8008b5a address:0x20013fa0 val:0x12 size:0x4 type:read
[State 0]  pc:0x8008b5a address:0x20013fa4 val:0x8007425 size:0x4 type:read
[State 0] Ex Block pc: 0x8007424 lr:0x8008a6d
[State 0] Inst Executing 0x8007424
[State 0] Inst Executing 0x8007426
[State 0]  pc:0x8007426 address:0x20013fa8 val:0x20 size:0x4 type:read
[State 0]  pc:0x8007426 address:0x20013fac val:0x800750d size:0x4 type:read
[State 0] Ex Block pc: 0x800750c lr:0x8008a6d
[State 0] Inst Executing 0x800750c
[State 0] Ex Block pc: 0x80074da lr:0x8008a6d
[State 0] Inst Executing 0x80074da
[State 0]  pc:0x80074da address:0x20000808 val:0x40004400 size:0x4 type:read
[State 0] Inst Executing 0x80074dc
[State 0] Ex Block pc: 0x80074dc lr:0x8008a6d
[State 0] Inst Executing 0x80074dc
1 [State 0] uARCUS: hardware read pc 0x80074dc addr 0x40004400 size 0x4 original 0x0 new 0x0
[State 0]  pc:0x80074dc address:0x40004400 val:0x0 size:0x4 type:read
[State 0] Inst Executing 0x80074de
1 [State 0] uARCUS: hardware read pc 0x80074de addr 0x4000440c size 0x4 original 0x0 new 0x0
[State 0]  pc:0x80074de address:0x4000440c val:0x0 size:0x4 type:read
[State 0] Inst Executing 0x80074e0
[State 0] Inst Executing 0x80074e4
[State 0] Inst Executing 0x80074e8
[State 0] Ex Block pc: 0x80074ec lr:0x8008a6d
[State 0] Inst Executing 0x80074ec
[State 0]  pc:0x80074ec address:0x20000808 val:0x40004400 size:0x4 type:read
[State 0] Inst Executing 0x80074ee
[State 0] Ex Block pc: 0x80074ee lr:0x8008a6d
[State 0] Inst Executing 0x80074ee
1 [State 0] uARCUS: hardware read pc 0x80074ee addr 0x40004400 size 0x4 original 0x0 new 0x0
[State 0]  pc:0x80074ee address:0x40004400 val:0x0 size:0x4 type:read
[State 0] Inst Executing 0x80074f0
1 [State 0] uARCUS: hardware read pc 0x80074f0 addr 0x4000440c size 0x4 original 0x0 new 0x0
[State 0]  pc:0x80074f0 address:0x4000440c val:0x0 size:0x4 type:read
[State 0] Inst Executing 0x80074f2
[State 0] Inst Executing 0x80074f6
[State 0] Inst Executing 0x80074fa
[State 0] Ex Block pc: 0x80074fe lr:0x8008a6d
[State 0] Inst Executing 0x80074fe
[State 0]  pc:0x80074fe address:0x20000844 val:0x0 size:0x4 type:read
[State 0] Inst Executing 0x8007500
[State 0] Ex Block pc: 0x8007502 lr:0x8008a6d
[State 0] Inst Executing 0x8007502
[State 0] Inst Executing 0x8007504
[State 0]  pc:0x8007504 address:0x20013fb8 val:0x0 size:0x4 type:read
[State 0]  pc:0x8007504 address:0x20013fbc val:0x8008c29 size:0x4 type:read
[State 0] Ex Block pc: 0x8008c28 lr:0x8008a6d
[State 0] Inst Executing 0x8008c28
[State 0]  pc:0x8008c28 address:0x20013fc0 val:0x0 size:0x4 type:read
[State 0]  pc:0x8008c28 address:0x20013fc4 val:0xfffffff9 size:0x4 type:read
[State 0] onException pc: 0xfffffff8 vec: 54
1 [State 0] uARCUS: onException exit, irq_no: 54
[State 0] Ex Block pc: 0x800369c lr:0x8002ad7 firmata::FirmataClass::available()
[State 0] Inst Executing 0x800369c
[State 0]  pc:0x800369c address:0x20013fe0 val:0x0 size:0x4 type:write
[State 0]  pc:0x800369c address:0x20013fe4 val:0x8002ad7 size:0x4 type:write
[State 0] Inst Executing 0x800369e
[State 0]  pc:0x800369e address:0x20000490 val:0x20000730 size:0x4 type:read
[State 0] Inst Executing 0x80036a2
[State 0]  pc:0x80036a2 address:0x20000730 val:0x800afd0 size:0x4 type:read
[State 0] Inst Executing 0x80036a4
[State 0]  pc:0x80036a4 address:0x800afd8 val:0x8008fcb size:0x4 type:read
[State 0] Inst Executing 0x80036a6
[State 0] Ex Block pc: 0x8008fca lr:0x80036a9 HardwareSerial::available()
[State 0] Inst Executing 0x8008fca
[State 0]  pc:0x8008fca address:0x20000864 val:0x3 size:0x2 type:read
[State 0] Inst Executing 0x8008fce
[State 0] Inst Executing 0x8008fd0
[State 0] Inst Executing 0x8008fd2
[State 0]  pc:0x8008fd2 address:0x20000866 val:0x2 size:0x2 type:read
[State 0] Inst Executing 0x8008fd6
[State 0] Inst Executing 0x8008fd8
[State 0] Inst Executing 0x8008fdc
[State 0] Ex Block pc: 0x80036a8 lr:0x80036a9
[State 0] Inst Executing 0x80036a8
[State 0]  pc:0x80036a8 address:0x20013fe0 val:0x0 size:0x4 type:read
[State 0]  pc:0x80036a8 address:0x20013fe4 val:0x8002ad7 size:0x4 type:read
[State 0] Ex Block pc: 0x8002ad6 lr:0x80036a9
[State 0] Inst Executing 0x8002ad6
[State 0] Ex Block pc: 0x8002ad8 lr:0x80036a9
[State 0] Inst Executing 0x8002ad8
[State 0]  pc:0x8002ad8 address:0x8002bb4 val:0x200003d0 size:0x4 type:read
[State 0] Inst Executing 0x8002ada
[State 0] Ex Block pc: 0x80036aa lr:0x8002adf firmata::FirmataClass::processInput()
[State 0] Inst Executing 0x80036aa
[State 0]  pc:0x80036aa address:0x20013fe0 val:0x0 size:0x4 type:write
[State 0]  pc:0x80036aa address:0x20013fe4 val:0x8002adf size:0x4 type:write
[State 0] Inst Executing 0x80036ac
[State 0] Inst Executing 0x80036ae
[State 0]  pc:0x80036ae address:0x20000490 val:0x20000730 size:0x4 type:read
[State 0] Inst Executing 0x80036b2
[State 0]  pc:0x80036b2 address:0x20000730 val:0x800afd0 size:0x4 type:read
[State 0] Inst Executing 0x80036b4
[State 0]  pc:0x80036b4 address:0x800afdc val:0x8008ffb size:0x4 type:read
[State 0] Inst Executing 0x80036b6
[State 0] Ex Block pc: 0x8008ffa lr:0x80036b9 HardwareSerial::read()
[State 0] Inst Executing 0x8008ffa
[State 0]  pc:0x8008ffa address:0x20000864 val:0x3 size:0x2 type:read
[State 0] Inst Executing 0x8008ffe
[State 0] Ex Block pc: 0x8009000 lr:0x80036b9
[State 0] Inst Executing 0x8009000
[State 0]  pc:0x8009000 address:0x20000866 val:0x2 size:0x2 type:read
[State 0] Inst Executing 0x8009004
[State 0] Inst Executing 0x8009006
[State 0] Ex Block pc: 0x8009008 lr:0x80036b9
[State 0] Inst Executing 0x8009008
[State 0]  pc:0x8009008 address:0x20000860 val:0x20000741 size:0x4 type:read
[State 0] Inst Executing 0x800900c
[State 0]  pc:0x800900c address:0x20000743 val:0x0 size:0x1 type:read
[State 0] Inst Executing 0x800900e
[State 0] Inst Executing 0x8009010
[State 0] Inst Executing 0x8009014
[State 0]  pc:0x8009014 address:0x20000866 val:0x3 size:0x2 type:write
[State 0] Inst Executing 0x8009018
[State 0] Inst Executing 0x800901a
[State 0] Ex Block pc: 0x80036b8 lr:0x80036b9
[State 0] Inst Executing 0x80036b8
[State 0] Inst Executing 0x80036bc
[State 0] Ex Block pc: 0x80036be lr:0x80036b9
[State 0] Inst Executing 0x80036be
[State 0] Inst Executing 0x80036c0
[State 0] Inst Executing 0x80036c4
[State 0] Ex Block pc: 0x8003c50 lr:0x80036c9 firmata::FirmataParser::parse(unsigned
[State 0] Inst Executing 0x8003c50
[State 0]  pc:0x8003c50 address:0x20013fd8 val:0x200003d0 size:0x4 type:write
[State 0]  pc:0x8003c50 address:0x20013fdc val:0x80036c9 size:0x4 type:write
[State 0] Inst Executing 0x8003c52
[State 0] Inst Executing 0x8003c54
[State 0]  pc:0x8003c54 address:0x20000428 val:0x0 size:0x1 type:read
[State 0] Inst Executing 0x8003c56
[State 0] Ex Block pc: 0x8003c74 lr:0x80036c9
[State 0] Inst Executing 0x8003c74
[State 0]  pc:0x8003c74 address:0x20000424 val:0x0 size:0x4 type:read
[State 0] Inst Executing 0x8003c76
[State 0] Ex Block pc: 0x8003c7c lr:0x80036c9
[State 0] Inst Executing 0x8003c7c
[State 0] Inst Executing 0x8003c7e
[State 0] Ex Block pc: 0x8003c80 lr:0x80036c9
[State 0] Inst Executing 0x8003c80
[State 0] Inst Executing 0x8003c84
[State 0]  pc:0x8003c84 address:0x20000421 val:0x0 size:0x1 type:write
[State 0] Inst Executing 0x8003c86
[State 0] Inst Executing 0x8003c8a
[State 0] Inst Executing 0x8003c8c
[State 0] Ex Block pc: 0x8003c8e lr:0x80036c9
[State 0] Inst Executing 0x8003c8e
[State 0] Ex Block pc: 0x8003d4e lr:0x80036c9
[State 0] Inst Executing 0x8003d4e
[State 0] Inst Executing 0x8003d50
[State 0] Ex Block pc: 0x8003d52 lr:0x80036c9
[State 0] Inst Executing 0x8003d52
[State 0] Ex Block pc: 0x8003d5e lr:0x80036c9
[State 0] Inst Executing 0x8003d5e
[State 0] Inst Executing 0x8003d60
[State 0] Ex Block pc: 0x8003d6a lr:0x80036c9
[State 0] Inst Executing 0x8003d6a
[State 0]  pc:0x8003d6a address:0x20013fd8 val:0x200003d0 size:0x4 type:read
[State 0]  pc:0x8003d6a address:0x20013fdc val:0x80036c9 size:0x4 type:read
[State 0] Ex Block pc: 0x80036c8 lr:0x80036c9
[State 0] Inst Executing 0x80036c8
[State 0]  pc:0x80036c8 address:0x20013fe0 val:0x0 size:0x4 type:read
[State 0]  pc:0x80036c8 address:0x20013fe4 val:0x8002adf size:0x4 type:read
[State 0] Ex Block pc: 0x8002ade lr:0x80036c9
[State 0] Inst Executing 0x8002ade
[State 0] Ex Block pc: 0x8002ad0 lr:0x80036c9
[State 0] Inst Executing 0x8002ad0
1 [State 0] uARCUS: External Interrupt:38
1 [State 0] uARCUS: test interrupt_flag 0 request:0 halted: 0 excp_idx: -1
orig vec_enabled: 1
[State 0]  pc:0x8002ad0 address:0x8002bb4 val:0x200003d0 size:0x4 type:read
[State 0] Inst Executing 0x8002ad2
[State 0] onException pc: 0x800369c vec: 0
[State 0] Ex Block pc: 0x8008c18 lr:0xfffffff9 USART2_IRQHandler
[State 0] Inst Executing 0x8008c18
[State 0]  pc:0x8008c18 address:0x20013fc0 val:0x0 size:0x4 type:write
[State 0]  pc:0x8008c18 address:0x20013fc4 val:0xfffffff9 size:0x4 type:write
[State 0] Inst Executing 0x8008c1a
[State 0] Inst Executing 0x8008c1c
[State 0] Ex Block pc: 0x80046bc lr:0x8008c21 HAL_NVIC_ClearPendingIRQ
[State 0] Inst Executing 0x80046bc
[State 0] Inst Executing 0x80046be
[State 0] Ex Block pc: 0x80046c0 lr:0x8008c21
[State 0] Inst Executing 0x80046c0
[State 0] Inst Executing 0x80046c2
[State 0] Inst Executing 0x80046c6
[State 0] Inst Executing 0x80046c8
[State 0] Inst Executing 0x80046cc
[State 0] Inst Executing 0x80046ce
[State 0]  pc:0x80046ce address:0x80046d8 val:0xe000e100 size:0x4 type:read
[State 0] Inst Executing 0x80046d0
[State 0]  pc:0x80046d0 address:0xe000e284 val:0x40 size:0x4 type:write
[State 0] Inst Executing 0x80046d4
[State 0] Ex Block pc: 0x8008c20 lr:0x8008c21
[State 0] Inst Executing 0x8008c20
[State 0]  pc:0x8008c20 address:0x8008c2c val:0x200006d8 size:0x4 type:read
[State 0] Inst Executing 0x8008c22
[State 0]  pc:0x8008c22 address:0x200006dc val:0x20000808 size:0x4 type:read
[State 0] Inst Executing 0x8008c24
[State 0] Ex Block pc: 0x800746e lr:0x8008c29 HAL_UART_IRQHandler
[State 0] Inst Executing 0x800746e
[State 0]  pc:0x800746e address:0x20013fb8 val:0x0 size:0x4 type:write
[State 0]  pc:0x800746e address:0x20013fbc val:0x8008c29 size:0x4 type:write
[State 0] Inst Executing 0x8007470
[State 0] Inst Executing 0x8007472
[State 0] Inst Executing 0x8007474
[State 0]  pc:0x8007474 address:0x20000808 val:0x40004400 size:0x4 type:read
[State 0] Inst Executing 0x8007476
[State 0] Ex Block pc: 0x8007476 lr:0x8008c29
[State 0] Inst Executing 0x8007476
1 [State 0] uARCUS: hardware read pc 0x8007476 addr 0x40004400 size 0x4 original 0x0 new 0x1
[State 0]  pc:0x8007476 address:0x40004400 val:0x1 size:0x4 type:read
[State 0] Inst Executing 0x8007478
1 [State 0] uARCUS: hardware read pc 0x8007478 addr 0x4000440c size 0x4 original 0x0 new 0x0
[State 0]  pc:0x8007478 address:0x4000440c val:0x0 size:0x4 type:read
[State 0] Inst Executing 0x800747a
[State 0] Inst Executing 0x800747e
[State 0] Ex Block pc: 0x8007480 lr:0x8008c29
[State 0] Inst Executing 0x8007480
[State 0] Inst Executing 0x8007484
[State 0] Ex Block pc: 0x800748e lr:0x8008c29
[State 0] Inst Executing 0x800748e
[State 0] Ex Block pc: 0x800748e lr:0x8008c29
[State 0] Inst Executing 0x800748e
1 [State 0] uARCUS: hardware read pc 0x800748e addr 0x40004400 size 0x4 original 0x0 new 0x2
[State 0]  pc:0x800748e address:0x40004400 val:0x2 size:0x4 type:read
[State 0] Inst Executing 0x8007490
1 [State 0] uARCUS: hardware read pc 0x8007490 addr 0x40004414 size 0x4 original 0x0 new 0x0
[State 0]  pc:0x8007490 address:0x40004414 val:0x0 size:0x4 type:read
[State 0] Inst Executing 0x8007492
[State 0] Inst Executing 0x8007496
[State 0] Inst Executing 0x800749a
[State 0] Ex Block pc: 0x800749c lr:0x8008c29
[State 0] Inst Executing 0x800749c
[State 0] Ex Block pc: 0x80074a6 lr:0x8008c29
[State 0] Inst Executing 0x80074a6
[State 0] Ex Block pc: 0x80074a6 lr:0x8008c29
[State 0] Inst Executing 0x80074a6
1 [State 0] uARCUS: hardware read pc 0x80074a6 addr 0x40004400 size 0x4 original 0x0 new 0x4
[State 0]  pc:0x80074a6 address:0x40004400 val:0x4 size:0x4 type:read
[State 0] Inst Executing 0x80074a8
[State 0] Inst Executing 0x80074ac
[State 0] Ex Block pc: 0x80074ae lr:0x8008c29
[State 0] Inst Executing 0x80074ae
[State 0] Ex Block pc: 0x80074b8 lr:0x8008c29
[State 0] Inst Executing 0x80074b8
[State 0] Ex Block pc: 0x80074b8 lr:0x8008c29
[State 0] Inst Executing 0x80074b8
1 [State 0] uARCUS: hardware read pc 0x80074b8 addr 0x40004400 size 0x4 original 0x0 new 0x8
[State 0]  pc:0x80074b8 address:0x40004400 val:0x8 size:0x4 type:read
[State 0] Inst Executing 0x80074ba
[State 0] Inst Executing 0x80074be
[State 0] Ex Block pc: 0x80074c0 lr:0x8008c29
[State 0] Inst Executing 0x80074c0
[State 0] Ex Block pc: 0x80074ca lr:0x8008c29
[State 0] Inst Executing 0x80074ca
[State 0] Ex Block pc: 0x80074ca lr:0x8008c29
[State 0] Inst Executing 0x80074ca
1 [State 0] uARCUS: hardware read pc 0x80074ca addr 0x40004400 size 0x4 original 0x0 new 0x20
[State 0]  pc:0x80074ca address:0x40004400 val:0x20 size:0x4 type:read
[State 0] Inst Executing 0x80074cc
1 [State 0] uARCUS: hardware read pc 0x80074cc addr 0x4000440c size 0x4 original 0x0 new 0x20
[State 0]  pc:0x80074cc address:0x4000440c val:0x20 size:0x4 type:read
[State 0] Inst Executing 0x80074ce
[State 0] Inst Executing 0x80074d2
[State 0] Inst Executing 0x80074d6
[State 0] Ex Block pc: 0x80074d8 lr:0x8008c29
[State 0] Inst Executing 0x80074d8
[State 0] Ex Block pc: 0x8007506 lr:0x8008c29
[State 0] Inst Executing 0x8007506
[State 0] Inst Executing 0x8007508
[State 0] Ex Block pc: 0x80073b8 lr:0x800750d UART_Receive_IT
[State 0] Inst Executing 0x80073b8
[State 0]  pc:0x80073b8 address:0x20013fa8 val:0x20 size:0x4 type:write
[State 0]  pc:0x80073b8 address:0x20013fac val:0x800750d size:0x4 type:write
[State 0] Inst Executing 0x80073ba
[State 0]  pc:0x80073ba address:0x20000841 val:0x32 size:0x1 type:read
[State 0] Inst Executing 0x80073be
[State 0] Inst Executing 0x80073c0
[State 0] Inst Executing 0x80073c2
[State 0] Ex Block pc: 0x80073c4 lr:0x800750d
[State 0] Inst Executing 0x80073c4
[State 0] Inst Executing 0x80073c6
[State 0] Ex Block pc: 0x80073cc lr:0x800750d
[State 0] Inst Executing 0x80073cc
[State 0]  pc:0x80073cc address:0x20000810 val:0x0 size:0x4 type:read
[State 0] Inst Executing 0x80073ce
[State 0] Inst Executing 0x80073d2
[State 0] Ex Block pc: 0x80073d4 lr:0x800750d
[State 0] Inst Executing 0x80073d4
[State 0]  pc:0x80073d4 address:0x20000818 val:0x0 size:0x4 type:read
[State 0] Inst Executing 0x80073d6
[State 0] Inst Executing 0x80073d8
[State 0] Ex Block pc: 0x80073da lr:0x800750d
[State 0] Inst Executing 0x80073da
[State 0]  pc:0x80073da address:0x20000830 val:0x20000849 size:0x4 type:read
[State 0] Inst Executing 0x80073dc
[State 0] Inst Executing 0x80073de
[State 0]  pc:0x80073de address:0x20000830 val:0x2000084a size:0x4 type:write
[State 0] Inst Executing 0x80073e0
[State 0]  pc:0x80073e0 address:0x20000808 val:0x40004400 size:0x4 type:read
[State 0] Inst Executing 0x80073e2
[State 0] Ex Block pc: 0x80073e2 lr:0x800750d
[State 0] Inst Executing 0x80073e2
[State 0] user read pc 0x80073e2 addr 0x40004404 original 0x0 fuzzin 0x0 ptr 3
[State 0]  pc:0x80073e2 address:0x40004404 val:0x0 size:0x4 type:read
[State 0] Inst Executing 0x80073e4
[State 0]  pc:0x80073e4 address:0x20000849 val:0x0 size:0x1 type:write
[State 0] Inst Executing 0x80073e6
[State 0]  pc:0x80073e6 address:0x20000836 val:0x1 size:0x2 type:read
[State 0] Inst Executing 0x80073e8
[State 0] Inst Executing 0x80073ea
[State 0] Inst Executing 0x80073ec
[State 0]  pc:0x80073ec address:0x20000836 val:0x0 size:0x2 type:write
[State 0] Inst Executing 0x80073ee
[State 0] Inst Executing 0x80073f0
[State 0] Ex Block pc: 0x80073f2 lr:0x800750d
[State 0] Inst Executing 0x80073f2
[State 0]  pc:0x80073f2 address:0x20000808 val:0x40004400 size:0x4 type:read
[State 0] Inst Executing 0x80073f4
[State 0] Ex Block pc: 0x80073f4 lr:0x800750d
[State 0] Inst Executing 0x80073f4
1 [State 0] uARCUS: hardware read pc 0x80073f4 addr 0x4000440c size 0x4 original 0x0 new 0x0
[State 0]  pc:0x80073f4 address:0x4000440c val:0x0 size:0x4 type:read
[State 0] Inst Executing 0x80073f6
[State 0] Inst Executing 0x80073fa
[State 0]  pc:0x80073fa address:0x4000440c val:0x0 size:0x4 type:write
[State 0] Inst Executing 0x80073fc
[State 0]  pc:0x80073fc address:0x20000841 val:0x32 size:0x1 type:read
[State 0] Ex Block pc: 0x8007400 lr:0x800750d
[State 0] Inst Executing 0x8007400
[State 0] Inst Executing 0x8007402
[State 0] Inst Executing 0x8007404
[State 0] Ex Block pc: 0x8007462 lr:0x800750d
[State 0] Inst Executing 0x8007462
[State 0] Inst Executing 0x8007464
[State 0]  pc:0x8007464 address:0x20000841 val:0x12 size:0x1 type:write
[State 0] Inst Executing 0x8007468
[State 0] Ex Block pc: 0x8007420 lr:0x800750d
[State 0] Inst Executing 0x8007420
[State 0] Ex Block pc: 0x8008b50 lr:0x8007425 HAL_UART_RxCpltCallback
[State 0] Inst Executing 0x8008b50
[State 0]  pc:0x8008b50 address:0x20013fa0 val:0x12 size:0x4 type:write
[State 0]  pc:0x8008b50 address:0x20013fa4 val:0x8007425 size:0x4 type:write
[State 0] Inst Executing 0x8008b52
[State 0] Ex Block pc: 0x8008b2c lr:0x8008b57 uart_index
[State 0] Inst Executing 0x8008b2c
[State 0] Inst Executing 0x8008b2e
[State 0] Ex Block pc: 0x8008b30 lr:0x8008b57
[State 0] Inst Executing 0x8008b30
[State 0] Inst Executing 0x8008b32
[State 0] Inst Executing 0x8008b34
[State 0] Ex Block pc: 0x8008b36 lr:0x8008b57
[State 0] Inst Executing 0x8008b36
[State 0]  pc:0x8008b36 address:0x8008b4c val:0x200006d8 size:0x4 type:read
[State 0] Inst Executing 0x8008b38
[State 0]  pc:0x8008b38 address:0x200006d8 val:0x0 size:0x4 type:read
[State 0] Inst Executing 0x8008b3c
[State 0] Inst Executing 0x8008b3e
[State 0] Ex Block pc: 0x8008b40 lr:0x8008b57
[State 0] Inst Executing 0x8008b40
[State 0] Inst Executing 0x8008b42
[State 0] Inst Executing 0x8008b44
[State 0] Ex Block pc: 0x8008b32 lr:0x8008b57
[State 0] Inst Executing 0x8008b32
[State 0] Inst Executing 0x8008b34
[State 0] Ex Block pc: 0x8008b36 lr:0x8008b57
[State 0] Inst Executing 0x8008b36
[State 0]  pc:0x8008b36 address:0x8008b4c val:0x200006d8 size:0x4 type:read
[State 0] Inst Executing 0x8008b38
[State 0]  pc:0x8008b38 address:0x200006dc val:0x20000808 size:0x4 type:read
[State 0] Inst Executing 0x8008b3c
[State 0] Inst Executing 0x8008b3e
[State 0] Ex Block pc: 0x8008b4a lr:0x8008b57
[State 0] Inst Executing 0x8008b4a
[State 0] Ex Block pc: 0x8008b56 lr:0x8008b57
[State 0] Inst Executing 0x8008b56
[State 0] Inst Executing 0x8008b58
[State 0] Ex Block pc: 0x8008b5c lr:0x8008b57
[State 0] Inst Executing 0x8008b5c
[State 0]  pc:0x8008b5c address:0x8008b6c val:0x20000688 size:0x4 type:read
[State 0] Inst Executing 0x8008b5e
[State 0]  pc:0x8008b5e address:0x2000068c val:0x8009037 size:0x4 type:read
[State 0] Inst Executing 0x8008b62
[State 0]  pc:0x8008b62 address:0x8008b70 val:0x2000069c size:0x4 type:read
[State 0] Inst Executing 0x8008b64
[State 0]  pc:0x8008b64 address:0x200006a0 val:0x20000804 size:0x4 type:read
[State 0] Inst Executing 0x8008b68
[State 0] Ex Block pc: 0x8009036 lr:0x8008b6b HardwareSerial::_rx_complete_irq(serial_s*)
[State 0] Inst Executing 0x8009036
[State 0]  pc:0x8009036 address:0x20013f98 val:0x20000808 size:0x4 type:write
[State 0]  pc:0x8009036 address:0x20013f9c val:0x8008b6b size:0x4 type:write
[State 0] Inst Executing 0x8009038
[State 0] Inst Executing 0x800903a
[State 0] Inst Executing 0x800903c
[State 0] Inst Executing 0x8009040
[State 0] Ex Block pc: 0x8008a44 lr:0x8009045 uart_getc
[State 0] Inst Executing 0x8008a44
[State 0] Ex Block pc: 0x8008a46 lr:0x8009045
[State 0] Inst Executing 0x8008a46
[State 0]  pc:0x8008a46 address:0x20013f80 val:0x8009037 size:0x4 type:write
[State 0]  pc:0x8008a46 address:0x20013f84 val:0x20000804 size:0x4 type:write
[State 0]  pc:0x8008a46 address:0x20013f88 val:0x0 size:0x4 type:write
[State 0]  pc:0x8008a46 address:0x20013f8c val:0x8009045 size:0x4 type:write
[State 0] Inst Executing 0x8008a48
[State 0] Inst Executing 0x8008a4a
[State 0] Inst Executing 0x8008a4c
[State 0] Ex Block pc: 0x80089fc lr:0x8008a51 serial_rx_active
[State 0] Inst Executing 0x80089fc
[State 0]  pc:0x80089fc address:0x20013f78 val:0x8009037 size:0x4 type:write
[State 0]  pc:0x80089fc address:0x20013f7c val:0x8008a51 size:0x4 type:write
[State 0] Inst Executing 0x80089fe
[State 0]  pc:0x80089fe address:0x20000848 val:0x1 size:0x1 type:read
[State 0] Inst Executing 0x8008a02
[State 0]  pc:0x8008a02 address:0x8008a1c val:0x200006d8 size:0x4 type:read
[State 0] Inst Executing 0x8008a04
[State 0]  pc:0x8008a04 address:0x200006dc val:0x20000808 size:0x4 type:read
[State 0] Inst Executing 0x8008a08
[State 0] Ex Block pc: 0x8007538 lr:0x8008a0d HAL_UART_GetState
[State 0] Inst Executing 0x8007538
[State 0]  pc:0x8007538 address:0x20000841 val:0x12 size:0x1 type:read
[State 0] Inst Executing 0x800753c
[State 0] Ex Block pc: 0x8008a0c lr:0x8008a0d
[State 0] Inst Executing 0x8008a0c
[State 0] Inst Executing 0x8008a10
[State 0] Inst Executing 0x8008a12
[State 0] Inst Executing 0x8008a14
[State 0] Inst Executing 0x8008a16
[State 0] Inst Executing 0x8008a18
[State 0]  pc:0x8008a18 address:0x20013f78 val:0x8009037 size:0x4 type:read
[State 0]  pc:0x8008a18 address:0x20013f7c val:0x8008a51 size:0x4 type:read
[State 0] Ex Block pc: 0x8008a50 lr:0x8008a0d
[State 0] Inst Executing 0x8008a50
[State 0] Ex Block pc: 0x8008a52 lr:0x8008a0d
[State 0] Inst Executing 0x8008a52
[State 0]  pc:0x8008a52 address:0x20000849 val:0x0 size:0x1 type:read
[State 0] Inst Executing 0x8008a56
[State 0]  pc:0x8008a56 address:0x20013f97 val:0x0 size:0x1 type:write
[State 0] Inst Executing 0x8008a58
[State 0]  pc:0x8008a58 address:0x20000848 val:0x1 size:0x1 type:read
[State 0] Inst Executing 0x8008a5c
[State 0] Inst Executing 0x8008a5e
[State 0] Inst Executing 0x8008a62
[State 0]  pc:0x8008a62 address:0x8008a7c val:0x200006d8 size:0x4 type:read
[State 0] Inst Executing 0x8008a64
[State 0]  pc:0x8008a64 address:0x200006dc val:0x20000808 size:0x4 type:read
[State 0] Inst Executing 0x8008a68
[State 0] Ex Block pc: 0x8007312 lr:0x8008a6d HAL_UART_Receive_IT
[State 0] Inst Executing 0x8007312
[State 0]  pc:0x8007312 address:0x20000841 val:0x12 size:0x1 type:read
[State 0] Inst Executing 0x8007316
[State 0] Inst Executing 0x8007318
[State 0] Inst Executing 0x800731a
[State 0] Ex Block pc: 0x800731c lr:0x8008a6d
[State 0] Inst Executing 0x800731c
[State 0] Inst Executing 0x800731e
[State 0] Ex Block pc: 0x8007324 lr:0x8008a6d
[State 0] Inst Executing 0x8007324
[State 0] Ex Block pc: 0x8007326 lr:0x8008a6d
[State 0] Inst Executing 0x8007326
[State 0] Ex Block pc: 0x8007328 lr:0x8008a6d
[State 0] Inst Executing 0x8007328
[State 0]  pc:0x8007328 address:0x20000840 val:0x0 size:0x1 type:read
[State 0] Inst Executing 0x800732c
[State 0] Inst Executing 0x800732e
[State 0] Ex Block pc: 0x8007330 lr:0x8008a6d
[State 0] Inst Executing 0x8007330
[State 0] Inst Executing 0x8007332
[State 0]  pc:0x8007332 address:0x20000840 val:0x1 size:0x1 type:write
[State 0] Inst Executing 0x8007336
[State 0]  pc:0x8007336 address:0x20000830 val:0x20000849 size:0x4 type:write
[State 0] Inst Executing 0x8007338
[State 0]  pc:0x8007338 address:0x20000834 val:0x1 size:0x2 type:write
[State 0] Inst Executing 0x800733a
[State 0]  pc:0x800733a address:0x20000836 val:0x1 size:0x2 type:write
[State 0] Inst Executing 0x800733c
[State 0] Inst Executing 0x800733e
[State 0]  pc:0x800733e address:0x20000844 val:0x0 size:0x4 type:write
[State 0] Inst Executing 0x8007340
[State 0]  pc:0x8007340 address:0x20000841 val:0x12 size:0x1 type:read
[State 0] Inst Executing 0x8007344
[State 0] Inst Executing 0x8007346
[State 0] Inst Executing 0x8007348
[State 0] Ex Block pc: 0x8007378 lr:0x8008a6d
[State 0] Inst Executing 0x8007378
[State 0] Inst Executing 0x800737a
[State 0]  pc:0x800737a address:0x20000841 val:0x32 size:0x1 type:write
[State 0] Inst Executing 0x800737e
[State 0] Ex Block pc: 0x8007350 lr:0x8008a6d
[State 0] Inst Executing 0x8007350
[State 0] Inst Executing 0x8007352
[State 0]  pc:0x8007352 address:0x20000840 val:0x0 size:0x1 type:write
[State 0] Inst Executing 0x8007356
[State 0]  pc:0x8007356 address:0x20000808 val:0x40004400 size:0x4 type:read
[State 0] Inst Executing 0x8007358
[State 0] Ex Block pc: 0x8007358 lr:0x8008a6d
[State 0] Inst Executing 0x8007358
1 [State 0] uARCUS: hardware read pc 0x8007358 addr 0x4000440c size 0x4 original 0x0 new 0x0
[State 0]  pc:0x8007358 address:0x4000440c val:0x0 size:0x4 type:read
[State 0] Inst Executing 0x800735a
[State 0] Inst Executing 0x800735e
[State 0]  pc:0x800735e address:0x4000440c val:0x100 size:0x4 type:write
[State 0] Inst Executing 0x8007360
[State 0]  pc:0x8007360 address:0x20000808 val:0x40004400 size:0x4 type:read
[State 0] Inst Executing 0x8007362
1 [State 0] uARCUS: hardware read pc 0x8007362 addr 0x40004414 size 0x4 original 0x0 new 0x0
[State 0]  pc:0x8007362 address:0x40004414 val:0x0 size:0x4 type:read
[State 0] Inst Executing 0x8007364
[State 0] Inst Executing 0x8007368
[State 0]  pc:0x8007368 address:0x40004414 val:0x1 size:0x4 type:write
[State 0] Inst Executing 0x800736a
[State 0]  pc:0x800736a address:0x20000808 val:0x40004400 size:0x4 type:read
[State 0] Inst Executing 0x800736c
1 [State 0] uARCUS: hardware read pc 0x800736c addr 0x4000440c size 0x4 original 0x0 new 0x0
[State 0]  pc:0x800736c address:0x4000440c val:0x0 size:0x4 type:read
[State 0] Inst Executing 0x800736e
[State 0] Inst Executing 0x8007372
[State 0]  pc:0x8007372 address:0x4000440c val:0x20 size:0x4 type:write
[State 0] Inst Executing 0x8007374
[State 0] Inst Executing 0x8007376
[State 0] Ex Block pc: 0x8008a6c lr:0x8008a6d
[State 0] Inst Executing 0x8008a6c
[State 0] Inst Executing 0x8008a6e
[State 0]  pc:0x8008a6e address:0x20013f80 val:0x8009037 size:0x4 type:read
[State 0]  pc:0x8008a6e address:0x20013f84 val:0x20000804 size:0x4 type:read
[State 0]  pc:0x8008a6e address:0x20013f88 val:0x0 size:0x4 type:read
[State 0]  pc:0x8008a6e address:0x20013f8c val:0x8009045 size:0x4 type:read
[State 0] Ex Block pc: 0x8009044 lr:0x8008a6d
[State 0] Inst Executing 0x8009044
[State 0] Ex Block pc: 0x8009046 lr:0x8008a6d
[State 0] Inst Executing 0x8009046
[State 0]  pc:0x8009046 address:0x20000864 val:0x3 size:0x2 type:read
[State 0] Inst Executing 0x800904a
[State 0] Inst Executing 0x800904c
[State 0] Inst Executing 0x800904e
[State 0] Inst Executing 0x8009052
[State 0]  pc:0x8009052 address:0x20000866 val:0x3 size:0x2 type:read
[State 0] Inst Executing 0x8009056
[State 0] Inst Executing 0x8009058
[State 0] Ex Block pc: 0x800905a lr:0x8008a6d
[State 0] Inst Executing 0x800905a
[State 0]  pc:0x800905a address:0x20000860 val:0x20000741 size:0x4 type:read
[State 0] Inst Executing 0x800905c
[State 0]  pc:0x800905c address:0x20000864 val:0x3 size:0x2 type:read
[State 0] Inst Executing 0x8009060
[State 0] Inst Executing 0x8009062
[State 0]  pc:0x8009062 address:0x20013f97 val:0x0 size:0x1 type:read
[State 0] Inst Executing 0x8009066
[State 0]  pc:0x8009066 address:0x20000744 val:0x0 size:0x1 type:write
[State 0] Inst Executing 0x8009068
[State 0] Inst Executing 0x800906a
[State 0]  pc:0x800906a address:0x20000864 val:0x4 size:0x2 type:write
[State 0] Inst Executing 0x800906e
[State 0] Inst Executing 0x8009070
[State 0]  pc:0x8009070 address:0x20013f98 val:0x20000808 size:0x4 type:read
[State 0]  pc:0x8009070 address:0x20013f9c val:0x8008b6b size:0x4 type:read
[State 0] Ex Block pc: 0x8008b6a lr:0x8008a6d
[State 0] Inst Executing 0x8008b6a
[State 0] Ex Block pc: 0x8008b5a lr:0x8008a6d
[State 0] Inst Executing 0x8008b5a
[State 0]  pc:0x8008b5a address:0x20013fa0 val:0x12 size:0x4 type:read
[State 0]  pc:0x8008b5a address:0x20013fa4 val:0x8007425 size:0x4 type:read
[State 0] Ex Block pc: 0x8007424 lr:0x8008a6d
[State 0] Inst Executing 0x8007424
[State 0] Inst Executing 0x8007426
[State 0]  pc:0x8007426 address:0x20013fa8 val:0x20 size:0x4 type:read
[State 0]  pc:0x8007426 address:0x20013fac val:0x800750d size:0x4 type:read
[State 0] Ex Block pc: 0x800750c lr:0x8008a6d
[State 0] Inst Executing 0x800750c
[State 0] Ex Block pc: 0x80074da lr:0x8008a6d
[State 0] Inst Executing 0x80074da
[State 0]  pc:0x80074da address:0x20000808 val:0x40004400 size:0x4 type:read
[State 0] Inst Executing 0x80074dc
[State 0] Ex Block pc: 0x80074dc lr:0x8008a6d
[State 0] Inst Executing 0x80074dc
1 [State 0] uARCUS: hardware read pc 0x80074dc addr 0x40004400 size 0x4 original 0x0 new 0x0
[State 0]  pc:0x80074dc address:0x40004400 val:0x0 size:0x4 type:read
[State 0] Inst Executing 0x80074de
1 [State 0] uARCUS: hardware read pc 0x80074de addr 0x4000440c size 0x4 original 0x0 new 0x0
[State 0]  pc:0x80074de address:0x4000440c val:0x0 size:0x4 type:read
[State 0] Inst Executing 0x80074e0
[State 0] Inst Executing 0x80074e4
[State 0] Inst Executing 0x80074e8
[State 0] Ex Block pc: 0x80074ec lr:0x8008a6d
[State 0] Inst Executing 0x80074ec
[State 0]  pc:0x80074ec address:0x20000808 val:0x40004400 size:0x4 type:read
[State 0] Inst Executing 0x80074ee
[State 0] Ex Block pc: 0x80074ee lr:0x8008a6d
[State 0] Inst Executing 0x80074ee
1 [State 0] uARCUS: hardware read pc 0x80074ee addr 0x40004400 size 0x4 original 0x0 new 0x0
[State 0]  pc:0x80074ee address:0x40004400 val:0x0 size:0x4 type:read
[State 0] Inst Executing 0x80074f0
1 [State 0] uARCUS: hardware read pc 0x80074f0 addr 0x4000440c size 0x4 original 0x0 new 0x0
[State 0]  pc:0x80074f0 address:0x4000440c val:0x0 size:0x4 type:read
[State 0] Inst Executing 0x80074f2
[State 0] Inst Executing 0x80074f6
[State 0] Inst Executing 0x80074fa
[State 0] Ex Block pc: 0x80074fe lr:0x8008a6d
[State 0] Inst Executing 0x80074fe
[State 0]  pc:0x80074fe address:0x20000844 val:0x0 size:0x4 type:read
[State 0] Inst Executing 0x8007500
[State 0] Ex Block pc: 0x8007502 lr:0x8008a6d
[State 0] Inst Executing 0x8007502
[State 0] Inst Executing 0x8007504
[State 0]  pc:0x8007504 address:0x20013fb8 val:0x0 size:0x4 type:read
[State 0]  pc:0x8007504 address:0x20013fbc val:0x8008c29 size:0x4 type:read
[State 0] Ex Block pc: 0x8008c28 lr:0x8008a6d
[State 0] Inst Executing 0x8008c28
[State 0]  pc:0x8008c28 address:0x20013fc0 val:0x0 size:0x4 type:read
[State 0]  pc:0x8008c28 address:0x20013fc4 val:0xfffffff9 size:0x4 type:read
[State 0] onException pc: 0xfffffff8 vec: 54
1 [State 0] uARCUS: onException exit, irq_no: 54
[State 0] Ex Block pc: 0x800369c lr:0x8002ad7 firmata::FirmataClass::available()
[State 0] Inst Executing 0x800369c
[State 0]  pc:0x800369c address:0x20013fe0 val:0x0 size:0x4 type:write
[State 0]  pc:0x800369c address:0x20013fe4 val:0x8002ad7 size:0x4 type:write
[State 0] Inst Executing 0x800369e
[State 0]  pc:0x800369e address:0x20000490 val:0x20000730 size:0x4 type:read
[State 0] Inst Executing 0x80036a2
[State 0]  pc:0x80036a2 address:0x20000730 val:0x800afd0 size:0x4 type:read
[State 0] Inst Executing 0x80036a4
[State 0]  pc:0x80036a4 address:0x800afd8 val:0x8008fcb size:0x4 type:read
[State 0] Inst Executing 0x80036a6
[State 0] Ex Block pc: 0x8008fca lr:0x80036a9 HardwareSerial::available()
[State 0] Inst Executing 0x8008fca
[State 0]  pc:0x8008fca address:0x20000864 val:0x4 size:0x2 type:read
[State 0] Inst Executing 0x8008fce
[State 0] Inst Executing 0x8008fd0
[State 0] Inst Executing 0x8008fd2
[State 0]  pc:0x8008fd2 address:0x20000866 val:0x3 size:0x2 type:read
[State 0] Inst Executing 0x8008fd6
[State 0] Inst Executing 0x8008fd8
[State 0] Inst Executing 0x8008fdc
[State 0] Ex Block pc: 0x80036a8 lr:0x80036a9
[State 0] Inst Executing 0x80036a8
[State 0]  pc:0x80036a8 address:0x20013fe0 val:0x0 size:0x4 type:read
[State 0]  pc:0x80036a8 address:0x20013fe4 val:0x8002ad7 size:0x4 type:read
[State 0] Ex Block pc: 0x8002ad6 lr:0x80036a9
[State 0] Inst Executing 0x8002ad6
[State 0] Ex Block pc: 0x8002ad8 lr:0x80036a9
[State 0] Inst Executing 0x8002ad8
[State 0]  pc:0x8002ad8 address:0x8002bb4 val:0x200003d0 size:0x4 type:read
[State 0] Inst Executing 0x8002ada
[State 0] Ex Block pc: 0x80036aa lr:0x8002adf firmata::FirmataClass::processInput()
[State 0] Inst Executing 0x80036aa
[State 0]  pc:0x80036aa address:0x20013fe0 val:0x0 size:0x4 type:write
[State 0]  pc:0x80036aa address:0x20013fe4 val:0x8002adf size:0x4 type:write
[State 0] Inst Executing 0x80036ac
[State 0] Inst Executing 0x80036ae
[State 0]  pc:0x80036ae address:0x20000490 val:0x20000730 size:0x4 type:read
[State 0] Inst Executing 0x80036b2
[State 0]  pc:0x80036b2 address:0x20000730 val:0x800afd0 size:0x4 type:read
[State 0] Inst Executing 0x80036b4
[State 0]  pc:0x80036b4 address:0x800afdc val:0x8008ffb size:0x4 type:read
[State 0] Inst Executing 0x80036b6
[State 0] Ex Block pc: 0x8008ffa lr:0x80036b9 HardwareSerial::read()
[State 0] Inst Executing 0x8008ffa
[State 0]  pc:0x8008ffa address:0x20000864 val:0x4 size:0x2 type:read
[State 0] Inst Executing 0x8008ffe
[State 0] Ex Block pc: 0x8009000 lr:0x80036b9
[State 0] Inst Executing 0x8009000
[State 0]  pc:0x8009000 address:0x20000866 val:0x3 size:0x2 type:read
[State 0] Inst Executing 0x8009004
[State 0] Inst Executing 0x8009006
[State 0] Ex Block pc: 0x8009008 lr:0x80036b9
[State 0] Inst Executing 0x8009008
[State 0]  pc:0x8009008 address:0x20000860 val:0x20000741 size:0x4 type:read
[State 0] Inst Executing 0x800900c
[State 0]  pc:0x800900c address:0x20000744 val:0x0 size:0x1 type:read
[State 0] Inst Executing 0x800900e
[State 0] Inst Executing 0x8009010
[State 0] Inst Executing 0x8009014
[State 0]  pc:0x8009014 address:0x20000866 val:0x4 size:0x2 type:write
[State 0] Inst Executing 0x8009018
[State 0] Inst Executing 0x800901a
[State 0] Ex Block pc: 0x80036b8 lr:0x80036b9
[State 0] Inst Executing 0x80036b8
[State 0] Inst Executing 0x80036bc
[State 0] Ex Block pc: 0x80036be lr:0x80036b9
[State 0] Inst Executing 0x80036be
[State 0] Inst Executing 0x80036c0
[State 0] Inst Executing 0x80036c4
[State 0] Ex Block pc: 0x8003c50 lr:0x80036c9 firmata::FirmataParser::parse(unsigned
[State 0] Inst Executing 0x8003c50
[State 0]  pc:0x8003c50 address:0x20013fd8 val:0x200003d0 size:0x4 type:write
[State 0]  pc:0x8003c50 address:0x20013fdc val:0x80036c9 size:0x4 type:write
[State 0] Inst Executing 0x8003c52
[State 0] Inst Executing 0x8003c54
[State 0]  pc:0x8003c54 address:0x20000428 val:0x0 size:0x1 type:read
[State 0] Inst Executing 0x8003c56
[State 0] Ex Block pc: 0x8003c74 lr:0x80036c9
[State 0] Inst Executing 0x8003c74
[State 0]  pc:0x8003c74 address:0x20000424 val:0x0 size:0x4 type:read
[State 0] Inst Executing 0x8003c76
[State 0] Ex Block pc: 0x8003c7c lr:0x80036c9
[State 0] Inst Executing 0x8003c7c
[State 0] Inst Executing 0x8003c7e
[State 0] Ex Block pc: 0x8003c80 lr:0x80036c9
[State 0] Inst Executing 0x8003c80
[State 0] Inst Executing 0x8003c84
[State 0]  pc:0x8003c84 address:0x20000421 val:0x0 size:0x1 type:write
[State 0] Inst Executing 0x8003c86
[State 0] Inst Executing 0x8003c8a
[State 0] Inst Executing 0x8003c8c
[State 0] Ex Block pc: 0x8003c8e lr:0x80036c9
[State 0] Inst Executing 0x8003c8e
[State 0] Ex Block pc: 0x8003d4e lr:0x80036c9
[State 0] Inst Executing 0x8003d4e
[State 0] Inst Executing 0x8003d50
[State 0] Ex Block pc: 0x8003d52 lr:0x80036c9
[State 0] Inst Executing 0x8003d52
[State 0] Ex Block pc: 0x8003d5e lr:0x80036c9
[State 0] Inst Executing 0x8003d5e
[State 0] Inst Executing 0x8003d60
[State 0] Ex Block pc: 0x8003d6a lr:0x80036c9
[State 0] Inst Executing 0x8003d6a
[State 0]  pc:0x8003d6a address:0x20013fd8 val:0x200003d0 size:0x4 type:read
[State 0]  pc:0x8003d6a address:0x20013fdc val:0x80036c9 size:0x4 type:read
[State 0] Ex Block pc: 0x80036c8 lr:0x80036c9
[State 0] Inst Executing 0x80036c8
[State 0]  pc:0x80036c8 address:0x20013fe0 val:0x0 size:0x4 type:read
[State 0]  pc:0x80036c8 address:0x20013fe4 val:0x8002adf size:0x4 type:read
[State 0] Ex Block pc: 0x8002ade lr:0x80036c9
[State 0] Inst Executing 0x8002ade
[State 0] Ex Block pc: 0x8002ad0 lr:0x80036c9
[State 0] Inst Executing 0x8002ad0
1 [State 0] uARCUS: External Interrupt:38
1 [State 0] uARCUS: test interrupt_flag 0 request:0 halted: 0 excp_idx: -1
orig vec_enabled: 1
[State 0]  pc:0x8002ad0 address:0x8002bb4 val:0x200003d0 size:0x4 type:read
[State 0] Inst Executing 0x8002ad2
[State 0] onException pc: 0x800369c vec: 0
[State 0] Ex Block pc: 0x8008c18 lr:0xfffffff9 USART2_IRQHandler
[State 0] Inst Executing 0x8008c18
[State 0]  pc:0x8008c18 address:0x20013fc0 val:0x0 size:0x4 type:write
[State 0]  pc:0x8008c18 address:0x20013fc4 val:0xfffffff9 size:0x4 type:write
[State 0] Inst Executing 0x8008c1a
[State 0] Inst Executing 0x8008c1c
[State 0] Ex Block pc: 0x80046bc lr:0x8008c21 HAL_NVIC_ClearPendingIRQ
[State 0] Inst Executing 0x80046bc
[State 0] Inst Executing 0x80046be
[State 0] Ex Block pc: 0x80046c0 lr:0x8008c21
[State 0] Inst Executing 0x80046c0
[State 0] Inst Executing 0x80046c2
[State 0] Inst Executing 0x80046c6
[State 0] Inst Executing 0x80046c8
[State 0] Inst Executing 0x80046cc
[State 0] Inst Executing 0x80046ce
[State 0]  pc:0x80046ce address:0x80046d8 val:0xe000e100 size:0x4 type:read
[State 0] Inst Executing 0x80046d0
[State 0]  pc:0x80046d0 address:0xe000e284 val:0x40 size:0x4 type:write
[State 0] Inst Executing 0x80046d4
[State 0] Ex Block pc: 0x8008c20 lr:0x8008c21
[State 0] Inst Executing 0x8008c20
[State 0]  pc:0x8008c20 address:0x8008c2c val:0x200006d8 size:0x4 type:read
[State 0] Inst Executing 0x8008c22
[State 0]  pc:0x8008c22 address:0x200006dc val:0x20000808 size:0x4 type:read
[State 0] Inst Executing 0x8008c24
[State 0] Ex Block pc: 0x800746e lr:0x8008c29 HAL_UART_IRQHandler
[State 0] Inst Executing 0x800746e
[State 0]  pc:0x800746e address:0x20013fb8 val:0x0 size:0x4 type:write
[State 0]  pc:0x800746e address:0x20013fbc val:0x8008c29 size:0x4 type:write
[State 0] Inst Executing 0x8007470
[State 0] Inst Executing 0x8007472
[State 0] Inst Executing 0x8007474
[State 0]  pc:0x8007474 address:0x20000808 val:0x40004400 size:0x4 type:read
[State 0] Inst Executing 0x8007476
[State 0] Ex Block pc: 0x8007476 lr:0x8008c29
[State 0] Inst Executing 0x8007476
1 [State 0] uARCUS: hardware read pc 0x8007476 addr 0x40004400 size 0x4 original 0x0 new 0x1
[State 0]  pc:0x8007476 address:0x40004400 val:0x1 size:0x4 type:read
[State 0] Inst Executing 0x8007478
1 [State 0] uARCUS: hardware read pc 0x8007478 addr 0x4000440c size 0x4 original 0x0 new 0x0
[State 0]  pc:0x8007478 address:0x4000440c val:0x0 size:0x4 type:read
[State 0] Inst Executing 0x800747a
[State 0] Inst Executing 0x800747e
[State 0] Ex Block pc: 0x8007480 lr:0x8008c29
[State 0] Inst Executing 0x8007480
[State 0] Inst Executing 0x8007484
[State 0] Ex Block pc: 0x800748e lr:0x8008c29
[State 0] Inst Executing 0x800748e
[State 0] Ex Block pc: 0x800748e lr:0x8008c29
[State 0] Inst Executing 0x800748e
1 [State 0] uARCUS: hardware read pc 0x800748e addr 0x40004400 size 0x4 original 0x0 new 0x2
[State 0]  pc:0x800748e address:0x40004400 val:0x2 size:0x4 type:read
[State 0] Inst Executing 0x8007490
1 [State 0] uARCUS: hardware read pc 0x8007490 addr 0x40004414 size 0x4 original 0x0 new 0x0
[State 0]  pc:0x8007490 address:0x40004414 val:0x0 size:0x4 type:read
[State 0] Inst Executing 0x8007492
[State 0] Inst Executing 0x8007496
[State 0] Inst Executing 0x800749a
[State 0] Ex Block pc: 0x800749c lr:0x8008c29
[State 0] Inst Executing 0x800749c
[State 0] Ex Block pc: 0x80074a6 lr:0x8008c29
[State 0] Inst Executing 0x80074a6
[State 0] Ex Block pc: 0x80074a6 lr:0x8008c29
[State 0] Inst Executing 0x80074a6
1 [State 0] uARCUS: hardware read pc 0x80074a6 addr 0x40004400 size 0x4 original 0x0 new 0x4
[State 0]  pc:0x80074a6 address:0x40004400 val:0x4 size:0x4 type:read
[State 0] Inst Executing 0x80074a8
[State 0] Inst Executing 0x80074ac
[State 0] Ex Block pc: 0x80074ae lr:0x8008c29
[State 0] Inst Executing 0x80074ae
[State 0] Ex Block pc: 0x80074b8 lr:0x8008c29
[State 0] Inst Executing 0x80074b8
[State 0] Ex Block pc: 0x80074b8 lr:0x8008c29
[State 0] Inst Executing 0x80074b8
1 [State 0] uARCUS: hardware read pc 0x80074b8 addr 0x40004400 size 0x4 original 0x0 new 0x8
[State 0]  pc:0x80074b8 address:0x40004400 val:0x8 size:0x4 type:read
[State 0] Inst Executing 0x80074ba
[State 0] Inst Executing 0x80074be
[State 0] Ex Block pc: 0x80074c0 lr:0x8008c29
[State 0] Inst Executing 0x80074c0
[State 0] Ex Block pc: 0x80074ca lr:0x8008c29
[State 0] Inst Executing 0x80074ca
[State 0] Ex Block pc: 0x80074ca lr:0x8008c29
[State 0] Inst Executing 0x80074ca
1 [State 0] uARCUS: hardware read pc 0x80074ca addr 0x40004400 size 0x4 original 0x0 new 0x20
[State 0]  pc:0x80074ca address:0x40004400 val:0x20 size:0x4 type:read
[State 0] Inst Executing 0x80074cc
1 [State 0] uARCUS: hardware read pc 0x80074cc addr 0x4000440c size 0x4 original 0x0 new 0x20
[State 0]  pc:0x80074cc address:0x4000440c val:0x20 size:0x4 type:read
[State 0] Inst Executing 0x80074ce
[State 0] Inst Executing 0x80074d2
[State 0] Inst Executing 0x80074d6
[State 0] Ex Block pc: 0x80074d8 lr:0x8008c29
[State 0] Inst Executing 0x80074d8
[State 0] Ex Block pc: 0x8007506 lr:0x8008c29
[State 0] Inst Executing 0x8007506
[State 0] Inst Executing 0x8007508
[State 0] Ex Block pc: 0x80073b8 lr:0x800750d UART_Receive_IT
[State 0] Inst Executing 0x80073b8
[State 0]  pc:0x80073b8 address:0x20013fa8 val:0x20 size:0x4 type:write
[State 0]  pc:0x80073b8 address:0x20013fac val:0x800750d size:0x4 type:write
[State 0] Inst Executing 0x80073ba
[State 0]  pc:0x80073ba address:0x20000841 val:0x32 size:0x1 type:read
[State 0] Inst Executing 0x80073be
[State 0] Inst Executing 0x80073c0
[State 0] Inst Executing 0x80073c2
[State 0] Ex Block pc: 0x80073c4 lr:0x800750d
[State 0] Inst Executing 0x80073c4
[State 0] Inst Executing 0x80073c6
[State 0] Ex Block pc: 0x80073cc lr:0x800750d
[State 0] Inst Executing 0x80073cc
[State 0]  pc:0x80073cc address:0x20000810 val:0x0 size:0x4 type:read
[State 0] Inst Executing 0x80073ce
[State 0] Inst Executing 0x80073d2
[State 0] Ex Block pc: 0x80073d4 lr:0x800750d
[State 0] Inst Executing 0x80073d4
[State 0]  pc:0x80073d4 address:0x20000818 val:0x0 size:0x4 type:read
[State 0] Inst Executing 0x80073d6
[State 0] Inst Executing 0x80073d8
[State 0] Ex Block pc: 0x80073da lr:0x800750d
[State 0] Inst Executing 0x80073da
[State 0]  pc:0x80073da address:0x20000830 val:0x20000849 size:0x4 type:read
[State 0] Inst Executing 0x80073dc
[State 0] Inst Executing 0x80073de
[State 0]  pc:0x80073de address:0x20000830 val:0x2000084a size:0x4 type:write
[State 0] Inst Executing 0x80073e0
[State 0]  pc:0x80073e0 address:0x20000808 val:0x40004400 size:0x4 type:read
[State 0] Inst Executing 0x80073e2
[State 0] Ex Block pc: 0x80073e2 lr:0x800750d
[State 0] Inst Executing 0x80073e2
[State 0] user read pc 0x80073e2 addr 0x40004404 original 0x0 fuzzin 0x0 ptr 4
[State 0]  pc:0x80073e2 address:0x40004404 val:0x0 size:0x4 type:read
[State 0] Inst Executing 0x80073e4
[State 0]  pc:0x80073e4 address:0x20000849 val:0x0 size:0x1 type:write
[State 0] Inst Executing 0x80073e6
[State 0]  pc:0x80073e6 address:0x20000836 val:0x1 size:0x2 type:read
[State 0] Inst Executing 0x80073e8
[State 0] Inst Executing 0x80073ea
[State 0] Inst Executing 0x80073ec
[State 0]  pc:0x80073ec address:0x20000836 val:0x0 size:0x2 type:write
[State 0] Inst Executing 0x80073ee
[State 0] Inst Executing 0x80073f0
[State 0] Ex Block pc: 0x80073f2 lr:0x800750d
[State 0] Inst Executing 0x80073f2
[State 0]  pc:0x80073f2 address:0x20000808 val:0x40004400 size:0x4 type:read
[State 0] Inst Executing 0x80073f4
[State 0] Ex Block pc: 0x80073f4 lr:0x800750d
[State 0] Inst Executing 0x80073f4
1 [State 0] uARCUS: hardware read pc 0x80073f4 addr 0x4000440c size 0x4 original 0x0 new 0x0
[State 0]  pc:0x80073f4 address:0x4000440c val:0x0 size:0x4 type:read
[State 0] Inst Executing 0x80073f6
[State 0] Inst Executing 0x80073fa
[State 0]  pc:0x80073fa address:0x4000440c val:0x0 size:0x4 type:write
[State 0] Inst Executing 0x80073fc
[State 0]  pc:0x80073fc address:0x20000841 val:0x32 size:0x1 type:read
[State 0] Ex Block pc: 0x8007400 lr:0x800750d
[State 0] Inst Executing 0x8007400
[State 0] Inst Executing 0x8007402
[State 0] Inst Executing 0x8007404
[State 0] Ex Block pc: 0x8007462 lr:0x800750d
[State 0] Inst Executing 0x8007462
[State 0] Inst Executing 0x8007464
[State 0]  pc:0x8007464 address:0x20000841 val:0x12 size:0x1 type:write
[State 0] Inst Executing 0x8007468
[State 0] Ex Block pc: 0x8007420 lr:0x800750d
[State 0] Inst Executing 0x8007420
[State 0] Ex Block pc: 0x8008b50 lr:0x8007425 HAL_UART_RxCpltCallback
[State 0] Inst Executing 0x8008b50
[State 0]  pc:0x8008b50 address:0x20013fa0 val:0x12 size:0x4 type:write
[State 0]  pc:0x8008b50 address:0x20013fa4 val:0x8007425 size:0x4 type:write
[State 0] Inst Executing 0x8008b52
[State 0] Ex Block pc: 0x8008b2c lr:0x8008b57 uart_index
[State 0] Inst Executing 0x8008b2c
[State 0] Inst Executing 0x8008b2e
[State 0] Ex Block pc: 0x8008b30 lr:0x8008b57
[State 0] Inst Executing 0x8008b30
[State 0] Inst Executing 0x8008b32
[State 0] Inst Executing 0x8008b34
[State 0] Ex Block pc: 0x8008b36 lr:0x8008b57
[State 0] Inst Executing 0x8008b36
[State 0]  pc:0x8008b36 address:0x8008b4c val:0x200006d8 size:0x4 type:read
[State 0] Inst Executing 0x8008b38
[State 0]  pc:0x8008b38 address:0x200006d8 val:0x0 size:0x4 type:read
[State 0] Inst Executing 0x8008b3c
[State 0] Inst Executing 0x8008b3e
[State 0] Ex Block pc: 0x8008b40 lr:0x8008b57
[State 0] Inst Executing 0x8008b40
[State 0] Inst Executing 0x8008b42
[State 0] Inst Executing 0x8008b44
[State 0] Ex Block pc: 0x8008b32 lr:0x8008b57
[State 0] Inst Executing 0x8008b32
[State 0] Inst Executing 0x8008b34
[State 0] Ex Block pc: 0x8008b36 lr:0x8008b57
[State 0] Inst Executing 0x8008b36
[State 0]  pc:0x8008b36 address:0x8008b4c val:0x200006d8 size:0x4 type:read
[State 0] Inst Executing 0x8008b38
[State 0]  pc:0x8008b38 address:0x200006dc val:0x20000808 size:0x4 type:read
[State 0] Inst Executing 0x8008b3c
[State 0] Inst Executing 0x8008b3e
[State 0] Ex Block pc: 0x8008b4a lr:0x8008b57
[State 0] Inst Executing 0x8008b4a
[State 0] Ex Block pc: 0x8008b56 lr:0x8008b57
[State 0] Inst Executing 0x8008b56
[State 0] Inst Executing 0x8008b58
[State 0] Ex Block pc: 0x8008b5c lr:0x8008b57
[State 0] Inst Executing 0x8008b5c
[State 0]  pc:0x8008b5c address:0x8008b6c val:0x20000688 size:0x4 type:read
[State 0] Inst Executing 0x8008b5e
[State 0]  pc:0x8008b5e address:0x2000068c val:0x8009037 size:0x4 type:read
[State 0] Inst Executing 0x8008b62
[State 0]  pc:0x8008b62 address:0x8008b70 val:0x2000069c size:0x4 type:read
[State 0] Inst Executing 0x8008b64
[State 0]  pc:0x8008b64 address:0x200006a0 val:0x20000804 size:0x4 type:read
[State 0] Inst Executing 0x8008b68
[State 0] Ex Block pc: 0x8009036 lr:0x8008b6b HardwareSerial::_rx_complete_irq(serial_s*)
[State 0] Inst Executing 0x8009036
[State 0]  pc:0x8009036 address:0x20013f98 val:0x20000808 size:0x4 type:write
[State 0]  pc:0x8009036 address:0x20013f9c val:0x8008b6b size:0x4 type:write
[State 0] Inst Executing 0x8009038
[State 0] Inst Executing 0x800903a
[State 0] Inst Executing 0x800903c
[State 0] Inst Executing 0x8009040
[State 0] Ex Block pc: 0x8008a44 lr:0x8009045 uart_getc
[State 0] Inst Executing 0x8008a44
[State 0] Ex Block pc: 0x8008a46 lr:0x8009045
[State 0] Inst Executing 0x8008a46
[State 0]  pc:0x8008a46 address:0x20013f80 val:0x8009037 size:0x4 type:write
[State 0]  pc:0x8008a46 address:0x20013f84 val:0x20000804 size:0x4 type:write
[State 0]  pc:0x8008a46 address:0x20013f88 val:0x0 size:0x4 type:write
[State 0]  pc:0x8008a46 address:0x20013f8c val:0x8009045 size:0x4 type:write
[State 0] Inst Executing 0x8008a48
[State 0] Inst Executing 0x8008a4a
[State 0] Inst Executing 0x8008a4c
[State 0] Ex Block pc: 0x80089fc lr:0x8008a51 serial_rx_active
[State 0] Inst Executing 0x80089fc
[State 0]  pc:0x80089fc address:0x20013f78 val:0x8009037 size:0x4 type:write
[State 0]  pc:0x80089fc address:0x20013f7c val:0x8008a51 size:0x4 type:write
[State 0] Inst Executing 0x80089fe
[State 0]  pc:0x80089fe address:0x20000848 val:0x1 size:0x1 type:read
[State 0] Inst Executing 0x8008a02
[State 0]  pc:0x8008a02 address:0x8008a1c val:0x200006d8 size:0x4 type:read
[State 0] Inst Executing 0x8008a04
[State 0]  pc:0x8008a04 address:0x200006dc val:0x20000808 size:0x4 type:read
[State 0] Inst Executing 0x8008a08
[State 0] Ex Block pc: 0x8007538 lr:0x8008a0d HAL_UART_GetState
[State 0] Inst Executing 0x8007538
[State 0]  pc:0x8007538 address:0x20000841 val:0x12 size:0x1 type:read
[State 0] Inst Executing 0x800753c
[State 0] Ex Block pc: 0x8008a0c lr:0x8008a0d
[State 0] Inst Executing 0x8008a0c
[State 0] Inst Executing 0x8008a10
[State 0] Inst Executing 0x8008a12
[State 0] Inst Executing 0x8008a14
[State 0] Inst Executing 0x8008a16
[State 0] Inst Executing 0x8008a18
[State 0]  pc:0x8008a18 address:0x20013f78 val:0x8009037 size:0x4 type:read
[State 0]  pc:0x8008a18 address:0x20013f7c val:0x8008a51 size:0x4 type:read
[State 0] Ex Block pc: 0x8008a50 lr:0x8008a0d
[State 0] Inst Executing 0x8008a50
[State 0] Ex Block pc: 0x8008a52 lr:0x8008a0d
[State 0] Inst Executing 0x8008a52
[State 0]  pc:0x8008a52 address:0x20000849 val:0x0 size:0x1 type:read
[State 0] Inst Executing 0x8008a56
[State 0]  pc:0x8008a56 address:0x20013f97 val:0x0 size:0x1 type:write
[State 0] Inst Executing 0x8008a58
[State 0]  pc:0x8008a58 address:0x20000848 val:0x1 size:0x1 type:read
[State 0] Inst Executing 0x8008a5c
[State 0] Inst Executing 0x8008a5e
[State 0] Inst Executing 0x8008a62
[State 0]  pc:0x8008a62 address:0x8008a7c val:0x200006d8 size:0x4 type:read
[State 0] Inst Executing 0x8008a64
[State 0]  pc:0x8008a64 address:0x200006dc val:0x20000808 size:0x4 type:read
[State 0] Inst Executing 0x8008a68
[State 0] Ex Block pc: 0x8007312 lr:0x8008a6d HAL_UART_Receive_IT
[State 0] Inst Executing 0x8007312
[State 0]  pc:0x8007312 address:0x20000841 val:0x12 size:0x1 type:read
[State 0] Inst Executing 0x8007316
[State 0] Inst Executing 0x8007318
[State 0] Inst Executing 0x800731a
[State 0] Ex Block pc: 0x800731c lr:0x8008a6d
[State 0] Inst Executing 0x800731c
[State 0] Inst Executing 0x800731e
[State 0] Ex Block pc: 0x8007324 lr:0x8008a6d
[State 0] Inst Executing 0x8007324
[State 0] Ex Block pc: 0x8007326 lr:0x8008a6d
[State 0] Inst Executing 0x8007326
[State 0] Ex Block pc: 0x8007328 lr:0x8008a6d
[State 0] Inst Executing 0x8007328
[State 0]  pc:0x8007328 address:0x20000840 val:0x0 size:0x1 type:read
[State 0] Inst Executing 0x800732c
[State 0] Inst Executing 0x800732e
[State 0] Ex Block pc: 0x8007330 lr:0x8008a6d
[State 0] Inst Executing 0x8007330
[State 0] Inst Executing 0x8007332
[State 0]  pc:0x8007332 address:0x20000840 val:0x1 size:0x1 type:write
[State 0] Inst Executing 0x8007336
[State 0]  pc:0x8007336 address:0x20000830 val:0x20000849 size:0x4 type:write
[State 0] Inst Executing 0x8007338
[State 0]  pc:0x8007338 address:0x20000834 val:0x1 size:0x2 type:write
[State 0] Inst Executing 0x800733a
[State 0]  pc:0x800733a address:0x20000836 val:0x1 size:0x2 type:write
[State 0] Inst Executing 0x800733c
[State 0] Inst Executing 0x800733e
[State 0]  pc:0x800733e address:0x20000844 val:0x0 size:0x4 type:write
[State 0] Inst Executing 0x8007340
[State 0]  pc:0x8007340 address:0x20000841 val:0x12 size:0x1 type:read
[State 0] Inst Executing 0x8007344
[State 0] Inst Executing 0x8007346
[State 0] Inst Executing 0x8007348
[State 0] Ex Block pc: 0x8007378 lr:0x8008a6d
[State 0] Inst Executing 0x8007378
[State 0] Inst Executing 0x800737a
[State 0]  pc:0x800737a address:0x20000841 val:0x32 size:0x1 type:write
[State 0] Inst Executing 0x800737e
[State 0] Ex Block pc: 0x8007350 lr:0x8008a6d
[State 0] Inst Executing 0x8007350
[State 0] Inst Executing 0x8007352
[State 0]  pc:0x8007352 address:0x20000840 val:0x0 size:0x1 type:write
[State 0] Inst Executing 0x8007356
[State 0]  pc:0x8007356 address:0x20000808 val:0x40004400 size:0x4 type:read
[State 0] Inst Executing 0x8007358
[State 0] Ex Block pc: 0x8007358 lr:0x8008a6d
[State 0] Inst Executing 0x8007358
1 [State 0] uARCUS: hardware read pc 0x8007358 addr 0x4000440c size 0x4 original 0x0 new 0x0
[State 0]  pc:0x8007358 address:0x4000440c val:0x0 size:0x4 type:read
[State 0] Inst Executing 0x800735a
[State 0] Inst Executing 0x800735e
[State 0]  pc:0x800735e address:0x4000440c val:0x100 size:0x4 type:write
[State 0] Inst Executing 0x8007360
[State 0]  pc:0x8007360 address:0x20000808 val:0x40004400 size:0x4 type:read
[State 0] Inst Executing 0x8007362
1 [State 0] uARCUS: hardware read pc 0x8007362 addr 0x40004414 size 0x4 original 0x0 new 0x0
[State 0]  pc:0x8007362 address:0x40004414 val:0x0 size:0x4 type:read
[State 0] Inst Executing 0x8007364
[State 0] Inst Executing 0x8007368
[State 0]  pc:0x8007368 address:0x40004414 val:0x1 size:0x4 type:write
[State 0] Inst Executing 0x800736a
[State 0]  pc:0x800736a address:0x20000808 val:0x40004400 size:0x4 type:read
[State 0] Inst Executing 0x800736c
1 [State 0] uARCUS: hardware read pc 0x800736c addr 0x4000440c size 0x4 original 0x0 new 0x0
[State 0]  pc:0x800736c address:0x4000440c val:0x0 size:0x4 type:read
[State 0] Inst Executing 0x800736e
[State 0] Inst Executing 0x8007372
[State 0]  pc:0x8007372 address:0x4000440c val:0x20 size:0x4 type:write
[State 0] Inst Executing 0x8007374
[State 0] Inst Executing 0x8007376
[State 0] Ex Block pc: 0x8008a6c lr:0x8008a6d
[State 0] Inst Executing 0x8008a6c
[State 0] Inst Executing 0x8008a6e
[State 0]  pc:0x8008a6e address:0x20013f80 val:0x8009037 size:0x4 type:read
[State 0]  pc:0x8008a6e address:0x20013f84 val:0x20000804 size:0x4 type:read
[State 0]  pc:0x8008a6e address:0x20013f88 val:0x0 size:0x4 type:read
[State 0]  pc:0x8008a6e address:0x20013f8c val:0x8009045 size:0x4 type:read
[State 0] Ex Block pc: 0x8009044 lr:0x8008a6d
[State 0] Inst Executing 0x8009044
[State 0] Ex Block pc: 0x8009046 lr:0x8008a6d
[State 0] Inst Executing 0x8009046
[State 0]  pc:0x8009046 address:0x20000864 val:0x4 size:0x2 type:read
[State 0] Inst Executing 0x800904a
[State 0] Inst Executing 0x800904c
[State 0] Inst Executing 0x800904e
[State 0] Inst Executing 0x8009052
[State 0]  pc:0x8009052 address:0x20000866 val:0x4 size:0x2 type:read
[State 0] Inst Executing 0x8009056
[State 0] Inst Executing 0x8009058
[State 0] Ex Block pc: 0x800905a lr:0x8008a6d
[State 0] Inst Executing 0x800905a
[State 0]  pc:0x800905a address:0x20000860 val:0x20000741 size:0x4 type:read
[State 0] Inst Executing 0x800905c
[State 0]  pc:0x800905c address:0x20000864 val:0x4 size:0x2 type:read
[State 0] Inst Executing 0x8009060
[State 0] Inst Executing 0x8009062
[State 0]  pc:0x8009062 address:0x20013f97 val:0x0 size:0x1 type:read
[State 0] Inst Executing 0x8009066
[State 0]  pc:0x8009066 address:0x20000745 val:0x0 size:0x1 type:write
[State 0] Inst Executing 0x8009068
[State 0] Inst Executing 0x800906a
[State 0]  pc:0x800906a address:0x20000864 val:0x5 size:0x2 type:write
[State 0] Inst Executing 0x800906e
[State 0] Inst Executing 0x8009070
[State 0]  pc:0x8009070 address:0x20013f98 val:0x20000808 size:0x4 type:read
[State 0]  pc:0x8009070 address:0x20013f9c val:0x8008b6b size:0x4 type:read
[State 0] Ex Block pc: 0x8008b6a lr:0x8008a6d
[State 0] Inst Executing 0x8008b6a
[State 0] Ex Block pc: 0x8008b5a lr:0x8008a6d
[State 0] Inst Executing 0x8008b5a
[State 0]  pc:0x8008b5a address:0x20013fa0 val:0x12 size:0x4 type:read
[State 0]  pc:0x8008b5a address:0x20013fa4 val:0x8007425 size:0x4 type:read
[State 0] Ex Block pc: 0x8007424 lr:0x8008a6d
[State 0] Inst Executing 0x8007424
[State 0] Inst Executing 0x8007426
[State 0]  pc:0x8007426 address:0x20013fa8 val:0x20 size:0x4 type:read
[State 0]  pc:0x8007426 address:0x20013fac val:0x800750d size:0x4 type:read
[State 0] Ex Block pc: 0x800750c lr:0x8008a6d
[State 0] Inst Executing 0x800750c
[State 0] Ex Block pc: 0x80074da lr:0x8008a6d
[State 0] Inst Executing 0x80074da
[State 0]  pc:0x80074da address:0x20000808 val:0x40004400 size:0x4 type:read
[State 0] Inst Executing 0x80074dc
[State 0] Ex Block pc: 0x80074dc lr:0x8008a6d
[State 0] Inst Executing 0x80074dc
1 [State 0] uARCUS: hardware read pc 0x80074dc addr 0x40004400 size 0x4 original 0x0 new 0x0
[State 0]  pc:0x80074dc address:0x40004400 val:0x0 size:0x4 type:read
[State 0] Inst Executing 0x80074de
1 [State 0] uARCUS: hardware read pc 0x80074de addr 0x4000440c size 0x4 original 0x0 new 0x0
[State 0]  pc:0x80074de address:0x4000440c val:0x0 size:0x4 type:read
[State 0] Inst Executing 0x80074e0
[State 0] Inst Executing 0x80074e4
[State 0] Inst Executing 0x80074e8
[State 0] Ex Block pc: 0x80074ec lr:0x8008a6d
[State 0] Inst Executing 0x80074ec
[State 0]  pc:0x80074ec address:0x20000808 val:0x40004400 size:0x4 type:read
[State 0] Inst Executing 0x80074ee
[State 0] Ex Block pc: 0x80074ee lr:0x8008a6d
[State 0] Inst Executing 0x80074ee
1 [State 0] uARCUS: hardware read pc 0x80074ee addr 0x40004400 size 0x4 original 0x0 new 0x0
[State 0]  pc:0x80074ee address:0x40004400 val:0x0 size:0x4 type:read
[State 0] Inst Executing 0x80074f0
1 [State 0] uARCUS: hardware read pc 0x80074f0 addr 0x4000440c size 0x4 original 0x0 new 0x0
[State 0]  pc:0x80074f0 address:0x4000440c val:0x0 size:0x4 type:read
[State 0] Inst Executing 0x80074f2
[State 0] Inst Executing 0x80074f6
[State 0] Inst Executing 0x80074fa
[State 0] Ex Block pc: 0x80074fe lr:0x8008a6d
[State 0] Inst Executing 0x80074fe
[State 0]  pc:0x80074fe address:0x20000844 val:0x0 size:0x4 type:read
[State 0] Inst Executing 0x8007500
[State 0] Ex Block pc: 0x8007502 lr:0x8008a6d
[State 0] Inst Executing 0x8007502
[State 0] Inst Executing 0x8007504
[State 0]  pc:0x8007504 address:0x20013fb8 val:0x0 size:0x4 type:read
[State 0]  pc:0x8007504 address:0x20013fbc val:0x8008c29 size:0x4 type:read
[State 0] Ex Block pc: 0x8008c28 lr:0x8008a6d
[State 0] Inst Executing 0x8008c28
[State 0]  pc:0x8008c28 address:0x20013fc0 val:0x0 size:0x4 type:read
[State 0]  pc:0x8008c28 address:0x20013fc4 val:0xfffffff9 size:0x4 type:read
[State 0] onException pc: 0xfffffff8 vec: 54
1 [State 0] uARCUS: onException exit, irq_no: 54
[State 0] Ex Block pc: 0x800369c lr:0x8002ad7 firmata::FirmataClass::available()
[State 0] Inst Executing 0x800369c
[State 0]  pc:0x800369c address:0x20013fe0 val:0x0 size:0x4 type:write
[State 0]  pc:0x800369c address:0x20013fe4 val:0x8002ad7 size:0x4 type:write
[State 0] Inst Executing 0x800369e
[State 0]  pc:0x800369e address:0x20000490 val:0x20000730 size:0x4 type:read
[State 0] Inst Executing 0x80036a2
[State 0]  pc:0x80036a2 address:0x20000730 val:0x800afd0 size:0x4 type:read
[State 0] Inst Executing 0x80036a4
[State 0]  pc:0x80036a4 address:0x800afd8 val:0x8008fcb size:0x4 type:read
[State 0] Inst Executing 0x80036a6
[State 0] Ex Block pc: 0x8008fca lr:0x80036a9 HardwareSerial::available()
[State 0] Inst Executing 0x8008fca
[State 0]  pc:0x8008fca address:0x20000864 val:0x5 size:0x2 type:read
[State 0] Inst Executing 0x8008fce
[State 0] Inst Executing 0x8008fd0
[State 0] Inst Executing 0x8008fd2
[State 0]  pc:0x8008fd2 address:0x20000866 val:0x4 size:0x2 type:read
[State 0] Inst Executing 0x8008fd6
[State 0] Inst Executing 0x8008fd8
[State 0] Inst Executing 0x8008fdc
[State 0] Ex Block pc: 0x80036a8 lr:0x80036a9
[State 0] Inst Executing 0x80036a8
[State 0]  pc:0x80036a8 address:0x20013fe0 val:0x0 size:0x4 type:read
[State 0]  pc:0x80036a8 address:0x20013fe4 val:0x8002ad7 size:0x4 type:read
[State 0] Ex Block pc: 0x8002ad6 lr:0x80036a9
[State 0] Inst Executing 0x8002ad6
[State 0] Ex Block pc: 0x8002ad8 lr:0x80036a9
[State 0] Inst Executing 0x8002ad8
[State 0]  pc:0x8002ad8 address:0x8002bb4 val:0x200003d0 size:0x4 type:read
[State 0] Inst Executing 0x8002ada
[State 0] Ex Block pc: 0x80036aa lr:0x8002adf firmata::FirmataClass::processInput()
[State 0] Inst Executing 0x80036aa
[State 0]  pc:0x80036aa address:0x20013fe0 val:0x0 size:0x4 type:write
[State 0]  pc:0x80036aa address:0x20013fe4 val:0x8002adf size:0x4 type:write
[State 0] Inst Executing 0x80036ac
[State 0] Inst Executing 0x80036ae
[State 0]  pc:0x80036ae address:0x20000490 val:0x20000730 size:0x4 type:read
[State 0] Inst Executing 0x80036b2
[State 0]  pc:0x80036b2 address:0x20000730 val:0x800afd0 size:0x4 type:read
[State 0] Inst Executing 0x80036b4
[State 0]  pc:0x80036b4 address:0x800afdc val:0x8008ffb size:0x4 type:read
[State 0] Inst Executing 0x80036b6
[State 0] Ex Block pc: 0x8008ffa lr:0x80036b9 HardwareSerial::read()
[State 0] Inst Executing 0x8008ffa
[State 0]  pc:0x8008ffa address:0x20000864 val:0x5 size:0x2 type:read
[State 0] Inst Executing 0x8008ffe
[State 0] Ex Block pc: 0x8009000 lr:0x80036b9
[State 0] Inst Executing 0x8009000
[State 0]  pc:0x8009000 address:0x20000866 val:0x4 size:0x2 type:read
[State 0] Inst Executing 0x8009004
[State 0] Inst Executing 0x8009006
[State 0] Ex Block pc: 0x8009008 lr:0x80036b9
[State 0] Inst Executing 0x8009008
[State 0]  pc:0x8009008 address:0x20000860 val:0x20000741 size:0x4 type:read
[State 0] Inst Executing 0x800900c
[State 0]  pc:0x800900c address:0x20000745 val:0x0 size:0x1 type:read
[State 0] Inst Executing 0x800900e
[State 0] Inst Executing 0x8009010
[State 0] Inst Executing 0x8009014
[State 0]  pc:0x8009014 address:0x20000866 val:0x5 size:0x2 type:write
[State 0] Inst Executing 0x8009018
[State 0] Inst Executing 0x800901a
[State 0] Ex Block pc: 0x80036b8 lr:0x80036b9
[State 0] Inst Executing 0x80036b8
[State 0] Inst Executing 0x80036bc
[State 0] Ex Block pc: 0x80036be lr:0x80036b9
[State 0] Inst Executing 0x80036be
[State 0] Inst Executing 0x80036c0
[State 0] Inst Executing 0x80036c4
[State 0] Ex Block pc: 0x8003c50 lr:0x80036c9 firmata::FirmataParser::parse(unsigned
[State 0] Inst Executing 0x8003c50
[State 0]  pc:0x8003c50 address:0x20013fd8 val:0x200003d0 size:0x4 type:write
[State 0]  pc:0x8003c50 address:0x20013fdc val:0x80036c9 size:0x4 type:write
[State 0] Inst Executing 0x8003c52
[State 0] Inst Executing 0x8003c54
[State 0]  pc:0x8003c54 address:0x20000428 val:0x0 size:0x1 type:read
[State 0] Inst Executing 0x8003c56
[State 0] Ex Block pc: 0x8003c74 lr:0x80036c9
[State 0] Inst Executing 0x8003c74
[State 0]  pc:0x8003c74 address:0x20000424 val:0x0 size:0x4 type:read
[State 0] Inst Executing 0x8003c76
[State 0] Ex Block pc: 0x8003c7c lr:0x80036c9
[State 0] Inst Executing 0x8003c7c
[State 0] Inst Executing 0x8003c7e
[State 0] Ex Block pc: 0x8003c80 lr:0x80036c9
[State 0] Inst Executing 0x8003c80
[State 0] Inst Executing 0x8003c84
[State 0]  pc:0x8003c84 address:0x20000421 val:0x0 size:0x1 type:write
[State 0] Inst Executing 0x8003c86
[State 0] Inst Executing 0x8003c8a
[State 0] Inst Executing 0x8003c8c
[State 0] Ex Block pc: 0x8003c8e lr:0x80036c9
[State 0] Inst Executing 0x8003c8e
[State 0] Ex Block pc: 0x8003d4e lr:0x80036c9
[State 0] Inst Executing 0x8003d4e
[State 0] Inst Executing 0x8003d50
[State 0] Ex Block pc: 0x8003d52 lr:0x80036c9
[State 0] Inst Executing 0x8003d52
[State 0] Ex Block pc: 0x8003d5e lr:0x80036c9
[State 0] Inst Executing 0x8003d5e
[State 0] Inst Executing 0x8003d60
[State 0] Ex Block pc: 0x8003d6a lr:0x80036c9
[State 0] Inst Executing 0x8003d6a
[State 0]  pc:0x8003d6a address:0x20013fd8 val:0x200003d0 size:0x4 type:read
[State 0]  pc:0x8003d6a address:0x20013fdc val:0x80036c9 size:0x4 type:read
[State 0] Ex Block pc: 0x80036c8 lr:0x80036c9
[State 0] Inst Executing 0x80036c8
[State 0]  pc:0x80036c8 address:0x20013fe0 val:0x0 size:0x4 type:read
[State 0]  pc:0x80036c8 address:0x20013fe4 val:0x8002adf size:0x4 type:read
[State 0] Ex Block pc: 0x8002ade lr:0x80036c9
[State 0] Inst Executing 0x8002ade
[State 0] Ex Block pc: 0x8002ad0 lr:0x80036c9
[State 0] Inst Executing 0x8002ad0
1 [State 0] uARCUS: External Interrupt:38
1 [State 0] uARCUS: test interrupt_flag 0 request:0 halted: 0 excp_idx: -1
orig vec_enabled: 1
[State 0]  pc:0x8002ad0 address:0x8002bb4 val:0x200003d0 size:0x4 type:read
[State 0] Inst Executing 0x8002ad2
[State 0] onException pc: 0x800369c vec: 0
[State 0] Ex Block pc: 0x8008c18 lr:0xfffffff9 USART2_IRQHandler
[State 0] Inst Executing 0x8008c18
[State 0]  pc:0x8008c18 address:0x20013fc0 val:0x0 size:0x4 type:write
[State 0]  pc:0x8008c18 address:0x20013fc4 val:0xfffffff9 size:0x4 type:write
[State 0] Inst Executing 0x8008c1a
[State 0] Inst Executing 0x8008c1c
[State 0] Ex Block pc: 0x80046bc lr:0x8008c21 HAL_NVIC_ClearPendingIRQ
[State 0] Inst Executing 0x80046bc
[State 0] Inst Executing 0x80046be
[State 0] Ex Block pc: 0x80046c0 lr:0x8008c21
[State 0] Inst Executing 0x80046c0
[State 0] Inst Executing 0x80046c2
[State 0] Inst Executing 0x80046c6
[State 0] Inst Executing 0x80046c8
[State 0] Inst Executing 0x80046cc
[State 0] Inst Executing 0x80046ce
[State 0]  pc:0x80046ce address:0x80046d8 val:0xe000e100 size:0x4 type:read
[State 0] Inst Executing 0x80046d0
[State 0]  pc:0x80046d0 address:0xe000e284 val:0x40 size:0x4 type:write
[State 0] Inst Executing 0x80046d4
[State 0] Ex Block pc: 0x8008c20 lr:0x8008c21
[State 0] Inst Executing 0x8008c20
[State 0]  pc:0x8008c20 address:0x8008c2c val:0x200006d8 size:0x4 type:read
[State 0] Inst Executing 0x8008c22
[State 0]  pc:0x8008c22 address:0x200006dc val:0x20000808 size:0x4 type:read
[State 0] Inst Executing 0x8008c24
[State 0] Ex Block pc: 0x800746e lr:0x8008c29 HAL_UART_IRQHandler
[State 0] Inst Executing 0x800746e
[State 0]  pc:0x800746e address:0x20013fb8 val:0x0 size:0x4 type:write
[State 0]  pc:0x800746e address:0x20013fbc val:0x8008c29 size:0x4 type:write
[State 0] Inst Executing 0x8007470
[State 0] Inst Executing 0x8007472
[State 0] Inst Executing 0x8007474
[State 0]  pc:0x8007474 address:0x20000808 val:0x40004400 size:0x4 type:read
[State 0] Inst Executing 0x8007476
[State 0] Ex Block pc: 0x8007476 lr:0x8008c29
[State 0] Inst Executing 0x8007476
1 [State 0] uARCUS: hardware read pc 0x8007476 addr 0x40004400 size 0x4 original 0x0 new 0x1
[State 0]  pc:0x8007476 address:0x40004400 val:0x1 size:0x4 type:read
[State 0] Inst Executing 0x8007478
1 [State 0] uARCUS: hardware read pc 0x8007478 addr 0x4000440c size 0x4 original 0x0 new 0x0
[State 0]  pc:0x8007478 address:0x4000440c val:0x0 size:0x4 type:read
[State 0] Inst Executing 0x800747a
[State 0] Inst Executing 0x800747e
[State 0] Ex Block pc: 0x8007480 lr:0x8008c29
[State 0] Inst Executing 0x8007480
[State 0] Inst Executing 0x8007484
[State 0] Ex Block pc: 0x800748e lr:0x8008c29
[State 0] Inst Executing 0x800748e
[State 0] Ex Block pc: 0x800748e lr:0x8008c29
[State 0] Inst Executing 0x800748e
1 [State 0] uARCUS: hardware read pc 0x800748e addr 0x40004400 size 0x4 original 0x0 new 0x2
[State 0]  pc:0x800748e address:0x40004400 val:0x2 size:0x4 type:read
[State 0] Inst Executing 0x8007490
1 [State 0] uARCUS: hardware read pc 0x8007490 addr 0x40004414 size 0x4 original 0x0 new 0x0
[State 0]  pc:0x8007490 address:0x40004414 val:0x0 size:0x4 type:read
[State 0] Inst Executing 0x8007492
[State 0] Inst Executing 0x8007496
[State 0] Inst Executing 0x800749a
[State 0] Ex Block pc: 0x800749c lr:0x8008c29
[State 0] Inst Executing 0x800749c
[State 0] Ex Block pc: 0x80074a6 lr:0x8008c29
[State 0] Inst Executing 0x80074a6
[State 0] Ex Block pc: 0x80074a6 lr:0x8008c29
[State 0] Inst Executing 0x80074a6
1 [State 0] uARCUS: hardware read pc 0x80074a6 addr 0x40004400 size 0x4 original 0x0 new 0x4
[State 0]  pc:0x80074a6 address:0x40004400 val:0x4 size:0x4 type:read
[State 0] Inst Executing 0x80074a8
[State 0] Inst Executing 0x80074ac
[State 0] Ex Block pc: 0x80074ae lr:0x8008c29
[State 0] Inst Executing 0x80074ae
[State 0] Ex Block pc: 0x80074b8 lr:0x8008c29
[State 0] Inst Executing 0x80074b8
[State 0] Ex Block pc: 0x80074b8 lr:0x8008c29
[State 0] Inst Executing 0x80074b8
1 [State 0] uARCUS: hardware read pc 0x80074b8 addr 0x40004400 size 0x4 original 0x0 new 0x8
[State 0]  pc:0x80074b8 address:0x40004400 val:0x8 size:0x4 type:read
[State 0] Inst Executing 0x80074ba
[State 0] Inst Executing 0x80074be
[State 0] Ex Block pc: 0x80074c0 lr:0x8008c29
[State 0] Inst Executing 0x80074c0
[State 0] Ex Block pc: 0x80074ca lr:0x8008c29
[State 0] Inst Executing 0x80074ca
[State 0] Ex Block pc: 0x80074ca lr:0x8008c29
[State 0] Inst Executing 0x80074ca
1 [State 0] uARCUS: hardware read pc 0x80074ca addr 0x40004400 size 0x4 original 0x0 new 0x20
[State 0]  pc:0x80074ca address:0x40004400 val:0x20 size:0x4 type:read
[State 0] Inst Executing 0x80074cc
1 [State 0] uARCUS: hardware read pc 0x80074cc addr 0x4000440c size 0x4 original 0x0 new 0x20
[State 0]  pc:0x80074cc address:0x4000440c val:0x20 size:0x4 type:read
[State 0] Inst Executing 0x80074ce
[State 0] Inst Executing 0x80074d2
[State 0] Inst Executing 0x80074d6
[State 0] Ex Block pc: 0x80074d8 lr:0x8008c29
[State 0] Inst Executing 0x80074d8
[State 0] Ex Block pc: 0x8007506 lr:0x8008c29
[State 0] Inst Executing 0x8007506
[State 0] Inst Executing 0x8007508
[State 0] Ex Block pc: 0x80073b8 lr:0x800750d UART_Receive_IT
[State 0] Inst Executing 0x80073b8
[State 0]  pc:0x80073b8 address:0x20013fa8 val:0x20 size:0x4 type:write
[State 0]  pc:0x80073b8 address:0x20013fac val:0x800750d size:0x4 type:write
[State 0] Inst Executing 0x80073ba
[State 0]  pc:0x80073ba address:0x20000841 val:0x32 size:0x1 type:read
[State 0] Inst Executing 0x80073be
[State 0] Inst Executing 0x80073c0
[State 0] Inst Executing 0x80073c2
[State 0] Ex Block pc: 0x80073c4 lr:0x800750d
[State 0] Inst Executing 0x80073c4
[State 0] Inst Executing 0x80073c6
[State 0] Ex Block pc: 0x80073cc lr:0x800750d
[State 0] Inst Executing 0x80073cc
[State 0]  pc:0x80073cc address:0x20000810 val:0x0 size:0x4 type:read
[State 0] Inst Executing 0x80073ce
[State 0] Inst Executing 0x80073d2
[State 0] Ex Block pc: 0x80073d4 lr:0x800750d
[State 0] Inst Executing 0x80073d4
[State 0]  pc:0x80073d4 address:0x20000818 val:0x0 size:0x4 type:read
[State 0] Inst Executing 0x80073d6
[State 0] Inst Executing 0x80073d8
[State 0] Ex Block pc: 0x80073da lr:0x800750d
[State 0] Inst Executing 0x80073da
[State 0]  pc:0x80073da address:0x20000830 val:0x20000849 size:0x4 type:read
[State 0] Inst Executing 0x80073dc
[State 0] Inst Executing 0x80073de
[State 0]  pc:0x80073de address:0x20000830 val:0x2000084a size:0x4 type:write
[State 0] Inst Executing 0x80073e0
[State 0]  pc:0x80073e0 address:0x20000808 val:0x40004400 size:0x4 type:read
[State 0] Inst Executing 0x80073e2
[State 0] Ex Block pc: 0x80073e2 lr:0x800750d
[State 0] Inst Executing 0x80073e2
[State 0] user read pc 0x80073e2 addr 0x40004404 original 0x0 fuzzin 0x0 ptr 5
[State 0]  pc:0x80073e2 address:0x40004404 val:0x0 size:0x4 type:read
[State 0] Inst Executing 0x80073e4
[State 0]  pc:0x80073e4 address:0x20000849 val:0x0 size:0x1 type:write
[State 0] Inst Executing 0x80073e6
[State 0]  pc:0x80073e6 address:0x20000836 val:0x1 size:0x2 type:read
[State 0] Inst Executing 0x80073e8
[State 0] Inst Executing 0x80073ea
[State 0] Inst Executing 0x80073ec
[State 0]  pc:0x80073ec address:0x20000836 val:0x0 size:0x2 type:write
[State 0] Inst Executing 0x80073ee
[State 0] Inst Executing 0x80073f0
[State 0] Ex Block pc: 0x80073f2 lr:0x800750d
[State 0] Inst Executing 0x80073f2
[State 0]  pc:0x80073f2 address:0x20000808 val:0x40004400 size:0x4 type:read
[State 0] Inst Executing 0x80073f4
[State 0] Ex Block pc: 0x80073f4 lr:0x800750d
[State 0] Inst Executing 0x80073f4
1 [State 0] uARCUS: hardware read pc 0x80073f4 addr 0x4000440c size 0x4 original 0x0 new 0x0
[State 0]  pc:0x80073f4 address:0x4000440c val:0x0 size:0x4 type:read
[State 0] Inst Executing 0x80073f6
[State 0] Inst Executing 0x80073fa
[State 0]  pc:0x80073fa address:0x4000440c val:0x0 size:0x4 type:write
[State 0] Inst Executing 0x80073fc
[State 0]  pc:0x80073fc address:0x20000841 val:0x32 size:0x1 type:read
[State 0] Ex Block pc: 0x8007400 lr:0x800750d
[State 0] Inst Executing 0x8007400
[State 0] Inst Executing 0x8007402
[State 0] Inst Executing 0x8007404
[State 0] Ex Block pc: 0x8007462 lr:0x800750d
[State 0] Inst Executing 0x8007462
[State 0] Inst Executing 0x8007464
[State 0]  pc:0x8007464 address:0x20000841 val:0x12 size:0x1 type:write
[State 0] Inst Executing 0x8007468
[State 0] Ex Block pc: 0x8007420 lr:0x800750d
[State 0] Inst Executing 0x8007420
[State 0] Ex Block pc: 0x8008b50 lr:0x8007425 HAL_UART_RxCpltCallback
[State 0] Inst Executing 0x8008b50
[State 0]  pc:0x8008b50 address:0x20013fa0 val:0x12 size:0x4 type:write
[State 0]  pc:0x8008b50 address:0x20013fa4 val:0x8007425 size:0x4 type:write
[State 0] Inst Executing 0x8008b52
[State 0] Ex Block pc: 0x8008b2c lr:0x8008b57 uart_index
[State 0] Inst Executing 0x8008b2c
[State 0] Inst Executing 0x8008b2e
[State 0] Ex Block pc: 0x8008b30 lr:0x8008b57
[State 0] Inst Executing 0x8008b30
[State 0] Inst Executing 0x8008b32
[State 0] Inst Executing 0x8008b34
[State 0] Ex Block pc: 0x8008b36 lr:0x8008b57
[State 0] Inst Executing 0x8008b36
[State 0]  pc:0x8008b36 address:0x8008b4c val:0x200006d8 size:0x4 type:read
[State 0] Inst Executing 0x8008b38
[State 0]  pc:0x8008b38 address:0x200006d8 val:0x0 size:0x4 type:read
[State 0] Inst Executing 0x8008b3c
[State 0] Inst Executing 0x8008b3e
[State 0] Ex Block pc: 0x8008b40 lr:0x8008b57
[State 0] Inst Executing 0x8008b40
[State 0] Inst Executing 0x8008b42
[State 0] Inst Executing 0x8008b44
[State 0] Ex Block pc: 0x8008b32 lr:0x8008b57
[State 0] Inst Executing 0x8008b32
[State 0] Inst Executing 0x8008b34
[State 0] Ex Block pc: 0x8008b36 lr:0x8008b57
[State 0] Inst Executing 0x8008b36
[State 0]  pc:0x8008b36 address:0x8008b4c val:0x200006d8 size:0x4 type:read
[State 0] Inst Executing 0x8008b38
[State 0]  pc:0x8008b38 address:0x200006dc val:0x20000808 size:0x4 type:read
[State 0] Inst Executing 0x8008b3c
[State 0] Inst Executing 0x8008b3e
[State 0] Ex Block pc: 0x8008b4a lr:0x8008b57
[State 0] Inst Executing 0x8008b4a
[State 0] Ex Block pc: 0x8008b56 lr:0x8008b57
[State 0] Inst Executing 0x8008b56
[State 0] Inst Executing 0x8008b58
[State 0] Ex Block pc: 0x8008b5c lr:0x8008b57
[State 0] Inst Executing 0x8008b5c
[State 0]  pc:0x8008b5c address:0x8008b6c val:0x20000688 size:0x4 type:read
[State 0] Inst Executing 0x8008b5e
[State 0]  pc:0x8008b5e address:0x2000068c val:0x8009037 size:0x4 type:read
[State 0] Inst Executing 0x8008b62
[State 0]  pc:0x8008b62 address:0x8008b70 val:0x2000069c size:0x4 type:read
[State 0] Inst Executing 0x8008b64
[State 0]  pc:0x8008b64 address:0x200006a0 val:0x20000804 size:0x4 type:read
[State 0] Inst Executing 0x8008b68
[State 0] Ex Block pc: 0x8009036 lr:0x8008b6b HardwareSerial::_rx_complete_irq(serial_s*)
[State 0] Inst Executing 0x8009036
[State 0]  pc:0x8009036 address:0x20013f98 val:0x20000808 size:0x4 type:write
[State 0]  pc:0x8009036 address:0x20013f9c val:0x8008b6b size:0x4 type:write
[State 0] Inst Executing 0x8009038
[State 0] Inst Executing 0x800903a
[State 0] Inst Executing 0x800903c
[State 0] Inst Executing 0x8009040
[State 0] Ex Block pc: 0x8008a44 lr:0x8009045 uart_getc
[State 0] Inst Executing 0x8008a44
[State 0] Ex Block pc: 0x8008a46 lr:0x8009045
[State 0] Inst Executing 0x8008a46
[State 0]  pc:0x8008a46 address:0x20013f80 val:0x8009037 size:0x4 type:write
[State 0]  pc:0x8008a46 address:0x20013f84 val:0x20000804 size:0x4 type:write
[State 0]  pc:0x8008a46 address:0x20013f88 val:0x0 size:0x4 type:write
[State 0]  pc:0x8008a46 address:0x20013f8c val:0x8009045 size:0x4 type:write
[State 0] Inst Executing 0x8008a48
[State 0] Inst Executing 0x8008a4a
[State 0] Inst Executing 0x8008a4c
[State 0] Ex Block pc: 0x80089fc lr:0x8008a51 serial_rx_active
[State 0] Inst Executing 0x80089fc
[State 0]  pc:0x80089fc address:0x20013f78 val:0x8009037 size:0x4 type:write
[State 0]  pc:0x80089fc address:0x20013f7c val:0x8008a51 size:0x4 type:write
[State 0] Inst Executing 0x80089fe
[State 0]  pc:0x80089fe address:0x20000848 val:0x1 size:0x1 type:read
[State 0] Inst Executing 0x8008a02
[State 0]  pc:0x8008a02 address:0x8008a1c val:0x200006d8 size:0x4 type:read
[State 0] Inst Executing 0x8008a04
[State 0]  pc:0x8008a04 address:0x200006dc val:0x20000808 size:0x4 type:read
[State 0] Inst Executing 0x8008a08
[State 0] Ex Block pc: 0x8007538 lr:0x8008a0d HAL_UART_GetState
[State 0] Inst Executing 0x8007538
[State 0]  pc:0x8007538 address:0x20000841 val:0x12 size:0x1 type:read
[State 0] Inst Executing 0x800753c
[State 0] Ex Block pc: 0x8008a0c lr:0x8008a0d
[State 0] Inst Executing 0x8008a0c
[State 0] Inst Executing 0x8008a10
[State 0] Inst Executing 0x8008a12
[State 0] Inst Executing 0x8008a14
[State 0] Inst Executing 0x8008a16
[State 0] Inst Executing 0x8008a18
[State 0]  pc:0x8008a18 address:0x20013f78 val:0x8009037 size:0x4 type:read
[State 0]  pc:0x8008a18 address:0x20013f7c val:0x8008a51 size:0x4 type:read
[State 0] Ex Block pc: 0x8008a50 lr:0x8008a0d
[State 0] Inst Executing 0x8008a50
[State 0] Ex Block pc: 0x8008a52 lr:0x8008a0d
[State 0] Inst Executing 0x8008a52
[State 0]  pc:0x8008a52 address:0x20000849 val:0x0 size:0x1 type:read
[State 0] Inst Executing 0x8008a56
[State 0]  pc:0x8008a56 address:0x20013f97 val:0x0 size:0x1 type:write
[State 0] Inst Executing 0x8008a58
[State 0]  pc:0x8008a58 address:0x20000848 val:0x1 size:0x1 type:read
[State 0] Inst Executing 0x8008a5c
[State 0] Inst Executing 0x8008a5e
[State 0] Inst Executing 0x8008a62
[State 0]  pc:0x8008a62 address:0x8008a7c val:0x200006d8 size:0x4 type:read
[State 0] Inst Executing 0x8008a64
[State 0]  pc:0x8008a64 address:0x200006dc val:0x20000808 size:0x4 type:read
[State 0] Inst Executing 0x8008a68
[State 0] Ex Block pc: 0x8007312 lr:0x8008a6d HAL_UART_Receive_IT
[State 0] Inst Executing 0x8007312
[State 0]  pc:0x8007312 address:0x20000841 val:0x12 size:0x1 type:read
[State 0] Inst Executing 0x8007316
[State 0] Inst Executing 0x8007318
[State 0] Inst Executing 0x800731a
[State 0] Ex Block pc: 0x800731c lr:0x8008a6d
[State 0] Inst Executing 0x800731c
[State 0] Inst Executing 0x800731e
[State 0] Ex Block pc: 0x8007324 lr:0x8008a6d
[State 0] Inst Executing 0x8007324
[State 0] Ex Block pc: 0x8007326 lr:0x8008a6d
[State 0] Inst Executing 0x8007326
[State 0] Ex Block pc: 0x8007328 lr:0x8008a6d
[State 0] Inst Executing 0x8007328
[State 0]  pc:0x8007328 address:0x20000840 val:0x0 size:0x1 type:read
[State 0] Inst Executing 0x800732c
[State 0] Inst Executing 0x800732e
[State 0] Ex Block pc: 0x8007330 lr:0x8008a6d
[State 0] Inst Executing 0x8007330
[State 0] Inst Executing 0x8007332
[State 0]  pc:0x8007332 address:0x20000840 val:0x1 size:0x1 type:write
[State 0] Inst Executing 0x8007336
[State 0]  pc:0x8007336 address:0x20000830 val:0x20000849 size:0x4 type:write
[State 0] Inst Executing 0x8007338
[State 0]  pc:0x8007338 address:0x20000834 val:0x1 size:0x2 type:write
[State 0] Inst Executing 0x800733a
[State 0]  pc:0x800733a address:0x20000836 val:0x1 size:0x2 type:write
[State 0] Inst Executing 0x800733c
[State 0] Inst Executing 0x800733e
[State 0]  pc:0x800733e address:0x20000844 val:0x0 size:0x4 type:write
[State 0] Inst Executing 0x8007340
[State 0]  pc:0x8007340 address:0x20000841 val:0x12 size:0x1 type:read
[State 0] Inst Executing 0x8007344
[State 0] Inst Executing 0x8007346
[State 0] Inst Executing 0x8007348
[State 0] Ex Block pc: 0x8007378 lr:0x8008a6d
[State 0] Inst Executing 0x8007378
[State 0] Inst Executing 0x800737a
[State 0]  pc:0x800737a address:0x20000841 val:0x32 size:0x1 type:write
[State 0] Inst Executing 0x800737e
[State 0] Ex Block pc: 0x8007350 lr:0x8008a6d
[State 0] Inst Executing 0x8007350
[State 0] Inst Executing 0x8007352
[State 0]  pc:0x8007352 address:0x20000840 val:0x0 size:0x1 type:write
[State 0] Inst Executing 0x8007356
[State 0]  pc:0x8007356 address:0x20000808 val:0x40004400 size:0x4 type:read
[State 0] Inst Executing 0x8007358
[State 0] Ex Block pc: 0x8007358 lr:0x8008a6d
[State 0] Inst Executing 0x8007358
1 [State 0] uARCUS: hardware read pc 0x8007358 addr 0x4000440c size 0x4 original 0x0 new 0x0
[State 0]  pc:0x8007358 address:0x4000440c val:0x0 size:0x4 type:read
[State 0] Inst Executing 0x800735a
[State 0] Inst Executing 0x800735e
[State 0]  pc:0x800735e address:0x4000440c val:0x100 size:0x4 type:write
[State 0] Inst Executing 0x8007360
[State 0]  pc:0x8007360 address:0x20000808 val:0x40004400 size:0x4 type:read
[State 0] Inst Executing 0x8007362
1 [State 0] uARCUS: hardware read pc 0x8007362 addr 0x40004414 size 0x4 original 0x0 new 0x0
[State 0]  pc:0x8007362 address:0x40004414 val:0x0 size:0x4 type:read
[State 0] Inst Executing 0x8007364
[State 0] Inst Executing 0x8007368
[State 0]  pc:0x8007368 address:0x40004414 val:0x1 size:0x4 type:write
[State 0] Inst Executing 0x800736a
[State 0]  pc:0x800736a address:0x20000808 val:0x40004400 size:0x4 type:read
[State 0] Inst Executing 0x800736c
1 [State 0] uARCUS: hardware read pc 0x800736c addr 0x4000440c size 0x4 original 0x0 new 0x0
[State 0]  pc:0x800736c address:0x4000440c val:0x0 size:0x4 type:read
[State 0] Inst Executing 0x800736e
[State 0] Inst Executing 0x8007372
[State 0]  pc:0x8007372 address:0x4000440c val:0x20 size:0x4 type:write
[State 0] Inst Executing 0x8007374
[State 0] Inst Executing 0x8007376
[State 0] Ex Block pc: 0x8008a6c lr:0x8008a6d
[State 0] Inst Executing 0x8008a6c
[State 0] Inst Executing 0x8008a6e
[State 0]  pc:0x8008a6e address:0x20013f80 val:0x8009037 size:0x4 type:read
[State 0]  pc:0x8008a6e address:0x20013f84 val:0x20000804 size:0x4 type:read
[State 0]  pc:0x8008a6e address:0x20013f88 val:0x0 size:0x4 type:read
[State 0]  pc:0x8008a6e address:0x20013f8c val:0x8009045 size:0x4 type:read
[State 0] Ex Block pc: 0x8009044 lr:0x8008a6d
[State 0] Inst Executing 0x8009044
[State 0] Ex Block pc: 0x8009046 lr:0x8008a6d
[State 0] Inst Executing 0x8009046
[State 0]  pc:0x8009046 address:0x20000864 val:0x5 size:0x2 type:read
[State 0] Inst Executing 0x800904a
[State 0] Inst Executing 0x800904c
[State 0] Inst Executing 0x800904e
[State 0] Inst Executing 0x8009052
[State 0]  pc:0x8009052 address:0x20000866 val:0x5 size:0x2 type:read
[State 0] Inst Executing 0x8009056
[State 0] Inst Executing 0x8009058
[State 0] Ex Block pc: 0x800905a lr:0x8008a6d
[State 0] Inst Executing 0x800905a
[State 0]  pc:0x800905a address:0x20000860 val:0x20000741 size:0x4 type:read
[State 0] Inst Executing 0x800905c
[State 0]  pc:0x800905c address:0x20000864 val:0x5 size:0x2 type:read
[State 0] Inst Executing 0x8009060
[State 0] Inst Executing 0x8009062
[State 0]  pc:0x8009062 address:0x20013f97 val:0x0 size:0x1 type:read
[State 0] Inst Executing 0x8009066
[State 0]  pc:0x8009066 address:0x20000746 val:0x0 size:0x1 type:write
[State 0] Inst Executing 0x8009068
[State 0] Inst Executing 0x800906a
[State 0]  pc:0x800906a address:0x20000864 val:0x6 size:0x2 type:write
[State 0] Inst Executing 0x800906e
[State 0] Inst Executing 0x8009070
[State 0]  pc:0x8009070 address:0x20013f98 val:0x20000808 size:0x4 type:read
[State 0]  pc:0x8009070 address:0x20013f9c val:0x8008b6b size:0x4 type:read
[State 0] Ex Block pc: 0x8008b6a lr:0x8008a6d
[State 0] Inst Executing 0x8008b6a
[State 0] Ex Block pc: 0x8008b5a lr:0x8008a6d
[State 0] Inst Executing 0x8008b5a
[State 0]  pc:0x8008b5a address:0x20013fa0 val:0x12 size:0x4 type:read
[State 0]  pc:0x8008b5a address:0x20013fa4 val:0x8007425 size:0x4 type:read
[State 0] Ex Block pc: 0x8007424 lr:0x8008a6d
[State 0] Inst Executing 0x8007424
[State 0] Inst Executing 0x8007426
[State 0]  pc:0x8007426 address:0x20013fa8 val:0x20 size:0x4 type:read
[State 0]  pc:0x8007426 address:0x20013fac val:0x800750d size:0x4 type:read
[State 0] Ex Block pc: 0x800750c lr:0x8008a6d
[State 0] Inst Executing 0x800750c
[State 0] Ex Block pc: 0x80074da lr:0x8008a6d
[State 0] Inst Executing 0x80074da
[State 0]  pc:0x80074da address:0x20000808 val:0x40004400 size:0x4 type:read
[State 0] Inst Executing 0x80074dc
[State 0] Ex Block pc: 0x80074dc lr:0x8008a6d
[State 0] Inst Executing 0x80074dc
1 [State 0] uARCUS: hardware read pc 0x80074dc addr 0x40004400 size 0x4 original 0x0 new 0x0
[State 0]  pc:0x80074dc address:0x40004400 val:0x0 size:0x4 type:read
[State 0] Inst Executing 0x80074de
1 [State 0] uARCUS: hardware read pc 0x80074de addr 0x4000440c size 0x4 original 0x0 new 0x0
[State 0]  pc:0x80074de address:0x4000440c val:0x0 size:0x4 type:read
[State 0] Inst Executing 0x80074e0
[State 0] Inst Executing 0x80074e4
[State 0] Inst Executing 0x80074e8
[State 0] Ex Block pc: 0x80074ec lr:0x8008a6d
[State 0] Inst Executing 0x80074ec
[State 0]  pc:0x80074ec address:0x20000808 val:0x40004400 size:0x4 type:read
[State 0] Inst Executing 0x80074ee
[State 0] Ex Block pc: 0x80074ee lr:0x8008a6d
[State 0] Inst Executing 0x80074ee
1 [State 0] uARCUS: hardware read pc 0x80074ee addr 0x40004400 size 0x4 original 0x0 new 0x0
[State 0]  pc:0x80074ee address:0x40004400 val:0x0 size:0x4 type:read
[State 0] Inst Executing 0x80074f0
1 [State 0] uARCUS: hardware read pc 0x80074f0 addr 0x4000440c size 0x4 original 0x0 new 0x0
[State 0]  pc:0x80074f0 address:0x4000440c val:0x0 size:0x4 type:read
[State 0] Inst Executing 0x80074f2
[State 0] Inst Executing 0x80074f6
[State 0] Inst Executing 0x80074fa
[State 0] Ex Block pc: 0x80074fe lr:0x8008a6d
[State 0] Inst Executing 0x80074fe
[State 0]  pc:0x80074fe address:0x20000844 val:0x0 size:0x4 type:read
[State 0] Inst Executing 0x8007500
[State 0] Ex Block pc: 0x8007502 lr:0x8008a6d
[State 0] Inst Executing 0x8007502
[State 0] Inst Executing 0x8007504
[State 0]  pc:0x8007504 address:0x20013fb8 val:0x0 size:0x4 type:read
[State 0]  pc:0x8007504 address:0x20013fbc val:0x8008c29 size:0x4 type:read
[State 0] Ex Block pc: 0x8008c28 lr:0x8008a6d
[State 0] Inst Executing 0x8008c28
[State 0]  pc:0x8008c28 address:0x20013fc0 val:0x0 size:0x4 type:read
[State 0]  pc:0x8008c28 address:0x20013fc4 val:0xfffffff9 size:0x4 type:read
[State 0] onException pc: 0xfffffff8 vec: 54
1 [State 0] uARCUS: onException exit, irq_no: 54
[State 0] Ex Block pc: 0x800369c lr:0x8002ad7 firmata::FirmataClass::available()
[State 0] Inst Executing 0x800369c
[State 0]  pc:0x800369c address:0x20013fe0 val:0x0 size:0x4 type:write
[State 0]  pc:0x800369c address:0x20013fe4 val:0x8002ad7 size:0x4 type:write
[State 0] Inst Executing 0x800369e
[State 0]  pc:0x800369e address:0x20000490 val:0x20000730 size:0x4 type:read
[State 0] Inst Executing 0x80036a2
[State 0]  pc:0x80036a2 address:0x20000730 val:0x800afd0 size:0x4 type:read
[State 0] Inst Executing 0x80036a4
[State 0]  pc:0x80036a4 address:0x800afd8 val:0x8008fcb size:0x4 type:read
[State 0] Inst Executing 0x80036a6
[State 0] Ex Block pc: 0x8008fca lr:0x80036a9 HardwareSerial::available()
[State 0] Inst Executing 0x8008fca
[State 0]  pc:0x8008fca address:0x20000864 val:0x6 size:0x2 type:read
[State 0] Inst Executing 0x8008fce
[State 0] Inst Executing 0x8008fd0
[State 0] Inst Executing 0x8008fd2
[State 0]  pc:0x8008fd2 address:0x20000866 val:0x5 size:0x2 type:read
[State 0] Inst Executing 0x8008fd6
[State 0] Inst Executing 0x8008fd8
[State 0] Inst Executing 0x8008fdc
[State 0] Ex Block pc: 0x80036a8 lr:0x80036a9
[State 0] Inst Executing 0x80036a8
[State 0]  pc:0x80036a8 address:0x20013fe0 val:0x0 size:0x4 type:read
[State 0]  pc:0x80036a8 address:0x20013fe4 val:0x8002ad7 size:0x4 type:read
[State 0] Ex Block pc: 0x8002ad6 lr:0x80036a9
[State 0] Inst Executing 0x8002ad6
[State 0] Ex Block pc: 0x8002ad8 lr:0x80036a9
[State 0] Inst Executing 0x8002ad8
[State 0]  pc:0x8002ad8 address:0x8002bb4 val:0x200003d0 size:0x4 type:read
[State 0] Inst Executing 0x8002ada
[State 0] Ex Block pc: 0x80036aa lr:0x8002adf firmata::FirmataClass::processInput()
[State 0] Inst Executing 0x80036aa
[State 0]  pc:0x80036aa address:0x20013fe0 val:0x0 size:0x4 type:write
[State 0]  pc:0x80036aa address:0x20013fe4 val:0x8002adf size:0x4 type:write
[State 0] Inst Executing 0x80036ac
[State 0] Inst Executing 0x80036ae
[State 0]  pc:0x80036ae address:0x20000490 val:0x20000730 size:0x4 type:read
[State 0] Inst Executing 0x80036b2
[State 0]  pc:0x80036b2 address:0x20000730 val:0x800afd0 size:0x4 type:read
[State 0] Inst Executing 0x80036b4
[State 0]  pc:0x80036b4 address:0x800afdc val:0x8008ffb size:0x4 type:read
[State 0] Inst Executing 0x80036b6
[State 0] Ex Block pc: 0x8008ffa lr:0x80036b9 HardwareSerial::read()
[State 0] Inst Executing 0x8008ffa
[State 0]  pc:0x8008ffa address:0x20000864 val:0x6 size:0x2 type:read
[State 0] Inst Executing 0x8008ffe
[State 0] Ex Block pc: 0x8009000 lr:0x80036b9
[State 0] Inst Executing 0x8009000
[State 0]  pc:0x8009000 address:0x20000866 val:0x5 size:0x2 type:read
[State 0] Inst Executing 0x8009004
[State 0] Inst Executing 0x8009006
[State 0] Ex Block pc: 0x8009008 lr:0x80036b9
[State 0] Inst Executing 0x8009008
[State 0]  pc:0x8009008 address:0x20000860 val:0x20000741 size:0x4 type:read
[State 0] Inst Executing 0x800900c
[State 0]  pc:0x800900c address:0x20000746 val:0x0 size:0x1 type:read
[State 0] Inst Executing 0x800900e
[State 0] Inst Executing 0x8009010
[State 0] Inst Executing 0x8009014
[State 0]  pc:0x8009014 address:0x20000866 val:0x6 size:0x2 type:write
[State 0] Inst Executing 0x8009018
[State 0] Inst Executing 0x800901a
[State 0] Ex Block pc: 0x80036b8 lr:0x80036b9
[State 0] Inst Executing 0x80036b8
[State 0] Inst Executing 0x80036bc
[State 0] Ex Block pc: 0x80036be lr:0x80036b9
[State 0] Inst Executing 0x80036be
[State 0] Inst Executing 0x80036c0
[State 0] Inst Executing 0x80036c4
[State 0] Ex Block pc: 0x8003c50 lr:0x80036c9 firmata::FirmataParser::parse(unsigned
[State 0] Inst Executing 0x8003c50
[State 0]  pc:0x8003c50 address:0x20013fd8 val:0x200003d0 size:0x4 type:write
[State 0]  pc:0x8003c50 address:0x20013fdc val:0x80036c9 size:0x4 type:write
[State 0] Inst Executing 0x8003c52
[State 0] Inst Executing 0x8003c54
[State 0]  pc:0x8003c54 address:0x20000428 val:0x0 size:0x1 type:read
[State 0] Inst Executing 0x8003c56
[State 0] Ex Block pc: 0x8003c74 lr:0x80036c9
[State 0] Inst Executing 0x8003c74
[State 0]  pc:0x8003c74 address:0x20000424 val:0x0 size:0x4 type:read
[State 0] Inst Executing 0x8003c76
[State 0] Ex Block pc: 0x8003c7c lr:0x80036c9
[State 0] Inst Executing 0x8003c7c
[State 0] Inst Executing 0x8003c7e
[State 0] Ex Block pc: 0x8003c80 lr:0x80036c9
[State 0] Inst Executing 0x8003c80
[State 0] Inst Executing 0x8003c84
[State 0]  pc:0x8003c84 address:0x20000421 val:0x0 size:0x1 type:write
[State 0] Inst Executing 0x8003c86
[State 0] Inst Executing 0x8003c8a
[State 0] Inst Executing 0x8003c8c
[State 0] Ex Block pc: 0x8003c8e lr:0x80036c9
[State 0] Inst Executing 0x8003c8e
[State 0] Ex Block pc: 0x8003d4e lr:0x80036c9
[State 0] Inst Executing 0x8003d4e
[State 0] Inst Executing 0x8003d50
[State 0] Ex Block pc: 0x8003d52 lr:0x80036c9
[State 0] Inst Executing 0x8003d52
[State 0] Ex Block pc: 0x8003d5e lr:0x80036c9
[State 0] Inst Executing 0x8003d5e
[State 0] Inst Executing 0x8003d60
[State 0] Ex Block pc: 0x8003d6a lr:0x80036c9
[State 0] Inst Executing 0x8003d6a
[State 0]  pc:0x8003d6a address:0x20013fd8 val:0x200003d0 size:0x4 type:read
[State 0]  pc:0x8003d6a address:0x20013fdc val:0x80036c9 size:0x4 type:read
[State 0] Ex Block pc: 0x80036c8 lr:0x80036c9
[State 0] Inst Executing 0x80036c8
[State 0]  pc:0x80036c8 address:0x20013fe0 val:0x0 size:0x4 type:read
[State 0]  pc:0x80036c8 address:0x20013fe4 val:0x8002adf size:0x4 type:read
[State 0] Ex Block pc: 0x8002ade lr:0x80036c9
[State 0] Inst Executing 0x8002ade
[State 0] Ex Block pc: 0x8002ad0 lr:0x80036c9
[State 0] Inst Executing 0x8002ad0
1 [State 0] uARCUS: External Interrupt:38
1 [State 0] uARCUS: test interrupt_flag 0 request:0 halted: 0 excp_idx: -1
orig vec_enabled: 1
[State 0]  pc:0x8002ad0 address:0x8002bb4 val:0x200003d0 size:0x4 type:read
[State 0] Inst Executing 0x8002ad2
[State 0] onException pc: 0x800369c vec: 0
[State 0] Ex Block pc: 0x8008c18 lr:0xfffffff9 USART2_IRQHandler
[State 0] Inst Executing 0x8008c18
[State 0]  pc:0x8008c18 address:0x20013fc0 val:0x0 size:0x4 type:write
[State 0]  pc:0x8008c18 address:0x20013fc4 val:0xfffffff9 size:0x4 type:write
[State 0] Inst Executing 0x8008c1a
[State 0] Inst Executing 0x8008c1c
[State 0] Ex Block pc: 0x80046bc lr:0x8008c21 HAL_NVIC_ClearPendingIRQ
[State 0] Inst Executing 0x80046bc
[State 0] Inst Executing 0x80046be
[State 0] Ex Block pc: 0x80046c0 lr:0x8008c21
[State 0] Inst Executing 0x80046c0
[State 0] Inst Executing 0x80046c2
[State 0] Inst Executing 0x80046c6
[State 0] Inst Executing 0x80046c8
[State 0] Inst Executing 0x80046cc
[State 0] Inst Executing 0x80046ce
[State 0]  pc:0x80046ce address:0x80046d8 val:0xe000e100 size:0x4 type:read
[State 0] Inst Executing 0x80046d0
[State 0]  pc:0x80046d0 address:0xe000e284 val:0x40 size:0x4 type:write
[State 0] Inst Executing 0x80046d4
[State 0] Ex Block pc: 0x8008c20 lr:0x8008c21
[State 0] Inst Executing 0x8008c20
[State 0]  pc:0x8008c20 address:0x8008c2c val:0x200006d8 size:0x4 type:read
[State 0] Inst Executing 0x8008c22
[State 0]  pc:0x8008c22 address:0x200006dc val:0x20000808 size:0x4 type:read
[State 0] Inst Executing 0x8008c24
[State 0] Ex Block pc: 0x800746e lr:0x8008c29 HAL_UART_IRQHandler
[State 0] Inst Executing 0x800746e
[State 0]  pc:0x800746e address:0x20013fb8 val:0x0 size:0x4 type:write
[State 0]  pc:0x800746e address:0x20013fbc val:0x8008c29 size:0x4 type:write
[State 0] Inst Executing 0x8007470
[State 0] Inst Executing 0x8007472
[State 0] Inst Executing 0x8007474
[State 0]  pc:0x8007474 address:0x20000808 val:0x40004400 size:0x4 type:read
[State 0] Inst Executing 0x8007476
[State 0] Ex Block pc: 0x8007476 lr:0x8008c29
[State 0] Inst Executing 0x8007476
1 [State 0] uARCUS: hardware read pc 0x8007476 addr 0x40004400 size 0x4 original 0x0 new 0x1
[State 0]  pc:0x8007476 address:0x40004400 val:0x1 size:0x4 type:read
[State 0] Inst Executing 0x8007478
1 [State 0] uARCUS: hardware read pc 0x8007478 addr 0x4000440c size 0x4 original 0x0 new 0x0
[State 0]  pc:0x8007478 address:0x4000440c val:0x0 size:0x4 type:read
[State 0] Inst Executing 0x800747a
[State 0] Inst Executing 0x800747e
[State 0] Ex Block pc: 0x8007480 lr:0x8008c29
[State 0] Inst Executing 0x8007480
[State 0] Inst Executing 0x8007484
[State 0] Ex Block pc: 0x800748e lr:0x8008c29
[State 0] Inst Executing 0x800748e
[State 0] Ex Block pc: 0x800748e lr:0x8008c29
[State 0] Inst Executing 0x800748e
1 [State 0] uARCUS: hardware read pc 0x800748e addr 0x40004400 size 0x4 original 0x0 new 0x2
[State 0]  pc:0x800748e address:0x40004400 val:0x2 size:0x4 type:read
[State 0] Inst Executing 0x8007490
1 [State 0] uARCUS: hardware read pc 0x8007490 addr 0x40004414 size 0x4 original 0x0 new 0x0
[State 0]  pc:0x8007490 address:0x40004414 val:0x0 size:0x4 type:read
[State 0] Inst Executing 0x8007492
[State 0] Inst Executing 0x8007496
[State 0] Inst Executing 0x800749a
[State 0] Ex Block pc: 0x800749c lr:0x8008c29
[State 0] Inst Executing 0x800749c
[State 0] Ex Block pc: 0x80074a6 lr:0x8008c29
[State 0] Inst Executing 0x80074a6
[State 0] Ex Block pc: 0x80074a6 lr:0x8008c29
[State 0] Inst Executing 0x80074a6
1 [State 0] uARCUS: hardware read pc 0x80074a6 addr 0x40004400 size 0x4 original 0x0 new 0x4
[State 0]  pc:0x80074a6 address:0x40004400 val:0x4 size:0x4 type:read
[State 0] Inst Executing 0x80074a8
[State 0] Inst Executing 0x80074ac
[State 0] Ex Block pc: 0x80074ae lr:0x8008c29
[State 0] Inst Executing 0x80074ae
[State 0] Ex Block pc: 0x80074b8 lr:0x8008c29
[State 0] Inst Executing 0x80074b8
[State 0] Ex Block pc: 0x80074b8 lr:0x8008c29
[State 0] Inst Executing 0x80074b8
1 [State 0] uARCUS: hardware read pc 0x80074b8 addr 0x40004400 size 0x4 original 0x0 new 0x8
[State 0]  pc:0x80074b8 address:0x40004400 val:0x8 size:0x4 type:read
[State 0] Inst Executing 0x80074ba
[State 0] Inst Executing 0x80074be
[State 0] Ex Block pc: 0x80074c0 lr:0x8008c29
[State 0] Inst Executing 0x80074c0
[State 0] Ex Block pc: 0x80074ca lr:0x8008c29
[State 0] Inst Executing 0x80074ca
[State 0] Ex Block pc: 0x80074ca lr:0x8008c29
[State 0] Inst Executing 0x80074ca
1 [State 0] uARCUS: hardware read pc 0x80074ca addr 0x40004400 size 0x4 original 0x0 new 0x20
[State 0]  pc:0x80074ca address:0x40004400 val:0x20 size:0x4 type:read
[State 0] Inst Executing 0x80074cc
1 [State 0] uARCUS: hardware read pc 0x80074cc addr 0x4000440c size 0x4 original 0x0 new 0x20
[State 0]  pc:0x80074cc address:0x4000440c val:0x20 size:0x4 type:read
[State 0] Inst Executing 0x80074ce
[State 0] Inst Executing 0x80074d2
[State 0] Inst Executing 0x80074d6
[State 0] Ex Block pc: 0x80074d8 lr:0x8008c29
[State 0] Inst Executing 0x80074d8
[State 0] Ex Block pc: 0x8007506 lr:0x8008c29
[State 0] Inst Executing 0x8007506
[State 0] Inst Executing 0x8007508
[State 0] Ex Block pc: 0x80073b8 lr:0x800750d UART_Receive_IT
[State 0] Inst Executing 0x80073b8
[State 0]  pc:0x80073b8 address:0x20013fa8 val:0x20 size:0x4 type:write
[State 0]  pc:0x80073b8 address:0x20013fac val:0x800750d size:0x4 type:write
[State 0] Inst Executing 0x80073ba
[State 0]  pc:0x80073ba address:0x20000841 val:0x32 size:0x1 type:read
[State 0] Inst Executing 0x80073be
[State 0] Inst Executing 0x80073c0
[State 0] Inst Executing 0x80073c2
[State 0] Ex Block pc: 0x80073c4 lr:0x800750d
[State 0] Inst Executing 0x80073c4
[State 0] Inst Executing 0x80073c6
[State 0] Ex Block pc: 0x80073cc lr:0x800750d
[State 0] Inst Executing 0x80073cc
[State 0]  pc:0x80073cc address:0x20000810 val:0x0 size:0x4 type:read
[State 0] Inst Executing 0x80073ce
[State 0] Inst Executing 0x80073d2
[State 0] Ex Block pc: 0x80073d4 lr:0x800750d
[State 0] Inst Executing 0x80073d4
[State 0]  pc:0x80073d4 address:0x20000818 val:0x0 size:0x4 type:read
[State 0] Inst Executing 0x80073d6
[State 0] Inst Executing 0x80073d8
[State 0] Ex Block pc: 0x80073da lr:0x800750d
[State 0] Inst Executing 0x80073da
[State 0]  pc:0x80073da address:0x20000830 val:0x20000849 size:0x4 type:read
[State 0] Inst Executing 0x80073dc
[State 0] Inst Executing 0x80073de
[State 0]  pc:0x80073de address:0x20000830 val:0x2000084a size:0x4 type:write
[State 0] Inst Executing 0x80073e0
[State 0]  pc:0x80073e0 address:0x20000808 val:0x40004400 size:0x4 type:read
[State 0] Inst Executing 0x80073e2
[State 0] Ex Block pc: 0x80073e2 lr:0x800750d
[State 0] Inst Executing 0x80073e2
[State 0] user read pc 0x80073e2 addr 0x40004404 original 0x0 fuzzin 0x0 ptr 6
[State 0]  pc:0x80073e2 address:0x40004404 val:0x0 size:0x4 type:read
[State 0] Inst Executing 0x80073e4
[State 0]  pc:0x80073e4 address:0x20000849 val:0x0 size:0x1 type:write
[State 0] Inst Executing 0x80073e6
[State 0]  pc:0x80073e6 address:0x20000836 val:0x1 size:0x2 type:read
[State 0] Inst Executing 0x80073e8
[State 0] Inst Executing 0x80073ea
[State 0] Inst Executing 0x80073ec
[State 0]  pc:0x80073ec address:0x20000836 val:0x0 size:0x2 type:write
[State 0] Inst Executing 0x80073ee
[State 0] Inst Executing 0x80073f0
[State 0] Ex Block pc: 0x80073f2 lr:0x800750d
[State 0] Inst Executing 0x80073f2
[State 0]  pc:0x80073f2 address:0x20000808 val:0x40004400 size:0x4 type:read
[State 0] Inst Executing 0x80073f4
[State 0] Ex Block pc: 0x80073f4 lr:0x800750d
[State 0] Inst Executing 0x80073f4
1 [State 0] uARCUS: hardware read pc 0x80073f4 addr 0x4000440c size 0x4 original 0x0 new 0x0
[State 0]  pc:0x80073f4 address:0x4000440c val:0x0 size:0x4 type:read
[State 0] Inst Executing 0x80073f6
[State 0] Inst Executing 0x80073fa
[State 0]  pc:0x80073fa address:0x4000440c val:0x0 size:0x4 type:write
[State 0] Inst Executing 0x80073fc
[State 0]  pc:0x80073fc address:0x20000841 val:0x32 size:0x1 type:read
[State 0] Ex Block pc: 0x8007400 lr:0x800750d
[State 0] Inst Executing 0x8007400
[State 0] Inst Executing 0x8007402
[State 0] Inst Executing 0x8007404
[State 0] Ex Block pc: 0x8007462 lr:0x800750d
[State 0] Inst Executing 0x8007462
[State 0] Inst Executing 0x8007464
[State 0]  pc:0x8007464 address:0x20000841 val:0x12 size:0x1 type:write
[State 0] Inst Executing 0x8007468
[State 0] Ex Block pc: 0x8007420 lr:0x800750d
[State 0] Inst Executing 0x8007420
[State 0] Ex Block pc: 0x8008b50 lr:0x8007425 HAL_UART_RxCpltCallback
[State 0] Inst Executing 0x8008b50
[State 0]  pc:0x8008b50 address:0x20013fa0 val:0x12 size:0x4 type:write
[State 0]  pc:0x8008b50 address:0x20013fa4 val:0x8007425 size:0x4 type:write
[State 0] Inst Executing 0x8008b52
[State 0] Ex Block pc: 0x8008b2c lr:0x8008b57 uart_index
[State 0] Inst Executing 0x8008b2c
[State 0] Inst Executing 0x8008b2e
[State 0] Ex Block pc: 0x8008b30 lr:0x8008b57
[State 0] Inst Executing 0x8008b30
[State 0] Inst Executing 0x8008b32
[State 0] Inst Executing 0x8008b34
[State 0] Ex Block pc: 0x8008b36 lr:0x8008b57
[State 0] Inst Executing 0x8008b36
[State 0]  pc:0x8008b36 address:0x8008b4c val:0x200006d8 size:0x4 type:read
[State 0] Inst Executing 0x8008b38
[State 0]  pc:0x8008b38 address:0x200006d8 val:0x0 size:0x4 type:read
[State 0] Inst Executing 0x8008b3c
[State 0] Inst Executing 0x8008b3e
[State 0] Ex Block pc: 0x8008b40 lr:0x8008b57
[State 0] Inst Executing 0x8008b40
[State 0] Inst Executing 0x8008b42
[State 0] Inst Executing 0x8008b44
[State 0] Ex Block pc: 0x8008b32 lr:0x8008b57
[State 0] Inst Executing 0x8008b32
[State 0] Inst Executing 0x8008b34
[State 0] Ex Block pc: 0x8008b36 lr:0x8008b57
[State 0] Inst Executing 0x8008b36
[State 0]  pc:0x8008b36 address:0x8008b4c val:0x200006d8 size:0x4 type:read
[State 0] Inst Executing 0x8008b38
[State 0]  pc:0x8008b38 address:0x200006dc val:0x20000808 size:0x4 type:read
[State 0] Inst Executing 0x8008b3c
[State 0] Inst Executing 0x8008b3e
[State 0] Ex Block pc: 0x8008b4a lr:0x8008b57
[State 0] Inst Executing 0x8008b4a
[State 0] Ex Block pc: 0x8008b56 lr:0x8008b57
[State 0] Inst Executing 0x8008b56
[State 0] Inst Executing 0x8008b58
[State 0] Ex Block pc: 0x8008b5c lr:0x8008b57
[State 0] Inst Executing 0x8008b5c
[State 0]  pc:0x8008b5c address:0x8008b6c val:0x20000688 size:0x4 type:read
[State 0] Inst Executing 0x8008b5e
[State 0]  pc:0x8008b5e address:0x2000068c val:0x8009037 size:0x4 type:read
[State 0] Inst Executing 0x8008b62
[State 0]  pc:0x8008b62 address:0x8008b70 val:0x2000069c size:0x4 type:read
[State 0] Inst Executing 0x8008b64
[State 0]  pc:0x8008b64 address:0x200006a0 val:0x20000804 size:0x4 type:read
[State 0] Inst Executing 0x8008b68
[State 0] Ex Block pc: 0x8009036 lr:0x8008b6b HardwareSerial::_rx_complete_irq(serial_s*)
[State 0] Inst Executing 0x8009036
[State 0]  pc:0x8009036 address:0x20013f98 val:0x20000808 size:0x4 type:write
[State 0]  pc:0x8009036 address:0x20013f9c val:0x8008b6b size:0x4 type:write
[State 0] Inst Executing 0x8009038
[State 0] Inst Executing 0x800903a
[State 0] Inst Executing 0x800903c
[State 0] Inst Executing 0x8009040
[State 0] Ex Block pc: 0x8008a44 lr:0x8009045 uart_getc
[State 0] Inst Executing 0x8008a44
[State 0] Ex Block pc: 0x8008a46 lr:0x8009045
[State 0] Inst Executing 0x8008a46
[State 0]  pc:0x8008a46 address:0x20013f80 val:0x8009037 size:0x4 type:write
[State 0]  pc:0x8008a46 address:0x20013f84 val:0x20000804 size:0x4 type:write
[State 0]  pc:0x8008a46 address:0x20013f88 val:0x0 size:0x4 type:write
[State 0]  pc:0x8008a46 address:0x20013f8c val:0x8009045 size:0x4 type:write
[State 0] Inst Executing 0x8008a48
[State 0] Inst Executing 0x8008a4a
[State 0] Inst Executing 0x8008a4c
[State 0] Ex Block pc: 0x80089fc lr:0x8008a51 serial_rx_active
[State 0] Inst Executing 0x80089fc
[State 0]  pc:0x80089fc address:0x20013f78 val:0x8009037 size:0x4 type:write
[State 0]  pc:0x80089fc address:0x20013f7c val:0x8008a51 size:0x4 type:write
[State 0] Inst Executing 0x80089fe
[State 0]  pc:0x80089fe address:0x20000848 val:0x1 size:0x1 type:read
[State 0] Inst Executing 0x8008a02
[State 0]  pc:0x8008a02 address:0x8008a1c val:0x200006d8 size:0x4 type:read
[State 0] Inst Executing 0x8008a04
[State 0]  pc:0x8008a04 address:0x200006dc val:0x20000808 size:0x4 type:read
[State 0] Inst Executing 0x8008a08
[State 0] Ex Block pc: 0x8007538 lr:0x8008a0d HAL_UART_GetState
[State 0] Inst Executing 0x8007538
[State 0]  pc:0x8007538 address:0x20000841 val:0x12 size:0x1 type:read
[State 0] Inst Executing 0x800753c
[State 0] Ex Block pc: 0x8008a0c lr:0x8008a0d
[State 0] Inst Executing 0x8008a0c
[State 0] Inst Executing 0x8008a10
[State 0] Inst Executing 0x8008a12
[State 0] Inst Executing 0x8008a14
[State 0] Inst Executing 0x8008a16
[State 0] Inst Executing 0x8008a18
[State 0]  pc:0x8008a18 address:0x20013f78 val:0x8009037 size:0x4 type:read
[State 0]  pc:0x8008a18 address:0x20013f7c val:0x8008a51 size:0x4 type:read
[State 0] Ex Block pc: 0x8008a50 lr:0x8008a0d
[State 0] Inst Executing 0x8008a50
[State 0] Ex Block pc: 0x8008a52 lr:0x8008a0d
[State 0] Inst Executing 0x8008a52
[State 0]  pc:0x8008a52 address:0x20000849 val:0x0 size:0x1 type:read
[State 0] Inst Executing 0x8008a56
[State 0]  pc:0x8008a56 address:0x20013f97 val:0x0 size:0x1 type:write
[State 0] Inst Executing 0x8008a58
[State 0]  pc:0x8008a58 address:0x20000848 val:0x1 size:0x1 type:read
[State 0] Inst Executing 0x8008a5c
[State 0] Inst Executing 0x8008a5e
[State 0] Inst Executing 0x8008a62
[State 0]  pc:0x8008a62 address:0x8008a7c val:0x200006d8 size:0x4 type:read
[State 0] Inst Executing 0x8008a64
[State 0]  pc:0x8008a64 address:0x200006dc val:0x20000808 size:0x4 type:read
[State 0] Inst Executing 0x8008a68
[State 0] Ex Block pc: 0x8007312 lr:0x8008a6d HAL_UART_Receive_IT
[State 0] Inst Executing 0x8007312
[State 0]  pc:0x8007312 address:0x20000841 val:0x12 size:0x1 type:read
[State 0] Inst Executing 0x8007316
[State 0] Inst Executing 0x8007318
[State 0] Inst Executing 0x800731a
[State 0] Ex Block pc: 0x800731c lr:0x8008a6d
[State 0] Inst Executing 0x800731c
[State 0] Inst Executing 0x800731e
[State 0] Ex Block pc: 0x8007324 lr:0x8008a6d
[State 0] Inst Executing 0x8007324
[State 0] Ex Block pc: 0x8007326 lr:0x8008a6d
[State 0] Inst Executing 0x8007326
[State 0] Ex Block pc: 0x8007328 lr:0x8008a6d
[State 0] Inst Executing 0x8007328
[State 0]  pc:0x8007328 address:0x20000840 val:0x0 size:0x1 type:read
[State 0] Inst Executing 0x800732c
[State 0] Inst Executing 0x800732e
[State 0] Ex Block pc: 0x8007330 lr:0x8008a6d
[State 0] Inst Executing 0x8007330
[State 0] Inst Executing 0x8007332
[State 0]  pc:0x8007332 address:0x20000840 val:0x1 size:0x1 type:write
[State 0] Inst Executing 0x8007336
[State 0]  pc:0x8007336 address:0x20000830 val:0x20000849 size:0x4 type:write
[State 0] Inst Executing 0x8007338
[State 0]  pc:0x8007338 address:0x20000834 val:0x1 size:0x2 type:write
[State 0] Inst Executing 0x800733a
[State 0]  pc:0x800733a address:0x20000836 val:0x1 size:0x2 type:write
[State 0] Inst Executing 0x800733c
[State 0] Inst Executing 0x800733e
[State 0]  pc:0x800733e address:0x20000844 val:0x0 size:0x4 type:write
[State 0] Inst Executing 0x8007340
[State 0]  pc:0x8007340 address:0x20000841 val:0x12 size:0x1 type:read
[State 0] Inst Executing 0x8007344
[State 0] Inst Executing 0x8007346
[State 0] Inst Executing 0x8007348
[State 0] Ex Block pc: 0x8007378 lr:0x8008a6d
[State 0] Inst Executing 0x8007378
[State 0] Inst Executing 0x800737a
[State 0]  pc:0x800737a address:0x20000841 val:0x32 size:0x1 type:write
[State 0] Inst Executing 0x800737e
[State 0] Ex Block pc: 0x8007350 lr:0x8008a6d
[State 0] Inst Executing 0x8007350
[State 0] Inst Executing 0x8007352
[State 0]  pc:0x8007352 address:0x20000840 val:0x0 size:0x1 type:write
[State 0] Inst Executing 0x8007356
[State 0]  pc:0x8007356 address:0x20000808 val:0x40004400 size:0x4 type:read
[State 0] Inst Executing 0x8007358
[State 0] Ex Block pc: 0x8007358 lr:0x8008a6d
[State 0] Inst Executing 0x8007358
1 [State 0] uARCUS: hardware read pc 0x8007358 addr 0x4000440c size 0x4 original 0x0 new 0x0
[State 0]  pc:0x8007358 address:0x4000440c val:0x0 size:0x4 type:read
[State 0] Inst Executing 0x800735a
[State 0] Inst Executing 0x800735e
[State 0]  pc:0x800735e address:0x4000440c val:0x100 size:0x4 type:write
[State 0] Inst Executing 0x8007360
[State 0]  pc:0x8007360 address:0x20000808 val:0x40004400 size:0x4 type:read
[State 0] Inst Executing 0x8007362
1 [State 0] uARCUS: hardware read pc 0x8007362 addr 0x40004414 size 0x4 original 0x0 new 0x0
[State 0]  pc:0x8007362 address:0x40004414 val:0x0 size:0x4 type:read
[State 0] Inst Executing 0x8007364
[State 0] Inst Executing 0x8007368
[State 0]  pc:0x8007368 address:0x40004414 val:0x1 size:0x4 type:write
[State 0] Inst Executing 0x800736a
[State 0]  pc:0x800736a address:0x20000808 val:0x40004400 size:0x4 type:read
[State 0] Inst Executing 0x800736c
1 [State 0] uARCUS: hardware read pc 0x800736c addr 0x4000440c size 0x4 original 0x0 new 0x0
[State 0]  pc:0x800736c address:0x4000440c val:0x0 size:0x4 type:read
[State 0] Inst Executing 0x800736e
[State 0] Inst Executing 0x8007372
[State 0]  pc:0x8007372 address:0x4000440c val:0x20 size:0x4 type:write
[State 0] Inst Executing 0x8007374
[State 0] Inst Executing 0x8007376
[State 0] Ex Block pc: 0x8008a6c lr:0x8008a6d
[State 0] Inst Executing 0x8008a6c
[State 0] Inst Executing 0x8008a6e
[State 0]  pc:0x8008a6e address:0x20013f80 val:0x8009037 size:0x4 type:read
[State 0]  pc:0x8008a6e address:0x20013f84 val:0x20000804 size:0x4 type:read
[State 0]  pc:0x8008a6e address:0x20013f88 val:0x0 size:0x4 type:read
[State 0]  pc:0x8008a6e address:0x20013f8c val:0x8009045 size:0x4 type:read
[State 0] Ex Block pc: 0x8009044 lr:0x8008a6d
[State 0] Inst Executing 0x8009044
[State 0] Ex Block pc: 0x8009046 lr:0x8008a6d
[State 0] Inst Executing 0x8009046
[State 0]  pc:0x8009046 address:0x20000864 val:0x6 size:0x2 type:read
[State 0] Inst Executing 0x800904a
[State 0] Inst Executing 0x800904c
[State 0] Inst Executing 0x800904e
[State 0] Inst Executing 0x8009052
[State 0]  pc:0x8009052 address:0x20000866 val:0x6 size:0x2 type:read
[State 0] Inst Executing 0x8009056
[State 0] Inst Executing 0x8009058
[State 0] Ex Block pc: 0x800905a lr:0x8008a6d
[State 0] Inst Executing 0x800905a
[State 0]  pc:0x800905a address:0x20000860 val:0x20000741 size:0x4 type:read
[State 0] Inst Executing 0x800905c
[State 0]  pc:0x800905c address:0x20000864 val:0x6 size:0x2 type:read
[State 0] Inst Executing 0x8009060
[State 0] Inst Executing 0x8009062
[State 0]  pc:0x8009062 address:0x20013f97 val:0x0 size:0x1 type:read
[State 0] Inst Executing 0x8009066
[State 0]  pc:0x8009066 address:0x20000747 val:0x0 size:0x1 type:write
[State 0] Inst Executing 0x8009068
[State 0] Inst Executing 0x800906a
[State 0]  pc:0x800906a address:0x20000864 val:0x7 size:0x2 type:write
[State 0] Inst Executing 0x800906e
[State 0] Inst Executing 0x8009070
[State 0]  pc:0x8009070 address:0x20013f98 val:0x20000808 size:0x4 type:read
[State 0]  pc:0x8009070 address:0x20013f9c val:0x8008b6b size:0x4 type:read
[State 0] Ex Block pc: 0x8008b6a lr:0x8008a6d
[State 0] Inst Executing 0x8008b6a
[State 0] Ex Block pc: 0x8008b5a lr:0x8008a6d
[State 0] Inst Executing 0x8008b5a
[State 0]  pc:0x8008b5a address:0x20013fa0 val:0x12 size:0x4 type:read
[State 0]  pc:0x8008b5a address:0x20013fa4 val:0x8007425 size:0x4 type:read
[State 0] Ex Block pc: 0x8007424 lr:0x8008a6d
[State 0] Inst Executing 0x8007424
[State 0] Inst Executing 0x8007426
[State 0]  pc:0x8007426 address:0x20013fa8 val:0x20 size:0x4 type:read
[State 0]  pc:0x8007426 address:0x20013fac val:0x800750d size:0x4 type:read
[State 0] Ex Block pc: 0x800750c lr:0x8008a6d
[State 0] Inst Executing 0x800750c
[State 0] Ex Block pc: 0x80074da lr:0x8008a6d
[State 0] Inst Executing 0x80074da
[State 0]  pc:0x80074da address:0x20000808 val:0x40004400 size:0x4 type:read
[State 0] Inst Executing 0x80074dc
[State 0] Ex Block pc: 0x80074dc lr:0x8008a6d
[State 0] Inst Executing 0x80074dc
1 [State 0] uARCUS: hardware read pc 0x80074dc addr 0x40004400 size 0x4 original 0x0 new 0x0
[State 0]  pc:0x80074dc address:0x40004400 val:0x0 size:0x4 type:read
[State 0] Inst Executing 0x80074de
1 [State 0] uARCUS: hardware read pc 0x80074de addr 0x4000440c size 0x4 original 0x0 new 0x0
[State 0]  pc:0x80074de address:0x4000440c val:0x0 size:0x4 type:read
[State 0] Inst Executing 0x80074e0
[State 0] Inst Executing 0x80074e4
[State 0] Inst Executing 0x80074e8
[State 0] Ex Block pc: 0x80074ec lr:0x8008a6d
[State 0] Inst Executing 0x80074ec
[State 0]  pc:0x80074ec address:0x20000808 val:0x40004400 size:0x4 type:read
[State 0] Inst Executing 0x80074ee
[State 0] Ex Block pc: 0x80074ee lr:0x8008a6d
[State 0] Inst Executing 0x80074ee
1 [State 0] uARCUS: hardware read pc 0x80074ee addr 0x40004400 size 0x4 original 0x0 new 0x0
[State 0]  pc:0x80074ee address:0x40004400 val:0x0 size:0x4 type:read
[State 0] Inst Executing 0x80074f0
1 [State 0] uARCUS: hardware read pc 0x80074f0 addr 0x4000440c size 0x4 original 0x0 new 0x0
[State 0]  pc:0x80074f0 address:0x4000440c val:0x0 size:0x4 type:read
[State 0] Inst Executing 0x80074f2
[State 0] Inst Executing 0x80074f6
[State 0] Inst Executing 0x80074fa
[State 0] Ex Block pc: 0x80074fe lr:0x8008a6d
[State 0] Inst Executing 0x80074fe
[State 0]  pc:0x80074fe address:0x20000844 val:0x0 size:0x4 type:read
[State 0] Inst Executing 0x8007500
[State 0] Ex Block pc: 0x8007502 lr:0x8008a6d
[State 0] Inst Executing 0x8007502
[State 0] Inst Executing 0x8007504
[State 0]  pc:0x8007504 address:0x20013fb8 val:0x0 size:0x4 type:read
[State 0]  pc:0x8007504 address:0x20013fbc val:0x8008c29 size:0x4 type:read
[State 0] Ex Block pc: 0x8008c28 lr:0x8008a6d
[State 0] Inst Executing 0x8008c28
[State 0]  pc:0x8008c28 address:0x20013fc0 val:0x0 size:0x4 type:read
[State 0]  pc:0x8008c28 address:0x20013fc4 val:0xfffffff9 size:0x4 type:read
[State 0] onException pc: 0xfffffff8 vec: 54
1 [State 0] uARCUS: onException exit, irq_no: 54
[State 0] Ex Block pc: 0x800369c lr:0x8002ad7 firmata::FirmataClass::available()
[State 0] Inst Executing 0x800369c
[State 0]  pc:0x800369c address:0x20013fe0 val:0x0 size:0x4 type:write
[State 0]  pc:0x800369c address:0x20013fe4 val:0x8002ad7 size:0x4 type:write
[State 0] Inst Executing 0x800369e
[State 0]  pc:0x800369e address:0x20000490 val:0x20000730 size:0x4 type:read
[State 0] Inst Executing 0x80036a2
[State 0]  pc:0x80036a2 address:0x20000730 val:0x800afd0 size:0x4 type:read
[State 0] Inst Executing 0x80036a4
[State 0]  pc:0x80036a4 address:0x800afd8 val:0x8008fcb size:0x4 type:read
[State 0] Inst Executing 0x80036a6
[State 0] Ex Block pc: 0x8008fca lr:0x80036a9 HardwareSerial::available()
[State 0] Inst Executing 0x8008fca
[State 0]  pc:0x8008fca address:0x20000864 val:0x7 size:0x2 type:read
[State 0] Inst Executing 0x8008fce
[State 0] Inst Executing 0x8008fd0
[State 0] Inst Executing 0x8008fd2
[State 0]  pc:0x8008fd2 address:0x20000866 val:0x6 size:0x2 type:read
[State 0] Inst Executing 0x8008fd6
[State 0] Inst Executing 0x8008fd8
[State 0] Inst Executing 0x8008fdc
[State 0] Ex Block pc: 0x80036a8 lr:0x80036a9
[State 0] Inst Executing 0x80036a8
[State 0]  pc:0x80036a8 address:0x20013fe0 val:0x0 size:0x4 type:read
[State 0]  pc:0x80036a8 address:0x20013fe4 val:0x8002ad7 size:0x4 type:read
[State 0] Ex Block pc: 0x8002ad6 lr:0x80036a9
[State 0] Inst Executing 0x8002ad6
[State 0] Ex Block pc: 0x8002ad8 lr:0x80036a9
[State 0] Inst Executing 0x8002ad8
[State 0]  pc:0x8002ad8 address:0x8002bb4 val:0x200003d0 size:0x4 type:read
[State 0] Inst Executing 0x8002ada
[State 0] Ex Block pc: 0x80036aa lr:0x8002adf firmata::FirmataClass::processInput()
[State 0] Inst Executing 0x80036aa
[State 0]  pc:0x80036aa address:0x20013fe0 val:0x0 size:0x4 type:write
[State 0]  pc:0x80036aa address:0x20013fe4 val:0x8002adf size:0x4 type:write
[State 0] Inst Executing 0x80036ac
[State 0] Inst Executing 0x80036ae
[State 0]  pc:0x80036ae address:0x20000490 val:0x20000730 size:0x4 type:read
[State 0] Inst Executing 0x80036b2
[State 0]  pc:0x80036b2 address:0x20000730 val:0x800afd0 size:0x4 type:read
[State 0] Inst Executing 0x80036b4
[State 0]  pc:0x80036b4 address:0x800afdc val:0x8008ffb size:0x4 type:read
[State 0] Inst Executing 0x80036b6
[State 0] Ex Block pc: 0x8008ffa lr:0x80036b9 HardwareSerial::read()
[State 0] Inst Executing 0x8008ffa
[State 0]  pc:0x8008ffa address:0x20000864 val:0x7 size:0x2 type:read
[State 0] Inst Executing 0x8008ffe
[State 0] Ex Block pc: 0x8009000 lr:0x80036b9
[State 0] Inst Executing 0x8009000
[State 0]  pc:0x8009000 address:0x20000866 val:0x6 size:0x2 type:read
[State 0] Inst Executing 0x8009004
[State 0] Inst Executing 0x8009006
[State 0] Ex Block pc: 0x8009008 lr:0x80036b9
[State 0] Inst Executing 0x8009008
[State 0]  pc:0x8009008 address:0x20000860 val:0x20000741 size:0x4 type:read
[State 0] Inst Executing 0x800900c
[State 0]  pc:0x800900c address:0x20000747 val:0x0 size:0x1 type:read
[State 0] Inst Executing 0x800900e
[State 0] Inst Executing 0x8009010
[State 0] Inst Executing 0x8009014
[State 0]  pc:0x8009014 address:0x20000866 val:0x7 size:0x2 type:write
[State 0] Inst Executing 0x8009018
[State 0] Inst Executing 0x800901a
[State 0] Ex Block pc: 0x80036b8 lr:0x80036b9
[State 0] Inst Executing 0x80036b8
[State 0] Inst Executing 0x80036bc
[State 0] Ex Block pc: 0x80036be lr:0x80036b9
[State 0] Inst Executing 0x80036be
[State 0] Inst Executing 0x80036c0
[State 0] Inst Executing 0x80036c4
[State 0] Ex Block pc: 0x8003c50 lr:0x80036c9 firmata::FirmataParser::parse(unsigned
[State 0] Inst Executing 0x8003c50
[State 0]  pc:0x8003c50 address:0x20013fd8 val:0x200003d0 size:0x4 type:write
[State 0]  pc:0x8003c50 address:0x20013fdc val:0x80036c9 size:0x4 type:write
[State 0] Inst Executing 0x8003c52
[State 0] Inst Executing 0x8003c54
[State 0]  pc:0x8003c54 address:0x20000428 val:0x0 size:0x1 type:read
[State 0] Inst Executing 0x8003c56
[State 0] Ex Block pc: 0x8003c74 lr:0x80036c9
[State 0] Inst Executing 0x8003c74
[State 0]  pc:0x8003c74 address:0x20000424 val:0x0 size:0x4 type:read
[State 0] Inst Executing 0x8003c76
[State 0] Ex Block pc: 0x8003c7c lr:0x80036c9
[State 0] Inst Executing 0x8003c7c
[State 0] Inst Executing 0x8003c7e
[State 0] Ex Block pc: 0x8003c80 lr:0x80036c9
[State 0] Inst Executing 0x8003c80
[State 0] Inst Executing 0x8003c84
[State 0]  pc:0x8003c84 address:0x20000421 val:0x0 size:0x1 type:write
[State 0] Inst Executing 0x8003c86
[State 0] Inst Executing 0x8003c8a
[State 0] Inst Executing 0x8003c8c
[State 0] Ex Block pc: 0x8003c8e lr:0x80036c9
[State 0] Inst Executing 0x8003c8e
[State 0] Ex Block pc: 0x8003d4e lr:0x80036c9
[State 0] Inst Executing 0x8003d4e
[State 0] Inst Executing 0x8003d50
[State 0] Ex Block pc: 0x8003d52 lr:0x80036c9
[State 0] Inst Executing 0x8003d52
[State 0] Ex Block pc: 0x8003d5e lr:0x80036c9
[State 0] Inst Executing 0x8003d5e
[State 0] Inst Executing 0x8003d60
[State 0] Ex Block pc: 0x8003d6a lr:0x80036c9
[State 0] Inst Executing 0x8003d6a
[State 0]  pc:0x8003d6a address:0x20013fd8 val:0x200003d0 size:0x4 type:read
[State 0]  pc:0x8003d6a address:0x20013fdc val:0x80036c9 size:0x4 type:read
[State 0] Ex Block pc: 0x80036c8 lr:0x80036c9
[State 0] Inst Executing 0x80036c8
[State 0]  pc:0x80036c8 address:0x20013fe0 val:0x0 size:0x4 type:read
[State 0]  pc:0x80036c8 address:0x20013fe4 val:0x8002adf size:0x4 type:read
[State 0] Ex Block pc: 0x8002ade lr:0x80036c9
[State 0] Inst Executing 0x8002ade
[State 0] Ex Block pc: 0x8002ad0 lr:0x80036c9
[State 0] Inst Executing 0x8002ad0
1 [State 0] uARCUS: External Interrupt:38
1 [State 0] uARCUS: test interrupt_flag 0 request:0 halted: 0 excp_idx: -1
orig vec_enabled: 1
[State 0]  pc:0x8002ad0 address:0x8002bb4 val:0x200003d0 size:0x4 type:read
[State 0] Inst Executing 0x8002ad2
[State 0] onException pc: 0x800369c vec: 0
[State 0] Ex Block pc: 0x8008c18 lr:0xfffffff9 USART2_IRQHandler
[State 0] Inst Executing 0x8008c18
[State 0]  pc:0x8008c18 address:0x20013fc0 val:0x0 size:0x4 type:write
[State 0]  pc:0x8008c18 address:0x20013fc4 val:0xfffffff9 size:0x4 type:write
[State 0] Inst Executing 0x8008c1a
[State 0] Inst Executing 0x8008c1c
[State 0] Ex Block pc: 0x80046bc lr:0x8008c21 HAL_NVIC_ClearPendingIRQ
[State 0] Inst Executing 0x80046bc
[State 0] Inst Executing 0x80046be
[State 0] Ex Block pc: 0x80046c0 lr:0x8008c21
[State 0] Inst Executing 0x80046c0
[State 0] Inst Executing 0x80046c2
[State 0] Inst Executing 0x80046c6
[State 0] Inst Executing 0x80046c8
[State 0] Inst Executing 0x80046cc
[State 0] Inst Executing 0x80046ce
[State 0]  pc:0x80046ce address:0x80046d8 val:0xe000e100 size:0x4 type:read
[State 0] Inst Executing 0x80046d0
[State 0]  pc:0x80046d0 address:0xe000e284 val:0x40 size:0x4 type:write
[State 0] Inst Executing 0x80046d4
[State 0] Ex Block pc: 0x8008c20 lr:0x8008c21
[State 0] Inst Executing 0x8008c20
[State 0]  pc:0x8008c20 address:0x8008c2c val:0x200006d8 size:0x4 type:read
[State 0] Inst Executing 0x8008c22
[State 0]  pc:0x8008c22 address:0x200006dc val:0x20000808 size:0x4 type:read
[State 0] Inst Executing 0x8008c24
[State 0] Ex Block pc: 0x800746e lr:0x8008c29 HAL_UART_IRQHandler
[State 0] Inst Executing 0x800746e
[State 0]  pc:0x800746e address:0x20013fb8 val:0x0 size:0x4 type:write
[State 0]  pc:0x800746e address:0x20013fbc val:0x8008c29 size:0x4 type:write
[State 0] Inst Executing 0x8007470
[State 0] Inst Executing 0x8007472
[State 0] Inst Executing 0x8007474
[State 0]  pc:0x8007474 address:0x20000808 val:0x40004400 size:0x4 type:read
[State 0] Inst Executing 0x8007476
[State 0] Ex Block pc: 0x8007476 lr:0x8008c29
[State 0] Inst Executing 0x8007476
1 [State 0] uARCUS: hardware read pc 0x8007476 addr 0x40004400 size 0x4 original 0x0 new 0x1
[State 0]  pc:0x8007476 address:0x40004400 val:0x1 size:0x4 type:read
[State 0] Inst Executing 0x8007478
1 [State 0] uARCUS: hardware read pc 0x8007478 addr 0x4000440c size 0x4 original 0x0 new 0x0
[State 0]  pc:0x8007478 address:0x4000440c val:0x0 size:0x4 type:read
[State 0] Inst Executing 0x800747a
[State 0] Inst Executing 0x800747e
[State 0] Ex Block pc: 0x8007480 lr:0x8008c29
[State 0] Inst Executing 0x8007480
[State 0] Inst Executing 0x8007484
[State 0] Ex Block pc: 0x800748e lr:0x8008c29
[State 0] Inst Executing 0x800748e
[State 0] Ex Block pc: 0x800748e lr:0x8008c29
[State 0] Inst Executing 0x800748e
1 [State 0] uARCUS: hardware read pc 0x800748e addr 0x40004400 size 0x4 original 0x0 new 0x2
[State 0]  pc:0x800748e address:0x40004400 val:0x2 size:0x4 type:read
[State 0] Inst Executing 0x8007490
1 [State 0] uARCUS: hardware read pc 0x8007490 addr 0x40004414 size 0x4 original 0x0 new 0x0
[State 0]  pc:0x8007490 address:0x40004414 val:0x0 size:0x4 type:read
[State 0] Inst Executing 0x8007492
[State 0] Inst Executing 0x8007496
[State 0] Inst Executing 0x800749a
[State 0] Ex Block pc: 0x800749c lr:0x8008c29
[State 0] Inst Executing 0x800749c
[State 0] Ex Block pc: 0x80074a6 lr:0x8008c29
[State 0] Inst Executing 0x80074a6
[State 0] Ex Block pc: 0x80074a6 lr:0x8008c29
[State 0] Inst Executing 0x80074a6
1 [State 0] uARCUS: hardware read pc 0x80074a6 addr 0x40004400 size 0x4 original 0x0 new 0x4
[State 0]  pc:0x80074a6 address:0x40004400 val:0x4 size:0x4 type:read
[State 0] Inst Executing 0x80074a8
[State 0] Inst Executing 0x80074ac
[State 0] Ex Block pc: 0x80074ae lr:0x8008c29
[State 0] Inst Executing 0x80074ae
[State 0] Ex Block pc: 0x80074b8 lr:0x8008c29
[State 0] Inst Executing 0x80074b8
[State 0] Ex Block pc: 0x80074b8 lr:0x8008c29
[State 0] Inst Executing 0x80074b8
1 [State 0] uARCUS: hardware read pc 0x80074b8 addr 0x40004400 size 0x4 original 0x0 new 0x8
[State 0]  pc:0x80074b8 address:0x40004400 val:0x8 size:0x4 type:read
[State 0] Inst Executing 0x80074ba
[State 0] Inst Executing 0x80074be
[State 0] Ex Block pc: 0x80074c0 lr:0x8008c29
[State 0] Inst Executing 0x80074c0
[State 0] Ex Block pc: 0x80074ca lr:0x8008c29
[State 0] Inst Executing 0x80074ca
[State 0] Ex Block pc: 0x80074ca lr:0x8008c29
[State 0] Inst Executing 0x80074ca
1 [State 0] uARCUS: hardware read pc 0x80074ca addr 0x40004400 size 0x4 original 0x0 new 0x20
[State 0]  pc:0x80074ca address:0x40004400 val:0x20 size:0x4 type:read
[State 0] Inst Executing 0x80074cc
1 [State 0] uARCUS: hardware read pc 0x80074cc addr 0x4000440c size 0x4 original 0x0 new 0x20
[State 0]  pc:0x80074cc address:0x4000440c val:0x20 size:0x4 type:read
[State 0] Inst Executing 0x80074ce
[State 0] Inst Executing 0x80074d2
[State 0] Inst Executing 0x80074d6
[State 0] Ex Block pc: 0x80074d8 lr:0x8008c29
[State 0] Inst Executing 0x80074d8
[State 0] Ex Block pc: 0x8007506 lr:0x8008c29
[State 0] Inst Executing 0x8007506
[State 0] Inst Executing 0x8007508
[State 0] Ex Block pc: 0x80073b8 lr:0x800750d UART_Receive_IT
[State 0] Inst Executing 0x80073b8
[State 0]  pc:0x80073b8 address:0x20013fa8 val:0x20 size:0x4 type:write
[State 0]  pc:0x80073b8 address:0x20013fac val:0x800750d size:0x4 type:write
[State 0] Inst Executing 0x80073ba
[State 0]  pc:0x80073ba address:0x20000841 val:0x32 size:0x1 type:read
[State 0] Inst Executing 0x80073be
[State 0] Inst Executing 0x80073c0
[State 0] Inst Executing 0x80073c2
[State 0] Ex Block pc: 0x80073c4 lr:0x800750d
[State 0] Inst Executing 0x80073c4
[State 0] Inst Executing 0x80073c6
[State 0] Ex Block pc: 0x80073cc lr:0x800750d
[State 0] Inst Executing 0x80073cc
[State 0]  pc:0x80073cc address:0x20000810 val:0x0 size:0x4 type:read
[State 0] Inst Executing 0x80073ce
[State 0] Inst Executing 0x80073d2
[State 0] Ex Block pc: 0x80073d4 lr:0x800750d
[State 0] Inst Executing 0x80073d4
[State 0]  pc:0x80073d4 address:0x20000818 val:0x0 size:0x4 type:read
[State 0] Inst Executing 0x80073d6
[State 0] Inst Executing 0x80073d8
[State 0] Ex Block pc: 0x80073da lr:0x800750d
[State 0] Inst Executing 0x80073da
[State 0]  pc:0x80073da address:0x20000830 val:0x20000849 size:0x4 type:read
[State 0] Inst Executing 0x80073dc
[State 0] Inst Executing 0x80073de
[State 0]  pc:0x80073de address:0x20000830 val:0x2000084a size:0x4 type:write
[State 0] Inst Executing 0x80073e0
[State 0]  pc:0x80073e0 address:0x20000808 val:0x40004400 size:0x4 type:read
[State 0] Inst Executing 0x80073e2
[State 0] Ex Block pc: 0x80073e2 lr:0x800750d
[State 0] Inst Executing 0x80073e2
[State 0] user read pc 0x80073e2 addr 0x40004404 original 0x0 fuzzin 0x0 ptr 7
[State 0]  pc:0x80073e2 address:0x40004404 val:0x0 size:0x4 type:read
[State 0] Inst Executing 0x80073e4
[State 0]  pc:0x80073e4 address:0x20000849 val:0x0 size:0x1 type:write
[State 0] Inst Executing 0x80073e6
[State 0]  pc:0x80073e6 address:0x20000836 val:0x1 size:0x2 type:read
[State 0] Inst Executing 0x80073e8
[State 0] Inst Executing 0x80073ea
[State 0] Inst Executing 0x80073ec
[State 0]  pc:0x80073ec address:0x20000836 val:0x0 size:0x2 type:write
[State 0] Inst Executing 0x80073ee
[State 0] Inst Executing 0x80073f0
[State 0] Ex Block pc: 0x80073f2 lr:0x800750d
[State 0] Inst Executing 0x80073f2
[State 0]  pc:0x80073f2 address:0x20000808 val:0x40004400 size:0x4 type:read
[State 0] Inst Executing 0x80073f4
[State 0] Ex Block pc: 0x80073f4 lr:0x800750d
[State 0] Inst Executing 0x80073f4
1 [State 0] uARCUS: hardware read pc 0x80073f4 addr 0x4000440c size 0x4 original 0x0 new 0x0
[State 0]  pc:0x80073f4 address:0x4000440c val:0x0 size:0x4 type:read
[State 0] Inst Executing 0x80073f6
[State 0] Inst Executing 0x80073fa
[State 0]  pc:0x80073fa address:0x4000440c val:0x0 size:0x4 type:write
[State 0] Inst Executing 0x80073fc
[State 0]  pc:0x80073fc address:0x20000841 val:0x32 size:0x1 type:read
[State 0] Ex Block pc: 0x8007400 lr:0x800750d
[State 0] Inst Executing 0x8007400
[State 0] Inst Executing 0x8007402
[State 0] Inst Executing 0x8007404
[State 0] Ex Block pc: 0x8007462 lr:0x800750d
[State 0] Inst Executing 0x8007462
[State 0] Inst Executing 0x8007464
[State 0]  pc:0x8007464 address:0x20000841 val:0x12 size:0x1 type:write
[State 0] Inst Executing 0x8007468
[State 0] Ex Block pc: 0x8007420 lr:0x800750d
[State 0] Inst Executing 0x8007420
[State 0] Ex Block pc: 0x8008b50 lr:0x8007425 HAL_UART_RxCpltCallback
[State 0] Inst Executing 0x8008b50
[State 0]  pc:0x8008b50 address:0x20013fa0 val:0x12 size:0x4 type:write
[State 0]  pc:0x8008b50 address:0x20013fa4 val:0x8007425 size:0x4 type:write
[State 0] Inst Executing 0x8008b52
[State 0] Ex Block pc: 0x8008b2c lr:0x8008b57 uart_index
[State 0] Inst Executing 0x8008b2c
[State 0] Inst Executing 0x8008b2e
[State 0] Ex Block pc: 0x8008b30 lr:0x8008b57
[State 0] Inst Executing 0x8008b30
[State 0] Inst Executing 0x8008b32
[State 0] Inst Executing 0x8008b34
[State 0] Ex Block pc: 0x8008b36 lr:0x8008b57
[State 0] Inst Executing 0x8008b36
[State 0]  pc:0x8008b36 address:0x8008b4c val:0x200006d8 size:0x4 type:read
[State 0] Inst Executing 0x8008b38
[State 0]  pc:0x8008b38 address:0x200006d8 val:0x0 size:0x4 type:read
[State 0] Inst Executing 0x8008b3c
[State 0] Inst Executing 0x8008b3e
[State 0] Ex Block pc: 0x8008b40 lr:0x8008b57
[State 0] Inst Executing 0x8008b40
[State 0] Inst Executing 0x8008b42
[State 0] Inst Executing 0x8008b44
[State 0] Ex Block pc: 0x8008b32 lr:0x8008b57
[State 0] Inst Executing 0x8008b32
[State 0] Inst Executing 0x8008b34
[State 0] Ex Block pc: 0x8008b36 lr:0x8008b57
[State 0] Inst Executing 0x8008b36
[State 0]  pc:0x8008b36 address:0x8008b4c val:0x200006d8 size:0x4 type:read
[State 0] Inst Executing 0x8008b38
[State 0]  pc:0x8008b38 address:0x200006dc val:0x20000808 size:0x4 type:read
[State 0] Inst Executing 0x8008b3c
[State 0] Inst Executing 0x8008b3e
[State 0] Ex Block pc: 0x8008b4a lr:0x8008b57
[State 0] Inst Executing 0x8008b4a
[State 0] Ex Block pc: 0x8008b56 lr:0x8008b57
[State 0] Inst Executing 0x8008b56
[State 0] Inst Executing 0x8008b58
[State 0] Ex Block pc: 0x8008b5c lr:0x8008b57
[State 0] Inst Executing 0x8008b5c
[State 0]  pc:0x8008b5c address:0x8008b6c val:0x20000688 size:0x4 type:read
[State 0] Inst Executing 0x8008b5e
[State 0]  pc:0x8008b5e address:0x2000068c val:0x8009037 size:0x4 type:read
[State 0] Inst Executing 0x8008b62
[State 0]  pc:0x8008b62 address:0x8008b70 val:0x2000069c size:0x4 type:read
[State 0] Inst Executing 0x8008b64
[State 0]  pc:0x8008b64 address:0x200006a0 val:0x20000804 size:0x4 type:read
[State 0] Inst Executing 0x8008b68
[State 0] Ex Block pc: 0x8009036 lr:0x8008b6b HardwareSerial::_rx_complete_irq(serial_s*)
[State 0] Inst Executing 0x8009036
[State 0]  pc:0x8009036 address:0x20013f98 val:0x20000808 size:0x4 type:write
[State 0]  pc:0x8009036 address:0x20013f9c val:0x8008b6b size:0x4 type:write
[State 0] Inst Executing 0x8009038
[State 0] Inst Executing 0x800903a
[State 0] Inst Executing 0x800903c
[State 0] Inst Executing 0x8009040
[State 0] Ex Block pc: 0x8008a44 lr:0x8009045 uart_getc
[State 0] Inst Executing 0x8008a44
[State 0] Ex Block pc: 0x8008a46 lr:0x8009045
[State 0] Inst Executing 0x8008a46
[State 0]  pc:0x8008a46 address:0x20013f80 val:0x8009037 size:0x4 type:write
[State 0]  pc:0x8008a46 address:0x20013f84 val:0x20000804 size:0x4 type:write
[State 0]  pc:0x8008a46 address:0x20013f88 val:0x0 size:0x4 type:write
[State 0]  pc:0x8008a46 address:0x20013f8c val:0x8009045 size:0x4 type:write
[State 0] Inst Executing 0x8008a48
[State 0] Inst Executing 0x8008a4a
[State 0] Inst Executing 0x8008a4c
[State 0] Ex Block pc: 0x80089fc lr:0x8008a51 serial_rx_active
[State 0] Inst Executing 0x80089fc
[State 0]  pc:0x80089fc address:0x20013f78 val:0x8009037 size:0x4 type:write
[State 0]  pc:0x80089fc address:0x20013f7c val:0x8008a51 size:0x4 type:write
[State 0] Inst Executing 0x80089fe
[State 0]  pc:0x80089fe address:0x20000848 val:0x1 size:0x1 type:read
[State 0] Inst Executing 0x8008a02
[State 0]  pc:0x8008a02 address:0x8008a1c val:0x200006d8 size:0x4 type:read
[State 0] Inst Executing 0x8008a04
[State 0]  pc:0x8008a04 address:0x200006dc val:0x20000808 size:0x4 type:read
[State 0] Inst Executing 0x8008a08
[State 0] Ex Block pc: 0x8007538 lr:0x8008a0d HAL_UART_GetState
[State 0] Inst Executing 0x8007538
[State 0]  pc:0x8007538 address:0x20000841 val:0x12 size:0x1 type:read
[State 0] Inst Executing 0x800753c
[State 0] Ex Block pc: 0x8008a0c lr:0x8008a0d
[State 0] Inst Executing 0x8008a0c
[State 0] Inst Executing 0x8008a10
[State 0] Inst Executing 0x8008a12
[State 0] Inst Executing 0x8008a14
[State 0] Inst Executing 0x8008a16
[State 0] Inst Executing 0x8008a18
[State 0]  pc:0x8008a18 address:0x20013f78 val:0x8009037 size:0x4 type:read
[State 0]  pc:0x8008a18 address:0x20013f7c val:0x8008a51 size:0x4 type:read
[State 0] Ex Block pc: 0x8008a50 lr:0x8008a0d
[State 0] Inst Executing 0x8008a50
[State 0] Ex Block pc: 0x8008a52 lr:0x8008a0d
[State 0] Inst Executing 0x8008a52
[State 0]  pc:0x8008a52 address:0x20000849 val:0x0 size:0x1 type:read
[State 0] Inst Executing 0x8008a56
[State 0]  pc:0x8008a56 address:0x20013f97 val:0x0 size:0x1 type:write
[State 0] Inst Executing 0x8008a58
[State 0]  pc:0x8008a58 address:0x20000848 val:0x1 size:0x1 type:read
[State 0] Inst Executing 0x8008a5c
[State 0] Inst Executing 0x8008a5e
[State 0] Inst Executing 0x8008a62
[State 0]  pc:0x8008a62 address:0x8008a7c val:0x200006d8 size:0x4 type:read
[State 0] Inst Executing 0x8008a64
[State 0]  pc:0x8008a64 address:0x200006dc val:0x20000808 size:0x4 type:read
[State 0] Inst Executing 0x8008a68
[State 0] Ex Block pc: 0x8007312 lr:0x8008a6d HAL_UART_Receive_IT
[State 0] Inst Executing 0x8007312
[State 0]  pc:0x8007312 address:0x20000841 val:0x12 size:0x1 type:read
[State 0] Inst Executing 0x8007316
[State 0] Inst Executing 0x8007318
[State 0] Inst Executing 0x800731a
[State 0] Ex Block pc: 0x800731c lr:0x8008a6d
[State 0] Inst Executing 0x800731c
[State 0] Inst Executing 0x800731e
[State 0] Ex Block pc: 0x8007324 lr:0x8008a6d
[State 0] Inst Executing 0x8007324
[State 0] Ex Block pc: 0x8007326 lr:0x8008a6d
[State 0] Inst Executing 0x8007326
[State 0] Ex Block pc: 0x8007328 lr:0x8008a6d
[State 0] Inst Executing 0x8007328
[State 0]  pc:0x8007328 address:0x20000840 val:0x0 size:0x1 type:read
[State 0] Inst Executing 0x800732c
[State 0] Inst Executing 0x800732e
[State 0] Ex Block pc: 0x8007330 lr:0x8008a6d
[State 0] Inst Executing 0x8007330
[State 0] Inst Executing 0x8007332
[State 0]  pc:0x8007332 address:0x20000840 val:0x1 size:0x1 type:write
[State 0] Inst Executing 0x8007336
[State 0]  pc:0x8007336 address:0x20000830 val:0x20000849 size:0x4 type:write
[State 0] Inst Executing 0x8007338
[State 0]  pc:0x8007338 address:0x20000834 val:0x1 size:0x2 type:write
[State 0] Inst Executing 0x800733a
[State 0]  pc:0x800733a address:0x20000836 val:0x1 size:0x2 type:write
[State 0] Inst Executing 0x800733c
[State 0] Inst Executing 0x800733e
[State 0]  pc:0x800733e address:0x20000844 val:0x0 size:0x4 type:write
[State 0] Inst Executing 0x8007340
[State 0]  pc:0x8007340 address:0x20000841 val:0x12 size:0x1 type:read
[State 0] Inst Executing 0x8007344
[State 0] Inst Executing 0x8007346
[State 0] Inst Executing 0x8007348
[State 0] Ex Block pc: 0x8007378 lr:0x8008a6d
[State 0] Inst Executing 0x8007378
[State 0] Inst Executing 0x800737a
[State 0]  pc:0x800737a address:0x20000841 val:0x32 size:0x1 type:write
[State 0] Inst Executing 0x800737e
[State 0] Ex Block pc: 0x8007350 lr:0x8008a6d
[State 0] Inst Executing 0x8007350
[State 0] Inst Executing 0x8007352
[State 0]  pc:0x8007352 address:0x20000840 val:0x0 size:0x1 type:write
[State 0] Inst Executing 0x8007356
[State 0]  pc:0x8007356 address:0x20000808 val:0x40004400 size:0x4 type:read
[State 0] Inst Executing 0x8007358
[State 0] Ex Block pc: 0x8007358 lr:0x8008a6d
[State 0] Inst Executing 0x8007358
1 [State 0] uARCUS: hardware read pc 0x8007358 addr 0x4000440c size 0x4 original 0x0 new 0x0
[State 0]  pc:0x8007358 address:0x4000440c val:0x0 size:0x4 type:read
[State 0] Inst Executing 0x800735a
[State 0] Inst Executing 0x800735e
[State 0]  pc:0x800735e address:0x4000440c val:0x100 size:0x4 type:write
[State 0] Inst Executing 0x8007360
[State 0]  pc:0x8007360 address:0x20000808 val:0x40004400 size:0x4 type:read
[State 0] Inst Executing 0x8007362
1 [State 0] uARCUS: hardware read pc 0x8007362 addr 0x40004414 size 0x4 original 0x0 new 0x0
[State 0]  pc:0x8007362 address:0x40004414 val:0x0 size:0x4 type:read
[State 0] Inst Executing 0x8007364
[State 0] Inst Executing 0x8007368
[State 0]  pc:0x8007368 address:0x40004414 val:0x1 size:0x4 type:write
[State 0] Inst Executing 0x800736a
[State 0]  pc:0x800736a address:0x20000808 val:0x40004400 size:0x4 type:read
[State 0] Inst Executing 0x800736c
1 [State 0] uARCUS: hardware read pc 0x800736c addr 0x4000440c size 0x4 original 0x0 new 0x0
[State 0]  pc:0x800736c address:0x4000440c val:0x0 size:0x4 type:read
[State 0] Inst Executing 0x800736e
[State 0] Inst Executing 0x8007372
[State 0]  pc:0x8007372 address:0x4000440c val:0x20 size:0x4 type:write
[State 0] Inst Executing 0x8007374
[State 0] Inst Executing 0x8007376
[State 0] Ex Block pc: 0x8008a6c lr:0x8008a6d
[State 0] Inst Executing 0x8008a6c
[State 0] Inst Executing 0x8008a6e
[State 0]  pc:0x8008a6e address:0x20013f80 val:0x8009037 size:0x4 type:read
[State 0]  pc:0x8008a6e address:0x20013f84 val:0x20000804 size:0x4 type:read
[State 0]  pc:0x8008a6e address:0x20013f88 val:0x0 size:0x4 type:read
[State 0]  pc:0x8008a6e address:0x20013f8c val:0x8009045 size:0x4 type:read
[State 0] Ex Block pc: 0x8009044 lr:0x8008a6d
[State 0] Inst Executing 0x8009044
[State 0] Ex Block pc: 0x8009046 lr:0x8008a6d
[State 0] Inst Executing 0x8009046
[State 0]  pc:0x8009046 address:0x20000864 val:0x7 size:0x2 type:read
[State 0] Inst Executing 0x800904a
[State 0] Inst Executing 0x800904c
[State 0] Inst Executing 0x800904e
[State 0] Inst Executing 0x8009052
[State 0]  pc:0x8009052 address:0x20000866 val:0x7 size:0x2 type:read
[State 0] Inst Executing 0x8009056
[State 0] Inst Executing 0x8009058
[State 0] Ex Block pc: 0x800905a lr:0x8008a6d
[State 0] Inst Executing 0x800905a
[State 0]  pc:0x800905a address:0x20000860 val:0x20000741 size:0x4 type:read
[State 0] Inst Executing 0x800905c
[State 0]  pc:0x800905c address:0x20000864 val:0x7 size:0x2 type:read
[State 0] Inst Executing 0x8009060
[State 0] Inst Executing 0x8009062
[State 0]  pc:0x8009062 address:0x20013f97 val:0x0 size:0x1 type:read
[State 0] Inst Executing 0x8009066
[State 0]  pc:0x8009066 address:0x20000748 val:0x0 size:0x1 type:write
[State 0] Inst Executing 0x8009068
[State 0] Inst Executing 0x800906a
[State 0]  pc:0x800906a address:0x20000864 val:0x8 size:0x2 type:write
[State 0] Inst Executing 0x800906e
[State 0] Inst Executing 0x8009070
[State 0]  pc:0x8009070 address:0x20013f98 val:0x20000808 size:0x4 type:read
[State 0]  pc:0x8009070 address:0x20013f9c val:0x8008b6b size:0x4 type:read
[State 0] Ex Block pc: 0x8008b6a lr:0x8008a6d
[State 0] Inst Executing 0x8008b6a
[State 0] Ex Block pc: 0x8008b5a lr:0x8008a6d
[State 0] Inst Executing 0x8008b5a
[State 0]  pc:0x8008b5a address:0x20013fa0 val:0x12 size:0x4 type:read
[State 0]  pc:0x8008b5a address:0x20013fa4 val:0x8007425 size:0x4 type:read
[State 0] Ex Block pc: 0x8007424 lr:0x8008a6d
[State 0] Inst Executing 0x8007424
[State 0] Inst Executing 0x8007426
[State 0]  pc:0x8007426 address:0x20013fa8 val:0x20 size:0x4 type:read
[State 0]  pc:0x8007426 address:0x20013fac val:0x800750d size:0x4 type:read
[State 0] Ex Block pc: 0x800750c lr:0x8008a6d
[State 0] Inst Executing 0x800750c
[State 0] Ex Block pc: 0x80074da lr:0x8008a6d
[State 0] Inst Executing 0x80074da
[State 0]  pc:0x80074da address:0x20000808 val:0x40004400 size:0x4 type:read
[State 0] Inst Executing 0x80074dc
[State 0] Ex Block pc: 0x80074dc lr:0x8008a6d
[State 0] Inst Executing 0x80074dc
1 [State 0] uARCUS: hardware read pc 0x80074dc addr 0x40004400 size 0x4 original 0x0 new 0x0
[State 0]  pc:0x80074dc address:0x40004400 val:0x0 size:0x4 type:read
[State 0] Inst Executing 0x80074de
1 [State 0] uARCUS: hardware read pc 0x80074de addr 0x4000440c size 0x4 original 0x0 new 0x0
[State 0]  pc:0x80074de address:0x4000440c val:0x0 size:0x4 type:read
[State 0] Inst Executing 0x80074e0
[State 0] Inst Executing 0x80074e4
[State 0] Inst Executing 0x80074e8
[State 0] Ex Block pc: 0x80074ec lr:0x8008a6d
[State 0] Inst Executing 0x80074ec
[State 0]  pc:0x80074ec address:0x20000808 val:0x40004400 size:0x4 type:read
[State 0] Inst Executing 0x80074ee
[State 0] Ex Block pc: 0x80074ee lr:0x8008a6d
[State 0] Inst Executing 0x80074ee
1 [State 0] uARCUS: hardware read pc 0x80074ee addr 0x40004400 size 0x4 original 0x0 new 0x0
[State 0]  pc:0x80074ee address:0x40004400 val:0x0 size:0x4 type:read
[State 0] Inst Executing 0x80074f0
1 [State 0] uARCUS: hardware read pc 0x80074f0 addr 0x4000440c size 0x4 original 0x0 new 0x0
[State 0]  pc:0x80074f0 address:0x4000440c val:0x0 size:0x4 type:read
[State 0] Inst Executing 0x80074f2
[State 0] Inst Executing 0x80074f6
[State 0] Inst Executing 0x80074fa
[State 0] Ex Block pc: 0x80074fe lr:0x8008a6d
[State 0] Inst Executing 0x80074fe
[State 0]  pc:0x80074fe address:0x20000844 val:0x0 size:0x4 type:read
[State 0] Inst Executing 0x8007500
[State 0] Ex Block pc: 0x8007502 lr:0x8008a6d
[State 0] Inst Executing 0x8007502
[State 0] Inst Executing 0x8007504
[State 0]  pc:0x8007504 address:0x20013fb8 val:0x0 size:0x4 type:read
[State 0]  pc:0x8007504 address:0x20013fbc val:0x8008c29 size:0x4 type:read
[State 0] Ex Block pc: 0x8008c28 lr:0x8008a6d
[State 0] Inst Executing 0x8008c28
[State 0]  pc:0x8008c28 address:0x20013fc0 val:0x0 size:0x4 type:read
[State 0]  pc:0x8008c28 address:0x20013fc4 val:0xfffffff9 size:0x4 type:read
[State 0] onException pc: 0xfffffff8 vec: 54
1 [State 0] uARCUS: onException exit, irq_no: 54
[State 0] Ex Block pc: 0x800369c lr:0x8002ad7 firmata::FirmataClass::available()
[State 0] Inst Executing 0x800369c
[State 0]  pc:0x800369c address:0x20013fe0 val:0x0 size:0x4 type:write
[State 0]  pc:0x800369c address:0x20013fe4 val:0x8002ad7 size:0x4 type:write
[State 0] Inst Executing 0x800369e
[State 0]  pc:0x800369e address:0x20000490 val:0x20000730 size:0x4 type:read
[State 0] Inst Executing 0x80036a2
[State 0]  pc:0x80036a2 address:0x20000730 val:0x800afd0 size:0x4 type:read
[State 0] Inst Executing 0x80036a4
[State 0]  pc:0x80036a4 address:0x800afd8 val:0x8008fcb size:0x4 type:read
[State 0] Inst Executing 0x80036a6
[State 0] Ex Block pc: 0x8008fca lr:0x80036a9 HardwareSerial::available()
[State 0] Inst Executing 0x8008fca
[State 0]  pc:0x8008fca address:0x20000864 val:0x8 size:0x2 type:read
[State 0] Inst Executing 0x8008fce
[State 0] Inst Executing 0x8008fd0
[State 0] Inst Executing 0x8008fd2
[State 0]  pc:0x8008fd2 address:0x20000866 val:0x7 size:0x2 type:read
[State 0] Inst Executing 0x8008fd6
[State 0] Inst Executing 0x8008fd8
[State 0] Inst Executing 0x8008fdc
[State 0] Ex Block pc: 0x80036a8 lr:0x80036a9
[State 0] Inst Executing 0x80036a8
[State 0]  pc:0x80036a8 address:0x20013fe0 val:0x0 size:0x4 type:read
[State 0]  pc:0x80036a8 address:0x20013fe4 val:0x8002ad7 size:0x4 type:read
[State 0] Ex Block pc: 0x8002ad6 lr:0x80036a9
[State 0] Inst Executing 0x8002ad6
[State 0] Ex Block pc: 0x8002ad8 lr:0x80036a9
[State 0] Inst Executing 0x8002ad8
[State 0]  pc:0x8002ad8 address:0x8002bb4 val:0x200003d0 size:0x4 type:read
[State 0] Inst Executing 0x8002ada
[State 0] Ex Block pc: 0x80036aa lr:0x8002adf firmata::FirmataClass::processInput()
[State 0] Inst Executing 0x80036aa
[State 0]  pc:0x80036aa address:0x20013fe0 val:0x0 size:0x4 type:write
[State 0]  pc:0x80036aa address:0x20013fe4 val:0x8002adf size:0x4 type:write
[State 0] Inst Executing 0x80036ac
[State 0] Inst Executing 0x80036ae
[State 0]  pc:0x80036ae address:0x20000490 val:0x20000730 size:0x4 type:read
[State 0] Inst Executing 0x80036b2
[State 0]  pc:0x80036b2 address:0x20000730 val:0x800afd0 size:0x4 type:read
[State 0] Inst Executing 0x80036b4
[State 0]  pc:0x80036b4 address:0x800afdc val:0x8008ffb size:0x4 type:read
[State 0] Inst Executing 0x80036b6
[State 0] Ex Block pc: 0x8008ffa lr:0x80036b9 HardwareSerial::read()
[State 0] Inst Executing 0x8008ffa
[State 0]  pc:0x8008ffa address:0x20000864 val:0x8 size:0x2 type:read
[State 0] Inst Executing 0x8008ffe
[State 0] Ex Block pc: 0x8009000 lr:0x80036b9
[State 0] Inst Executing 0x8009000
[State 0]  pc:0x8009000 address:0x20000866 val:0x7 size:0x2 type:read
[State 0] Inst Executing 0x8009004
[State 0] Inst Executing 0x8009006
[State 0] Ex Block pc: 0x8009008 lr:0x80036b9
[State 0] Inst Executing 0x8009008
[State 0]  pc:0x8009008 address:0x20000860 val:0x20000741 size:0x4 type:read
[State 0] Inst Executing 0x800900c
[State 0]  pc:0x800900c address:0x20000748 val:0x0 size:0x1 type:read
[State 0] Inst Executing 0x800900e
[State 0] Inst Executing 0x8009010
[State 0] Inst Executing 0x8009014
[State 0]  pc:0x8009014 address:0x20000866 val:0x8 size:0x2 type:write
[State 0] Inst Executing 0x8009018
[State 0] Inst Executing 0x800901a
[State 0] Ex Block pc: 0x80036b8 lr:0x80036b9
[State 0] Inst Executing 0x80036b8
[State 0] Inst Executing 0x80036bc
[State 0] Ex Block pc: 0x80036be lr:0x80036b9
[State 0] Inst Executing 0x80036be
[State 0] Inst Executing 0x80036c0
[State 0] Inst Executing 0x80036c4
[State 0] Ex Block pc: 0x8003c50 lr:0x80036c9 firmata::FirmataParser::parse(unsigned
[State 0] Inst Executing 0x8003c50
[State 0]  pc:0x8003c50 address:0x20013fd8 val:0x200003d0 size:0x4 type:write
[State 0]  pc:0x8003c50 address:0x20013fdc val:0x80036c9 size:0x4 type:write
[State 0] Inst Executing 0x8003c52
[State 0] Inst Executing 0x8003c54
[State 0]  pc:0x8003c54 address:0x20000428 val:0x0 size:0x1 type:read
[State 0] Inst Executing 0x8003c56
[State 0] Ex Block pc: 0x8003c74 lr:0x80036c9
[State 0] Inst Executing 0x8003c74
[State 0]  pc:0x8003c74 address:0x20000424 val:0x0 size:0x4 type:read
[State 0] Inst Executing 0x8003c76
[State 0] Ex Block pc: 0x8003c7c lr:0x80036c9
[State 0] Inst Executing 0x8003c7c
[State 0] Inst Executing 0x8003c7e
[State 0] Ex Block pc: 0x8003c80 lr:0x80036c9
[State 0] Inst Executing 0x8003c80
[State 0] Inst Executing 0x8003c84
[State 0]  pc:0x8003c84 address:0x20000421 val:0x0 size:0x1 type:write
[State 0] Inst Executing 0x8003c86
[State 0] Inst Executing 0x8003c8a
[State 0] Inst Executing 0x8003c8c
[State 0] Ex Block pc: 0x8003c8e lr:0x80036c9
[State 0] Inst Executing 0x8003c8e
[State 0] Ex Block pc: 0x8003d4e lr:0x80036c9
[State 0] Inst Executing 0x8003d4e
[State 0] Inst Executing 0x8003d50
[State 0] Ex Block pc: 0x8003d52 lr:0x80036c9
[State 0] Inst Executing 0x8003d52
[State 0] Ex Block pc: 0x8003d5e lr:0x80036c9
[State 0] Inst Executing 0x8003d5e
[State 0] Inst Executing 0x8003d60
[State 0] Ex Block pc: 0x8003d6a lr:0x80036c9
[State 0] Inst Executing 0x8003d6a
[State 0]  pc:0x8003d6a address:0x20013fd8 val:0x200003d0 size:0x4 type:read
[State 0]  pc:0x8003d6a address:0x20013fdc val:0x80036c9 size:0x4 type:read
[State 0] Ex Block pc: 0x80036c8 lr:0x80036c9
[State 0] Inst Executing 0x80036c8
[State 0]  pc:0x80036c8 address:0x20013fe0 val:0x0 size:0x4 type:read
[State 0]  pc:0x80036c8 address:0x20013fe4 val:0x8002adf size:0x4 type:read
[State 0] Ex Block pc: 0x8002ade lr:0x80036c9
[State 0] Inst Executing 0x8002ade
[State 0] Ex Block pc: 0x8002ad0 lr:0x80036c9
[State 0] Inst Executing 0x8002ad0
1 [State 0] uARCUS: External Interrupt:38
1 [State 0] uARCUS: test interrupt_flag 0 request:0 halted: 0 excp_idx: -1
orig vec_enabled: 1
[State 0]  pc:0x8002ad0 address:0x8002bb4 val:0x200003d0 size:0x4 type:read
[State 0] Inst Executing 0x8002ad2
[State 0] onException pc: 0x800369c vec: 0
[State 0] Ex Block pc: 0x8008c18 lr:0xfffffff9 USART2_IRQHandler
[State 0] Inst Executing 0x8008c18
[State 0]  pc:0x8008c18 address:0x20013fc0 val:0x0 size:0x4 type:write
[State 0]  pc:0x8008c18 address:0x20013fc4 val:0xfffffff9 size:0x4 type:write
[State 0] Inst Executing 0x8008c1a
[State 0] Inst Executing 0x8008c1c
[State 0] Ex Block pc: 0x80046bc lr:0x8008c21 HAL_NVIC_ClearPendingIRQ
[State 0] Inst Executing 0x80046bc
[State 0] Inst Executing 0x80046be
[State 0] Ex Block pc: 0x80046c0 lr:0x8008c21
[State 0] Inst Executing 0x80046c0
[State 0] Inst Executing 0x80046c2
[State 0] Inst Executing 0x80046c6
[State 0] Inst Executing 0x80046c8
[State 0] Inst Executing 0x80046cc
[State 0] Inst Executing 0x80046ce
[State 0]  pc:0x80046ce address:0x80046d8 val:0xe000e100 size:0x4 type:read
[State 0] Inst Executing 0x80046d0
[State 0]  pc:0x80046d0 address:0xe000e284 val:0x40 size:0x4 type:write
[State 0] Inst Executing 0x80046d4
[State 0] Ex Block pc: 0x8008c20 lr:0x8008c21
[State 0] Inst Executing 0x8008c20
[State 0]  pc:0x8008c20 address:0x8008c2c val:0x200006d8 size:0x4 type:read
[State 0] Inst Executing 0x8008c22
[State 0]  pc:0x8008c22 address:0x200006dc val:0x20000808 size:0x4 type:read
[State 0] Inst Executing 0x8008c24
[State 0] Ex Block pc: 0x800746e lr:0x8008c29 HAL_UART_IRQHandler
[State 0] Inst Executing 0x800746e
[State 0]  pc:0x800746e address:0x20013fb8 val:0x0 size:0x4 type:write
[State 0]  pc:0x800746e address:0x20013fbc val:0x8008c29 size:0x4 type:write
[State 0] Inst Executing 0x8007470
[State 0] Inst Executing 0x8007472
[State 0] Inst Executing 0x8007474
[State 0]  pc:0x8007474 address:0x20000808 val:0x40004400 size:0x4 type:read
[State 0] Inst Executing 0x8007476
[State 0] Ex Block pc: 0x8007476 lr:0x8008c29
[State 0] Inst Executing 0x8007476
1 [State 0] uARCUS: hardware read pc 0x8007476 addr 0x40004400 size 0x4 original 0x0 new 0x1
[State 0]  pc:0x8007476 address:0x40004400 val:0x1 size:0x4 type:read
[State 0] Inst Executing 0x8007478
1 [State 0] uARCUS: hardware read pc 0x8007478 addr 0x4000440c size 0x4 original 0x0 new 0x0
[State 0]  pc:0x8007478 address:0x4000440c val:0x0 size:0x4 type:read
[State 0] Inst Executing 0x800747a
[State 0] Inst Executing 0x800747e
[State 0] Ex Block pc: 0x8007480 lr:0x8008c29
[State 0] Inst Executing 0x8007480
[State 0] Inst Executing 0x8007484
[State 0] Ex Block pc: 0x800748e lr:0x8008c29
[State 0] Inst Executing 0x800748e
[State 0] Ex Block pc: 0x800748e lr:0x8008c29
[State 0] Inst Executing 0x800748e
1 [State 0] uARCUS: hardware read pc 0x800748e addr 0x40004400 size 0x4 original 0x0 new 0x2
[State 0]  pc:0x800748e address:0x40004400 val:0x2 size:0x4 type:read
[State 0] Inst Executing 0x8007490
1 [State 0] uARCUS: hardware read pc 0x8007490 addr 0x40004414 size 0x4 original 0x0 new 0x0
[State 0]  pc:0x8007490 address:0x40004414 val:0x0 size:0x4 type:read
[State 0] Inst Executing 0x8007492
[State 0] Inst Executing 0x8007496
[State 0] Inst Executing 0x800749a
[State 0] Ex Block pc: 0x800749c lr:0x8008c29
[State 0] Inst Executing 0x800749c
[State 0] Ex Block pc: 0x80074a6 lr:0x8008c29
[State 0] Inst Executing 0x80074a6
[State 0] Ex Block pc: 0x80074a6 lr:0x8008c29
[State 0] Inst Executing 0x80074a6
1 [State 0] uARCUS: hardware read pc 0x80074a6 addr 0x40004400 size 0x4 original 0x0 new 0x4
[State 0]  pc:0x80074a6 address:0x40004400 val:0x4 size:0x4 type:read
[State 0] Inst Executing 0x80074a8
[State 0] Inst Executing 0x80074ac
[State 0] Ex Block pc: 0x80074ae lr:0x8008c29
[State 0] Inst Executing 0x80074ae
[State 0] Ex Block pc: 0x80074b8 lr:0x8008c29
[State 0] Inst Executing 0x80074b8
[State 0] Ex Block pc: 0x80074b8 lr:0x8008c29
[State 0] Inst Executing 0x80074b8
1 [State 0] uARCUS: hardware read pc 0x80074b8 addr 0x40004400 size 0x4 original 0x0 new 0x8
[State 0]  pc:0x80074b8 address:0x40004400 val:0x8 size:0x4 type:read
[State 0] Inst Executing 0x80074ba
[State 0] Inst Executing 0x80074be
[State 0] Ex Block pc: 0x80074c0 lr:0x8008c29
[State 0] Inst Executing 0x80074c0
[State 0] Ex Block pc: 0x80074ca lr:0x8008c29
[State 0] Inst Executing 0x80074ca
[State 0] Ex Block pc: 0x80074ca lr:0x8008c29
[State 0] Inst Executing 0x80074ca
1 [State 0] uARCUS: hardware read pc 0x80074ca addr 0x40004400 size 0x4 original 0x0 new 0x20
[State 0]  pc:0x80074ca address:0x40004400 val:0x20 size:0x4 type:read
[State 0] Inst Executing 0x80074cc
1 [State 0] uARCUS: hardware read pc 0x80074cc addr 0x4000440c size 0x4 original 0x0 new 0x20
[State 0]  pc:0x80074cc address:0x4000440c val:0x20 size:0x4 type:read
[State 0] Inst Executing 0x80074ce
[State 0] Inst Executing 0x80074d2
[State 0] Inst Executing 0x80074d6
[State 0] Ex Block pc: 0x80074d8 lr:0x8008c29
[State 0] Inst Executing 0x80074d8
[State 0] Ex Block pc: 0x8007506 lr:0x8008c29
[State 0] Inst Executing 0x8007506
[State 0] Inst Executing 0x8007508
[State 0] Ex Block pc: 0x80073b8 lr:0x800750d UART_Receive_IT
[State 0] Inst Executing 0x80073b8
[State 0]  pc:0x80073b8 address:0x20013fa8 val:0x20 size:0x4 type:write
[State 0]  pc:0x80073b8 address:0x20013fac val:0x800750d size:0x4 type:write
[State 0] Inst Executing 0x80073ba
[State 0]  pc:0x80073ba address:0x20000841 val:0x32 size:0x1 type:read
[State 0] Inst Executing 0x80073be
[State 0] Inst Executing 0x80073c0
[State 0] Inst Executing 0x80073c2
[State 0] Ex Block pc: 0x80073c4 lr:0x800750d
[State 0] Inst Executing 0x80073c4
[State 0] Inst Executing 0x80073c6
[State 0] Ex Block pc: 0x80073cc lr:0x800750d
[State 0] Inst Executing 0x80073cc
[State 0]  pc:0x80073cc address:0x20000810 val:0x0 size:0x4 type:read
[State 0] Inst Executing 0x80073ce
[State 0] Inst Executing 0x80073d2
[State 0] Ex Block pc: 0x80073d4 lr:0x800750d
[State 0] Inst Executing 0x80073d4
[State 0]  pc:0x80073d4 address:0x20000818 val:0x0 size:0x4 type:read
[State 0] Inst Executing 0x80073d6
[State 0] Inst Executing 0x80073d8
[State 0] Ex Block pc: 0x80073da lr:0x800750d
[State 0] Inst Executing 0x80073da
[State 0]  pc:0x80073da address:0x20000830 val:0x20000849 size:0x4 type:read
[State 0] Inst Executing 0x80073dc
[State 0] Inst Executing 0x80073de
[State 0]  pc:0x80073de address:0x20000830 val:0x2000084a size:0x4 type:write
[State 0] Inst Executing 0x80073e0
[State 0]  pc:0x80073e0 address:0x20000808 val:0x40004400 size:0x4 type:read
[State 0] Inst Executing 0x80073e2
[State 0] Ex Block pc: 0x80073e2 lr:0x800750d
[State 0] Inst Executing 0x80073e2
[State 0] user read pc 0x80073e2 addr 0x40004404 original 0x0 fuzzin 0x0 ptr 8
[State 0]  pc:0x80073e2 address:0x40004404 val:0x0 size:0x4 type:read
[State 0] Inst Executing 0x80073e4
[State 0]  pc:0x80073e4 address:0x20000849 val:0x0 size:0x1 type:write
[State 0] Inst Executing 0x80073e6
[State 0]  pc:0x80073e6 address:0x20000836 val:0x1 size:0x2 type:read
[State 0] Inst Executing 0x80073e8
[State 0] Inst Executing 0x80073ea
[State 0] Inst Executing 0x80073ec
[State 0]  pc:0x80073ec address:0x20000836 val:0x0 size:0x2 type:write
[State 0] Inst Executing 0x80073ee
[State 0] Inst Executing 0x80073f0
[State 0] Ex Block pc: 0x80073f2 lr:0x800750d
[State 0] Inst Executing 0x80073f2
[State 0]  pc:0x80073f2 address:0x20000808 val:0x40004400 size:0x4 type:read
[State 0] Inst Executing 0x80073f4
[State 0] Ex Block pc: 0x80073f4 lr:0x800750d
[State 0] Inst Executing 0x80073f4
1 [State 0] uARCUS: hardware read pc 0x80073f4 addr 0x4000440c size 0x4 original 0x0 new 0x0
[State 0]  pc:0x80073f4 address:0x4000440c val:0x0 size:0x4 type:read
[State 0] Inst Executing 0x80073f6
[State 0] Inst Executing 0x80073fa
[State 0]  pc:0x80073fa address:0x4000440c val:0x0 size:0x4 type:write
[State 0] Inst Executing 0x80073fc
[State 0]  pc:0x80073fc address:0x20000841 val:0x32 size:0x1 type:read
[State 0] Ex Block pc: 0x8007400 lr:0x800750d
[State 0] Inst Executing 0x8007400
[State 0] Inst Executing 0x8007402
[State 0] Inst Executing 0x8007404
[State 0] Ex Block pc: 0x8007462 lr:0x800750d
[State 0] Inst Executing 0x8007462
[State 0] Inst Executing 0x8007464
[State 0]  pc:0x8007464 address:0x20000841 val:0x12 size:0x1 type:write
[State 0] Inst Executing 0x8007468
[State 0] Ex Block pc: 0x8007420 lr:0x800750d
[State 0] Inst Executing 0x8007420
[State 0] Ex Block pc: 0x8008b50 lr:0x8007425 HAL_UART_RxCpltCallback
[State 0] Inst Executing 0x8008b50
[State 0]  pc:0x8008b50 address:0x20013fa0 val:0x12 size:0x4 type:write
[State 0]  pc:0x8008b50 address:0x20013fa4 val:0x8007425 size:0x4 type:write
[State 0] Inst Executing 0x8008b52
[State 0] Ex Block pc: 0x8008b2c lr:0x8008b57 uart_index
[State 0] Inst Executing 0x8008b2c
[State 0] Inst Executing 0x8008b2e
[State 0] Ex Block pc: 0x8008b30 lr:0x8008b57
[State 0] Inst Executing 0x8008b30
[State 0] Inst Executing 0x8008b32
[State 0] Inst Executing 0x8008b34
[State 0] Ex Block pc: 0x8008b36 lr:0x8008b57
[State 0] Inst Executing 0x8008b36
[State 0]  pc:0x8008b36 address:0x8008b4c val:0x200006d8 size:0x4 type:read
[State 0] Inst Executing 0x8008b38
[State 0]  pc:0x8008b38 address:0x200006d8 val:0x0 size:0x4 type:read
[State 0] Inst Executing 0x8008b3c
[State 0] Inst Executing 0x8008b3e
[State 0] Ex Block pc: 0x8008b40 lr:0x8008b57
[State 0] Inst Executing 0x8008b40
[State 0] Inst Executing 0x8008b42
[State 0] Inst Executing 0x8008b44
[State 0] Ex Block pc: 0x8008b32 lr:0x8008b57
[State 0] Inst Executing 0x8008b32
[State 0] Inst Executing 0x8008b34
[State 0] Ex Block pc: 0x8008b36 lr:0x8008b57
[State 0] Inst Executing 0x8008b36
[State 0]  pc:0x8008b36 address:0x8008b4c val:0x200006d8 size:0x4 type:read
[State 0] Inst Executing 0x8008b38
[State 0]  pc:0x8008b38 address:0x200006dc val:0x20000808 size:0x4 type:read
[State 0] Inst Executing 0x8008b3c
[State 0] Inst Executing 0x8008b3e
[State 0] Ex Block pc: 0x8008b4a lr:0x8008b57
[State 0] Inst Executing 0x8008b4a
[State 0] Ex Block pc: 0x8008b56 lr:0x8008b57
[State 0] Inst Executing 0x8008b56
[State 0] Inst Executing 0x8008b58
[State 0] Ex Block pc: 0x8008b5c lr:0x8008b57
[State 0] Inst Executing 0x8008b5c
[State 0]  pc:0x8008b5c address:0x8008b6c val:0x20000688 size:0x4 type:read
[State 0] Inst Executing 0x8008b5e
[State 0]  pc:0x8008b5e address:0x2000068c val:0x8009037 size:0x4 type:read
[State 0] Inst Executing 0x8008b62
[State 0]  pc:0x8008b62 address:0x8008b70 val:0x2000069c size:0x4 type:read
[State 0] Inst Executing 0x8008b64
[State 0]  pc:0x8008b64 address:0x200006a0 val:0x20000804 size:0x4 type:read
[State 0] Inst Executing 0x8008b68
[State 0] Ex Block pc: 0x8009036 lr:0x8008b6b HardwareSerial::_rx_complete_irq(serial_s*)
[State 0] Inst Executing 0x8009036
[State 0]  pc:0x8009036 address:0x20013f98 val:0x20000808 size:0x4 type:write
[State 0]  pc:0x8009036 address:0x20013f9c val:0x8008b6b size:0x4 type:write
[State 0] Inst Executing 0x8009038
[State 0] Inst Executing 0x800903a
[State 0] Inst Executing 0x800903c
[State 0] Inst Executing 0x8009040
[State 0] Ex Block pc: 0x8008a44 lr:0x8009045 uart_getc
[State 0] Inst Executing 0x8008a44
[State 0] Ex Block pc: 0x8008a46 lr:0x8009045
[State 0] Inst Executing 0x8008a46
[State 0]  pc:0x8008a46 address:0x20013f80 val:0x8009037 size:0x4 type:write
[State 0]  pc:0x8008a46 address:0x20013f84 val:0x20000804 size:0x4 type:write
[State 0]  pc:0x8008a46 address:0x20013f88 val:0x0 size:0x4 type:write
[State 0]  pc:0x8008a46 address:0x20013f8c val:0x8009045 size:0x4 type:write
[State 0] Inst Executing 0x8008a48
[State 0] Inst Executing 0x8008a4a
[State 0] Inst Executing 0x8008a4c
[State 0] Ex Block pc: 0x80089fc lr:0x8008a51 serial_rx_active
[State 0] Inst Executing 0x80089fc
[State 0]  pc:0x80089fc address:0x20013f78 val:0x8009037 size:0x4 type:write
[State 0]  pc:0x80089fc address:0x20013f7c val:0x8008a51 size:0x4 type:write
[State 0] Inst Executing 0x80089fe
[State 0]  pc:0x80089fe address:0x20000848 val:0x1 size:0x1 type:read
[State 0] Inst Executing 0x8008a02
[State 0]  pc:0x8008a02 address:0x8008a1c val:0x200006d8 size:0x4 type:read
[State 0] Inst Executing 0x8008a04
[State 0]  pc:0x8008a04 address:0x200006dc val:0x20000808 size:0x4 type:read
[State 0] Inst Executing 0x8008a08
[State 0] Ex Block pc: 0x8007538 lr:0x8008a0d HAL_UART_GetState
[State 0] Inst Executing 0x8007538
[State 0]  pc:0x8007538 address:0x20000841 val:0x12 size:0x1 type:read
[State 0] Inst Executing 0x800753c
[State 0] Ex Block pc: 0x8008a0c lr:0x8008a0d
[State 0] Inst Executing 0x8008a0c
[State 0] Inst Executing 0x8008a10
[State 0] Inst Executing 0x8008a12
[State 0] Inst Executing 0x8008a14
[State 0] Inst Executing 0x8008a16
[State 0] Inst Executing 0x8008a18
[State 0]  pc:0x8008a18 address:0x20013f78 val:0x8009037 size:0x4 type:read
[State 0]  pc:0x8008a18 address:0x20013f7c val:0x8008a51 size:0x4 type:read
[State 0] Ex Block pc: 0x8008a50 lr:0x8008a0d
[State 0] Inst Executing 0x8008a50
[State 0] Ex Block pc: 0x8008a52 lr:0x8008a0d
[State 0] Inst Executing 0x8008a52
[State 0]  pc:0x8008a52 address:0x20000849 val:0x0 size:0x1 type:read
[State 0] Inst Executing 0x8008a56
[State 0]  pc:0x8008a56 address:0x20013f97 val:0x0 size:0x1 type:write
[State 0] Inst Executing 0x8008a58
[State 0]  pc:0x8008a58 address:0x20000848 val:0x1 size:0x1 type:read
[State 0] Inst Executing 0x8008a5c
[State 0] Inst Executing 0x8008a5e
[State 0] Inst Executing 0x8008a62
[State 0]  pc:0x8008a62 address:0x8008a7c val:0x200006d8 size:0x4 type:read
[State 0] Inst Executing 0x8008a64
[State 0]  pc:0x8008a64 address:0x200006dc val:0x20000808 size:0x4 type:read
[State 0] Inst Executing 0x8008a68
[State 0] Ex Block pc: 0x8007312 lr:0x8008a6d HAL_UART_Receive_IT
[State 0] Inst Executing 0x8007312
[State 0]  pc:0x8007312 address:0x20000841 val:0x12 size:0x1 type:read
[State 0] Inst Executing 0x8007316
[State 0] Inst Executing 0x8007318
[State 0] Inst Executing 0x800731a
[State 0] Ex Block pc: 0x800731c lr:0x8008a6d
[State 0] Inst Executing 0x800731c
[State 0] Inst Executing 0x800731e
[State 0] Ex Block pc: 0x8007324 lr:0x8008a6d
[State 0] Inst Executing 0x8007324
[State 0] Ex Block pc: 0x8007326 lr:0x8008a6d
[State 0] Inst Executing 0x8007326
[State 0] Ex Block pc: 0x8007328 lr:0x8008a6d
[State 0] Inst Executing 0x8007328
[State 0]  pc:0x8007328 address:0x20000840 val:0x0 size:0x1 type:read
[State 0] Inst Executing 0x800732c
[State 0] Inst Executing 0x800732e
[State 0] Ex Block pc: 0x8007330 lr:0x8008a6d
[State 0] Inst Executing 0x8007330
[State 0] Inst Executing 0x8007332
[State 0]  pc:0x8007332 address:0x20000840 val:0x1 size:0x1 type:write
[State 0] Inst Executing 0x8007336
[State 0]  pc:0x8007336 address:0x20000830 val:0x20000849 size:0x4 type:write
[State 0] Inst Executing 0x8007338
[State 0]  pc:0x8007338 address:0x20000834 val:0x1 size:0x2 type:write
[State 0] Inst Executing 0x800733a
[State 0]  pc:0x800733a address:0x20000836 val:0x1 size:0x2 type:write
[State 0] Inst Executing 0x800733c
[State 0] Inst Executing 0x800733e
[State 0]  pc:0x800733e address:0x20000844 val:0x0 size:0x4 type:write
[State 0] Inst Executing 0x8007340
[State 0]  pc:0x8007340 address:0x20000841 val:0x12 size:0x1 type:read
[State 0] Inst Executing 0x8007344
[State 0] Inst Executing 0x8007346
[State 0] Inst Executing 0x8007348
[State 0] Ex Block pc: 0x8007378 lr:0x8008a6d
[State 0] Inst Executing 0x8007378
[State 0] Inst Executing 0x800737a
[State 0]  pc:0x800737a address:0x20000841 val:0x32 size:0x1 type:write
[State 0] Inst Executing 0x800737e
[State 0] Ex Block pc: 0x8007350 lr:0x8008a6d
[State 0] Inst Executing 0x8007350
[State 0] Inst Executing 0x8007352
[State 0]  pc:0x8007352 address:0x20000840 val:0x0 size:0x1 type:write
[State 0] Inst Executing 0x8007356
[State 0]  pc:0x8007356 address:0x20000808 val:0x40004400 size:0x4 type:read
[State 0] Inst Executing 0x8007358
[State 0] Ex Block pc: 0x8007358 lr:0x8008a6d
[State 0] Inst Executing 0x8007358
1 [State 0] uARCUS: hardware read pc 0x8007358 addr 0x4000440c size 0x4 original 0x0 new 0x0
[State 0]  pc:0x8007358 address:0x4000440c val:0x0 size:0x4 type:read
[State 0] Inst Executing 0x800735a
[State 0] Inst Executing 0x800735e
[State 0]  pc:0x800735e address:0x4000440c val:0x100 size:0x4 type:write
[State 0] Inst Executing 0x8007360
[State 0]  pc:0x8007360 address:0x20000808 val:0x40004400 size:0x4 type:read
[State 0] Inst Executing 0x8007362
1 [State 0] uARCUS: hardware read pc 0x8007362 addr 0x40004414 size 0x4 original 0x0 new 0x0
[State 0]  pc:0x8007362 address:0x40004414 val:0x0 size:0x4 type:read
[State 0] Inst Executing 0x8007364
[State 0] Inst Executing 0x8007368
[State 0]  pc:0x8007368 address:0x40004414 val:0x1 size:0x4 type:write
[State 0] Inst Executing 0x800736a
[State 0]  pc:0x800736a address:0x20000808 val:0x40004400 size:0x4 type:read
[State 0] Inst Executing 0x800736c
1 [State 0] uARCUS: hardware read pc 0x800736c addr 0x4000440c size 0x4 original 0x0 new 0x0
[State 0]  pc:0x800736c address:0x4000440c val:0x0 size:0x4 type:read
[State 0] Inst Executing 0x800736e
[State 0] Inst Executing 0x8007372
[State 0]  pc:0x8007372 address:0x4000440c val:0x20 size:0x4 type:write
[State 0] Inst Executing 0x8007374
[State 0] Inst Executing 0x8007376
[State 0] Ex Block pc: 0x8008a6c lr:0x8008a6d
[State 0] Inst Executing 0x8008a6c
[State 0] Inst Executing 0x8008a6e
[State 0]  pc:0x8008a6e address:0x20013f80 val:0x8009037 size:0x4 type:read
[State 0]  pc:0x8008a6e address:0x20013f84 val:0x20000804 size:0x4 type:read
[State 0]  pc:0x8008a6e address:0x20013f88 val:0x0 size:0x4 type:read
[State 0]  pc:0x8008a6e address:0x20013f8c val:0x8009045 size:0x4 type:read
[State 0] Ex Block pc: 0x8009044 lr:0x8008a6d
[State 0] Inst Executing 0x8009044
[State 0] Ex Block pc: 0x8009046 lr:0x8008a6d
[State 0] Inst Executing 0x8009046
[State 0]  pc:0x8009046 address:0x20000864 val:0x8 size:0x2 type:read
[State 0] Inst Executing 0x800904a
[State 0] Inst Executing 0x800904c
[State 0] Inst Executing 0x800904e
[State 0] Inst Executing 0x8009052
[State 0]  pc:0x8009052 address:0x20000866 val:0x8 size:0x2 type:read
[State 0] Inst Executing 0x8009056
[State 0] Inst Executing 0x8009058
[State 0] Ex Block pc: 0x800905a lr:0x8008a6d
[State 0] Inst Executing 0x800905a
[State 0]  pc:0x800905a address:0x20000860 val:0x20000741 size:0x4 type:read
[State 0] Inst Executing 0x800905c
[State 0]  pc:0x800905c address:0x20000864 val:0x8 size:0x2 type:read
[State 0] Inst Executing 0x8009060
[State 0] Inst Executing 0x8009062
[State 0]  pc:0x8009062 address:0x20013f97 val:0x0 size:0x1 type:read
[State 0] Inst Executing 0x8009066
[State 0]  pc:0x8009066 address:0x20000749 val:0x0 size:0x1 type:write
[State 0] Inst Executing 0x8009068
[State 0] Inst Executing 0x800906a
[State 0]  pc:0x800906a address:0x20000864 val:0x9 size:0x2 type:write
[State 0] Inst Executing 0x800906e
[State 0] Inst Executing 0x8009070
[State 0]  pc:0x8009070 address:0x20013f98 val:0x20000808 size:0x4 type:read
[State 0]  pc:0x8009070 address:0x20013f9c val:0x8008b6b size:0x4 type:read
[State 0] Ex Block pc: 0x8008b6a lr:0x8008a6d
[State 0] Inst Executing 0x8008b6a
[State 0] Ex Block pc: 0x8008b5a lr:0x8008a6d
[State 0] Inst Executing 0x8008b5a
[State 0]  pc:0x8008b5a address:0x20013fa0 val:0x12 size:0x4 type:read
[State 0]  pc:0x8008b5a address:0x20013fa4 val:0x8007425 size:0x4 type:read
[State 0] Ex Block pc: 0x8007424 lr:0x8008a6d
[State 0] Inst Executing 0x8007424
[State 0] Inst Executing 0x8007426
[State 0]  pc:0x8007426 address:0x20013fa8 val:0x20 size:0x4 type:read
[State 0]  pc:0x8007426 address:0x20013fac val:0x800750d size:0x4 type:read
[State 0] Ex Block pc: 0x800750c lr:0x8008a6d
[State 0] Inst Executing 0x800750c
[State 0] Ex Block pc: 0x80074da lr:0x8008a6d
[State 0] Inst Executing 0x80074da
[State 0]  pc:0x80074da address:0x20000808 val:0x40004400 size:0x4 type:read
[State 0] Inst Executing 0x80074dc
[State 0] Ex Block pc: 0x80074dc lr:0x8008a6d
[State 0] Inst Executing 0x80074dc
1 [State 0] uARCUS: hardware read pc 0x80074dc addr 0x40004400 size 0x4 original 0x0 new 0x0
[State 0]  pc:0x80074dc address:0x40004400 val:0x0 size:0x4 type:read
[State 0] Inst Executing 0x80074de
1 [State 0] uARCUS: hardware read pc 0x80074de addr 0x4000440c size 0x4 original 0x0 new 0x0
[State 0]  pc:0x80074de address:0x4000440c val:0x0 size:0x4 type:read
[State 0] Inst Executing 0x80074e0
[State 0] Inst Executing 0x80074e4
[State 0] Inst Executing 0x80074e8
[State 0] Ex Block pc: 0x80074ec lr:0x8008a6d
[State 0] Inst Executing 0x80074ec
[State 0]  pc:0x80074ec address:0x20000808 val:0x40004400 size:0x4 type:read
[State 0] Inst Executing 0x80074ee
[State 0] Ex Block pc: 0x80074ee lr:0x8008a6d
[State 0] Inst Executing 0x80074ee
1 [State 0] uARCUS: hardware read pc 0x80074ee addr 0x40004400 size 0x4 original 0x0 new 0x0
[State 0]  pc:0x80074ee address:0x40004400 val:0x0 size:0x4 type:read
[State 0] Inst Executing 0x80074f0
1 [State 0] uARCUS: hardware read pc 0x80074f0 addr 0x4000440c size 0x4 original 0x0 new 0x0
[State 0]  pc:0x80074f0 address:0x4000440c val:0x0 size:0x4 type:read
[State 0] Inst Executing 0x80074f2
[State 0] Inst Executing 0x80074f6
[State 0] Inst Executing 0x80074fa
[State 0] Ex Block pc: 0x80074fe lr:0x8008a6d
[State 0] Inst Executing 0x80074fe
[State 0]  pc:0x80074fe address:0x20000844 val:0x0 size:0x4 type:read
[State 0] Inst Executing 0x8007500
[State 0] Ex Block pc: 0x8007502 lr:0x8008a6d
[State 0] Inst Executing 0x8007502
[State 0] Inst Executing 0x8007504
[State 0]  pc:0x8007504 address:0x20013fb8 val:0x0 size:0x4 type:read
[State 0]  pc:0x8007504 address:0x20013fbc val:0x8008c29 size:0x4 type:read
[State 0] Ex Block pc: 0x8008c28 lr:0x8008a6d
[State 0] Inst Executing 0x8008c28
[State 0]  pc:0x8008c28 address:0x20013fc0 val:0x0 size:0x4 type:read
[State 0]  pc:0x8008c28 address:0x20013fc4 val:0xfffffff9 size:0x4 type:read
[State 0] onException pc: 0xfffffff8 vec: 54
1 [State 0] uARCUS: onException exit, irq_no: 54
[State 0] Ex Block pc: 0x800369c lr:0x8002ad7 firmata::FirmataClass::available()
[State 0] Inst Executing 0x800369c
[State 0]  pc:0x800369c address:0x20013fe0 val:0x0 size:0x4 type:write
[State 0]  pc:0x800369c address:0x20013fe4 val:0x8002ad7 size:0x4 type:write
[State 0] Inst Executing 0x800369e
[State 0]  pc:0x800369e address:0x20000490 val:0x20000730 size:0x4 type:read
[State 0] Inst Executing 0x80036a2
[State 0]  pc:0x80036a2 address:0x20000730 val:0x800afd0 size:0x4 type:read
[State 0] Inst Executing 0x80036a4
[State 0]  pc:0x80036a4 address:0x800afd8 val:0x8008fcb size:0x4 type:read
[State 0] Inst Executing 0x80036a6
[State 0] Ex Block pc: 0x8008fca lr:0x80036a9 HardwareSerial::available()
[State 0] Inst Executing 0x8008fca
[State 0]  pc:0x8008fca address:0x20000864 val:0x9 size:0x2 type:read
[State 0] Inst Executing 0x8008fce
[State 0] Inst Executing 0x8008fd0
[State 0] Inst Executing 0x8008fd2
[State 0]  pc:0x8008fd2 address:0x20000866 val:0x8 size:0x2 type:read
[State 0] Inst Executing 0x8008fd6
[State 0] Inst Executing 0x8008fd8
[State 0] Inst Executing 0x8008fdc
[State 0] Ex Block pc: 0x80036a8 lr:0x80036a9
[State 0] Inst Executing 0x80036a8
[State 0]  pc:0x80036a8 address:0x20013fe0 val:0x0 size:0x4 type:read
[State 0]  pc:0x80036a8 address:0x20013fe4 val:0x8002ad7 size:0x4 type:read
[State 0] Ex Block pc: 0x8002ad6 lr:0x80036a9
[State 0] Inst Executing 0x8002ad6
[State 0] Ex Block pc: 0x8002ad8 lr:0x80036a9
[State 0] Inst Executing 0x8002ad8
[State 0]  pc:0x8002ad8 address:0x8002bb4 val:0x200003d0 size:0x4 type:read
[State 0] Inst Executing 0x8002ada
[State 0] Ex Block pc: 0x80036aa lr:0x8002adf firmata::FirmataClass::processInput()
[State 0] Inst Executing 0x80036aa
[State 0]  pc:0x80036aa address:0x20013fe0 val:0x0 size:0x4 type:write
[State 0]  pc:0x80036aa address:0x20013fe4 val:0x8002adf size:0x4 type:write
[State 0] Inst Executing 0x80036ac
[State 0] Inst Executing 0x80036ae
[State 0]  pc:0x80036ae address:0x20000490 val:0x20000730 size:0x4 type:read
[State 0] Inst Executing 0x80036b2
[State 0]  pc:0x80036b2 address:0x20000730 val:0x800afd0 size:0x4 type:read
[State 0] Inst Executing 0x80036b4
[State 0]  pc:0x80036b4 address:0x800afdc val:0x8008ffb size:0x4 type:read
[State 0] Inst Executing 0x80036b6
[State 0] Ex Block pc: 0x8008ffa lr:0x80036b9 HardwareSerial::read()
[State 0] Inst Executing 0x8008ffa
[State 0]  pc:0x8008ffa address:0x20000864 val:0x9 size:0x2 type:read
[State 0] Inst Executing 0x8008ffe
[State 0] Ex Block pc: 0x8009000 lr:0x80036b9
[State 0] Inst Executing 0x8009000
[State 0]  pc:0x8009000 address:0x20000866 val:0x8 size:0x2 type:read
[State 0] Inst Executing 0x8009004
[State 0] Inst Executing 0x8009006
[State 0] Ex Block pc: 0x8009008 lr:0x80036b9
[State 0] Inst Executing 0x8009008
[State 0]  pc:0x8009008 address:0x20000860 val:0x20000741 size:0x4 type:read
[State 0] Inst Executing 0x800900c
[State 0]  pc:0x800900c address:0x20000749 val:0x0 size:0x1 type:read
[State 0] Inst Executing 0x800900e
[State 0] Inst Executing 0x8009010
[State 0] Inst Executing 0x8009014
[State 0]  pc:0x8009014 address:0x20000866 val:0x9 size:0x2 type:write
[State 0] Inst Executing 0x8009018
[State 0] Inst Executing 0x800901a
[State 0] Ex Block pc: 0x80036b8 lr:0x80036b9
[State 0] Inst Executing 0x80036b8
[State 0] Inst Executing 0x80036bc
[State 0] Ex Block pc: 0x80036be lr:0x80036b9
[State 0] Inst Executing 0x80036be
[State 0] Inst Executing 0x80036c0
[State 0] Inst Executing 0x80036c4
[State 0] Ex Block pc: 0x8003c50 lr:0x80036c9 firmata::FirmataParser::parse(unsigned
[State 0] Inst Executing 0x8003c50
[State 0]  pc:0x8003c50 address:0x20013fd8 val:0x200003d0 size:0x4 type:write
[State 0]  pc:0x8003c50 address:0x20013fdc val:0x80036c9 size:0x4 type:write
[State 0] Inst Executing 0x8003c52
[State 0] Inst Executing 0x8003c54
[State 0]  pc:0x8003c54 address:0x20000428 val:0x0 size:0x1 type:read
[State 0] Inst Executing 0x8003c56
[State 0] Ex Block pc: 0x8003c74 lr:0x80036c9
[State 0] Inst Executing 0x8003c74
[State 0]  pc:0x8003c74 address:0x20000424 val:0x0 size:0x4 type:read
[State 0] Inst Executing 0x8003c76
[State 0] Ex Block pc: 0x8003c7c lr:0x80036c9
[State 0] Inst Executing 0x8003c7c
[State 0] Inst Executing 0x8003c7e
[State 0] Ex Block pc: 0x8003c80 lr:0x80036c9
[State 0] Inst Executing 0x8003c80
[State 0] Inst Executing 0x8003c84
[State 0]  pc:0x8003c84 address:0x20000421 val:0x0 size:0x1 type:write
[State 0] Inst Executing 0x8003c86
[State 0] Inst Executing 0x8003c8a
[State 0] Inst Executing 0x8003c8c
[State 0] Ex Block pc: 0x8003c8e lr:0x80036c9
[State 0] Inst Executing 0x8003c8e
[State 0] Ex Block pc: 0x8003d4e lr:0x80036c9
[State 0] Inst Executing 0x8003d4e
[State 0] Inst Executing 0x8003d50
[State 0] Ex Block pc: 0x8003d52 lr:0x80036c9
[State 0] Inst Executing 0x8003d52
[State 0] Ex Block pc: 0x8003d5e lr:0x80036c9
[State 0] Inst Executing 0x8003d5e
[State 0] Inst Executing 0x8003d60
[State 0] Ex Block pc: 0x8003d6a lr:0x80036c9
[State 0] Inst Executing 0x8003d6a
[State 0]  pc:0x8003d6a address:0x20013fd8 val:0x200003d0 size:0x4 type:read
[State 0]  pc:0x8003d6a address:0x20013fdc val:0x80036c9 size:0x4 type:read
[State 0] Ex Block pc: 0x80036c8 lr:0x80036c9
[State 0] Inst Executing 0x80036c8
[State 0]  pc:0x80036c8 address:0x20013fe0 val:0x0 size:0x4 type:read
[State 0]  pc:0x80036c8 address:0x20013fe4 val:0x8002adf size:0x4 type:read
[State 0] Ex Block pc: 0x8002ade lr:0x80036c9
[State 0] Inst Executing 0x8002ade
[State 0] Ex Block pc: 0x8002ad0 lr:0x80036c9
[State 0] Inst Executing 0x8002ad0
1 [State 0] uARCUS: External Interrupt:38
1 [State 0] uARCUS: test interrupt_flag 0 request:0 halted: 0 excp_idx: -1
orig vec_enabled: 1
[State 0]  pc:0x8002ad0 address:0x8002bb4 val:0x200003d0 size:0x4 type:read
[State 0] Inst Executing 0x8002ad2
[State 0] onException pc: 0x800369c vec: 0
[State 0] Ex Block pc: 0x8008c18 lr:0xfffffff9 USART2_IRQHandler
[State 0] Inst Executing 0x8008c18
[State 0]  pc:0x8008c18 address:0x20013fc0 val:0x0 size:0x4 type:write
[State 0]  pc:0x8008c18 address:0x20013fc4 val:0xfffffff9 size:0x4 type:write
[State 0] Inst Executing 0x8008c1a
[State 0] Inst Executing 0x8008c1c
[State 0] Ex Block pc: 0x80046bc lr:0x8008c21 HAL_NVIC_ClearPendingIRQ
[State 0] Inst Executing 0x80046bc
[State 0] Inst Executing 0x80046be
[State 0] Ex Block pc: 0x80046c0 lr:0x8008c21
[State 0] Inst Executing 0x80046c0
[State 0] Inst Executing 0x80046c2
[State 0] Inst Executing 0x80046c6
[State 0] Inst Executing 0x80046c8
[State 0] Inst Executing 0x80046cc
[State 0] Inst Executing 0x80046ce
[State 0]  pc:0x80046ce address:0x80046d8 val:0xe000e100 size:0x4 type:read
[State 0] Inst Executing 0x80046d0
[State 0]  pc:0x80046d0 address:0xe000e284 val:0x40 size:0x4 type:write
[State 0] Inst Executing 0x80046d4
[State 0] Ex Block pc: 0x8008c20 lr:0x8008c21
[State 0] Inst Executing 0x8008c20
[State 0]  pc:0x8008c20 address:0x8008c2c val:0x200006d8 size:0x4 type:read
[State 0] Inst Executing 0x8008c22
[State 0]  pc:0x8008c22 address:0x200006dc val:0x20000808 size:0x4 type:read
[State 0] Inst Executing 0x8008c24
[State 0] Ex Block pc: 0x800746e lr:0x8008c29 HAL_UART_IRQHandler
[State 0] Inst Executing 0x800746e
[State 0]  pc:0x800746e address:0x20013fb8 val:0x0 size:0x4 type:write
[State 0]  pc:0x800746e address:0x20013fbc val:0x8008c29 size:0x4 type:write
[State 0] Inst Executing 0x8007470
[State 0] Inst Executing 0x8007472
[State 0] Inst Executing 0x8007474
[State 0]  pc:0x8007474 address:0x20000808 val:0x40004400 size:0x4 type:read
[State 0] Inst Executing 0x8007476
[State 0] Ex Block pc: 0x8007476 lr:0x8008c29
[State 0] Inst Executing 0x8007476
1 [State 0] uARCUS: hardware read pc 0x8007476 addr 0x40004400 size 0x4 original 0x0 new 0x1
[State 0]  pc:0x8007476 address:0x40004400 val:0x1 size:0x4 type:read
[State 0] Inst Executing 0x8007478
1 [State 0] uARCUS: hardware read pc 0x8007478 addr 0x4000440c size 0x4 original 0x0 new 0x0
[State 0]  pc:0x8007478 address:0x4000440c val:0x0 size:0x4 type:read
[State 0] Inst Executing 0x800747a
[State 0] Inst Executing 0x800747e
[State 0] Ex Block pc: 0x8007480 lr:0x8008c29
[State 0] Inst Executing 0x8007480
[State 0] Inst Executing 0x8007484
[State 0] Ex Block pc: 0x800748e lr:0x8008c29
[State 0] Inst Executing 0x800748e
[State 0] Ex Block pc: 0x800748e lr:0x8008c29
[State 0] Inst Executing 0x800748e
1 [State 0] uARCUS: hardware read pc 0x800748e addr 0x40004400 size 0x4 original 0x0 new 0x2
[State 0]  pc:0x800748e address:0x40004400 val:0x2 size:0x4 type:read
[State 0] Inst Executing 0x8007490
1 [State 0] uARCUS: hardware read pc 0x8007490 addr 0x40004414 size 0x4 original 0x0 new 0x0
[State 0]  pc:0x8007490 address:0x40004414 val:0x0 size:0x4 type:read
[State 0] Inst Executing 0x8007492
[State 0] Inst Executing 0x8007496
[State 0] Inst Executing 0x800749a
[State 0] Ex Block pc: 0x800749c lr:0x8008c29
[State 0] Inst Executing 0x800749c
[State 0] Ex Block pc: 0x80074a6 lr:0x8008c29
[State 0] Inst Executing 0x80074a6
[State 0] Ex Block pc: 0x80074a6 lr:0x8008c29
[State 0] Inst Executing 0x80074a6
1 [State 0] uARCUS: hardware read pc 0x80074a6 addr 0x40004400 size 0x4 original 0x0 new 0x4
[State 0]  pc:0x80074a6 address:0x40004400 val:0x4 size:0x4 type:read
[State 0] Inst Executing 0x80074a8
[State 0] Inst Executing 0x80074ac
[State 0] Ex Block pc: 0x80074ae lr:0x8008c29
[State 0] Inst Executing 0x80074ae
[State 0] Ex Block pc: 0x80074b8 lr:0x8008c29
[State 0] Inst Executing 0x80074b8
[State 0] Ex Block pc: 0x80074b8 lr:0x8008c29
[State 0] Inst Executing 0x80074b8
1 [State 0] uARCUS: hardware read pc 0x80074b8 addr 0x40004400 size 0x4 original 0x0 new 0x8
[State 0]  pc:0x80074b8 address:0x40004400 val:0x8 size:0x4 type:read
[State 0] Inst Executing 0x80074ba
[State 0] Inst Executing 0x80074be
[State 0] Ex Block pc: 0x80074c0 lr:0x8008c29
[State 0] Inst Executing 0x80074c0
[State 0] Ex Block pc: 0x80074ca lr:0x8008c29
[State 0] Inst Executing 0x80074ca
[State 0] Ex Block pc: 0x80074ca lr:0x8008c29
[State 0] Inst Executing 0x80074ca
1 [State 0] uARCUS: hardware read pc 0x80074ca addr 0x40004400 size 0x4 original 0x0 new 0x20
[State 0]  pc:0x80074ca address:0x40004400 val:0x20 size:0x4 type:read
[State 0] Inst Executing 0x80074cc
1 [State 0] uARCUS: hardware read pc 0x80074cc addr 0x4000440c size 0x4 original 0x0 new 0x20
[State 0]  pc:0x80074cc address:0x4000440c val:0x20 size:0x4 type:read
[State 0] Inst Executing 0x80074ce
[State 0] Inst Executing 0x80074d2
[State 0] Inst Executing 0x80074d6
[State 0] Ex Block pc: 0x80074d8 lr:0x8008c29
[State 0] Inst Executing 0x80074d8
[State 0] Ex Block pc: 0x8007506 lr:0x8008c29
[State 0] Inst Executing 0x8007506
[State 0] Inst Executing 0x8007508
[State 0] Ex Block pc: 0x80073b8 lr:0x800750d UART_Receive_IT
[State 0] Inst Executing 0x80073b8
[State 0]  pc:0x80073b8 address:0x20013fa8 val:0x20 size:0x4 type:write
[State 0]  pc:0x80073b8 address:0x20013fac val:0x800750d size:0x4 type:write
[State 0] Inst Executing 0x80073ba
[State 0]  pc:0x80073ba address:0x20000841 val:0x32 size:0x1 type:read
[State 0] Inst Executing 0x80073be
[State 0] Inst Executing 0x80073c0
[State 0] Inst Executing 0x80073c2
[State 0] Ex Block pc: 0x80073c4 lr:0x800750d
[State 0] Inst Executing 0x80073c4
[State 0] Inst Executing 0x80073c6
[State 0] Ex Block pc: 0x80073cc lr:0x800750d
[State 0] Inst Executing 0x80073cc
[State 0]  pc:0x80073cc address:0x20000810 val:0x0 size:0x4 type:read
[State 0] Inst Executing 0x80073ce
[State 0] Inst Executing 0x80073d2
[State 0] Ex Block pc: 0x80073d4 lr:0x800750d
[State 0] Inst Executing 0x80073d4
[State 0]  pc:0x80073d4 address:0x20000818 val:0x0 size:0x4 type:read
[State 0] Inst Executing 0x80073d6
[State 0] Inst Executing 0x80073d8
[State 0] Ex Block pc: 0x80073da lr:0x800750d
[State 0] Inst Executing 0x80073da
[State 0]  pc:0x80073da address:0x20000830 val:0x20000849 size:0x4 type:read
[State 0] Inst Executing 0x80073dc
[State 0] Inst Executing 0x80073de
[State 0]  pc:0x80073de address:0x20000830 val:0x2000084a size:0x4 type:write
[State 0] Inst Executing 0x80073e0
[State 0]  pc:0x80073e0 address:0x20000808 val:0x40004400 size:0x4 type:read
[State 0] Inst Executing 0x80073e2
[State 0] Ex Block pc: 0x80073e2 lr:0x800750d
[State 0] Inst Executing 0x80073e2
[State 0] user read pc 0x80073e2 addr 0x40004404 original 0x0 fuzzin 0x0 ptr 9
[State 0]  pc:0x80073e2 address:0x40004404 val:0x0 size:0x4 type:read
[State 0] Inst Executing 0x80073e4
[State 0]  pc:0x80073e4 address:0x20000849 val:0x0 size:0x1 type:write
[State 0] Inst Executing 0x80073e6
[State 0]  pc:0x80073e6 address:0x20000836 val:0x1 size:0x2 type:read
[State 0] Inst Executing 0x80073e8
[State 0] Inst Executing 0x80073ea
[State 0] Inst Executing 0x80073ec
[State 0]  pc:0x80073ec address:0x20000836 val:0x0 size:0x2 type:write
[State 0] Inst Executing 0x80073ee
[State 0] Inst Executing 0x80073f0
[State 0] Ex Block pc: 0x80073f2 lr:0x800750d
[State 0] Inst Executing 0x80073f2
[State 0]  pc:0x80073f2 address:0x20000808 val:0x40004400 size:0x4 type:read
[State 0] Inst Executing 0x80073f4
[State 0] Ex Block pc: 0x80073f4 lr:0x800750d
[State 0] Inst Executing 0x80073f4
1 [State 0] uARCUS: hardware read pc 0x80073f4 addr 0x4000440c size 0x4 original 0x0 new 0x0
[State 0]  pc:0x80073f4 address:0x4000440c val:0x0 size:0x4 type:read
[State 0] Inst Executing 0x80073f6
[State 0] Inst Executing 0x80073fa
[State 0]  pc:0x80073fa address:0x4000440c val:0x0 size:0x4 type:write
[State 0] Inst Executing 0x80073fc
[State 0]  pc:0x80073fc address:0x20000841 val:0x32 size:0x1 type:read
[State 0] Ex Block pc: 0x8007400 lr:0x800750d
[State 0] Inst Executing 0x8007400
[State 0] Inst Executing 0x8007402
[State 0] Inst Executing 0x8007404
[State 0] Ex Block pc: 0x8007462 lr:0x800750d
[State 0] Inst Executing 0x8007462
[State 0] Inst Executing 0x8007464
[State 0]  pc:0x8007464 address:0x20000841 val:0x12 size:0x1 type:write
[State 0] Inst Executing 0x8007468
[State 0] Ex Block pc: 0x8007420 lr:0x800750d
[State 0] Inst Executing 0x8007420
[State 0] Ex Block pc: 0x8008b50 lr:0x8007425 HAL_UART_RxCpltCallback
[State 0] Inst Executing 0x8008b50
[State 0]  pc:0x8008b50 address:0x20013fa0 val:0x12 size:0x4 type:write
[State 0]  pc:0x8008b50 address:0x20013fa4 val:0x8007425 size:0x4 type:write
[State 0] Inst Executing 0x8008b52
[State 0] Ex Block pc: 0x8008b2c lr:0x8008b57 uart_index
[State 0] Inst Executing 0x8008b2c
[State 0] Inst Executing 0x8008b2e
[State 0] Ex Block pc: 0x8008b30 lr:0x8008b57
[State 0] Inst Executing 0x8008b30
[State 0] Inst Executing 0x8008b32
[State 0] Inst Executing 0x8008b34
[State 0] Ex Block pc: 0x8008b36 lr:0x8008b57
[State 0] Inst Executing 0x8008b36
[State 0]  pc:0x8008b36 address:0x8008b4c val:0x200006d8 size:0x4 type:read
[State 0] Inst Executing 0x8008b38
[State 0]  pc:0x8008b38 address:0x200006d8 val:0x0 size:0x4 type:read
[State 0] Inst Executing 0x8008b3c
[State 0] Inst Executing 0x8008b3e
[State 0] Ex Block pc: 0x8008b40 lr:0x8008b57
[State 0] Inst Executing 0x8008b40
[State 0] Inst Executing 0x8008b42
[State 0] Inst Executing 0x8008b44
[State 0] Ex Block pc: 0x8008b32 lr:0x8008b57
[State 0] Inst Executing 0x8008b32
[State 0] Inst Executing 0x8008b34
[State 0] Ex Block pc: 0x8008b36 lr:0x8008b57
[State 0] Inst Executing 0x8008b36
[State 0]  pc:0x8008b36 address:0x8008b4c val:0x200006d8 size:0x4 type:read
[State 0] Inst Executing 0x8008b38
[State 0]  pc:0x8008b38 address:0x200006dc val:0x20000808 size:0x4 type:read
[State 0] Inst Executing 0x8008b3c
[State 0] Inst Executing 0x8008b3e
[State 0] Ex Block pc: 0x8008b4a lr:0x8008b57
[State 0] Inst Executing 0x8008b4a
[State 0] Ex Block pc: 0x8008b56 lr:0x8008b57
[State 0] Inst Executing 0x8008b56
[State 0] Inst Executing 0x8008b58
[State 0] Ex Block pc: 0x8008b5c lr:0x8008b57
[State 0] Inst Executing 0x8008b5c
[State 0]  pc:0x8008b5c address:0x8008b6c val:0x20000688 size:0x4 type:read
[State 0] Inst Executing 0x8008b5e
[State 0]  pc:0x8008b5e address:0x2000068c val:0x8009037 size:0x4 type:read
[State 0] Inst Executing 0x8008b62
[State 0]  pc:0x8008b62 address:0x8008b70 val:0x2000069c size:0x4 type:read
[State 0] Inst Executing 0x8008b64
[State 0]  pc:0x8008b64 address:0x200006a0 val:0x20000804 size:0x4 type:read
[State 0] Inst Executing 0x8008b68
[State 0] Ex Block pc: 0x8009036 lr:0x8008b6b HardwareSerial::_rx_complete_irq(serial_s*)
[State 0] Inst Executing 0x8009036
[State 0]  pc:0x8009036 address:0x20013f98 val:0x20000808 size:0x4 type:write
[State 0]  pc:0x8009036 address:0x20013f9c val:0x8008b6b size:0x4 type:write
[State 0] Inst Executing 0x8009038
[State 0] Inst Executing 0x800903a
[State 0] Inst Executing 0x800903c
[State 0] Inst Executing 0x8009040
[State 0] Ex Block pc: 0x8008a44 lr:0x8009045 uart_getc
[State 0] Inst Executing 0x8008a44
[State 0] Ex Block pc: 0x8008a46 lr:0x8009045
[State 0] Inst Executing 0x8008a46
[State 0]  pc:0x8008a46 address:0x20013f80 val:0x8009037 size:0x4 type:write
[State 0]  pc:0x8008a46 address:0x20013f84 val:0x20000804 size:0x4 type:write
[State 0]  pc:0x8008a46 address:0x20013f88 val:0x0 size:0x4 type:write
[State 0]  pc:0x8008a46 address:0x20013f8c val:0x8009045 size:0x4 type:write
[State 0] Inst Executing 0x8008a48
[State 0] Inst Executing 0x8008a4a
[State 0] Inst Executing 0x8008a4c
[State 0] Ex Block pc: 0x80089fc lr:0x8008a51 serial_rx_active
[State 0] Inst Executing 0x80089fc
[State 0]  pc:0x80089fc address:0x20013f78 val:0x8009037 size:0x4 type:write
[State 0]  pc:0x80089fc address:0x20013f7c val:0x8008a51 size:0x4 type:write
[State 0] Inst Executing 0x80089fe
[State 0]  pc:0x80089fe address:0x20000848 val:0x1 size:0x1 type:read
[State 0] Inst Executing 0x8008a02
[State 0]  pc:0x8008a02 address:0x8008a1c val:0x200006d8 size:0x4 type:read
[State 0] Inst Executing 0x8008a04
[State 0]  pc:0x8008a04 address:0x200006dc val:0x20000808 size:0x4 type:read
[State 0] Inst Executing 0x8008a08
[State 0] Ex Block pc: 0x8007538 lr:0x8008a0d HAL_UART_GetState
[State 0] Inst Executing 0x8007538
[State 0]  pc:0x8007538 address:0x20000841 val:0x12 size:0x1 type:read
[State 0] Inst Executing 0x800753c
[State 0] Ex Block pc: 0x8008a0c lr:0x8008a0d
[State 0] Inst Executing 0x8008a0c
[State 0] Inst Executing 0x8008a10
[State 0] Inst Executing 0x8008a12
[State 0] Inst Executing 0x8008a14
[State 0] Inst Executing 0x8008a16
[State 0] Inst Executing 0x8008a18
[State 0]  pc:0x8008a18 address:0x20013f78 val:0x8009037 size:0x4 type:read
[State 0]  pc:0x8008a18 address:0x20013f7c val:0x8008a51 size:0x4 type:read
[State 0] Ex Block pc: 0x8008a50 lr:0x8008a0d
[State 0] Inst Executing 0x8008a50
[State 0] Ex Block pc: 0x8008a52 lr:0x8008a0d
[State 0] Inst Executing 0x8008a52
[State 0]  pc:0x8008a52 address:0x20000849 val:0x0 size:0x1 type:read
[State 0] Inst Executing 0x8008a56
[State 0]  pc:0x8008a56 address:0x20013f97 val:0x0 size:0x1 type:write
[State 0] Inst Executing 0x8008a58
[State 0]  pc:0x8008a58 address:0x20000848 val:0x1 size:0x1 type:read
[State 0] Inst Executing 0x8008a5c
[State 0] Inst Executing 0x8008a5e
[State 0] Inst Executing 0x8008a62
[State 0]  pc:0x8008a62 address:0x8008a7c val:0x200006d8 size:0x4 type:read
[State 0] Inst Executing 0x8008a64
[State 0]  pc:0x8008a64 address:0x200006dc val:0x20000808 size:0x4 type:read
[State 0] Inst Executing 0x8008a68
[State 0] Ex Block pc: 0x8007312 lr:0x8008a6d HAL_UART_Receive_IT
[State 0] Inst Executing 0x8007312
[State 0]  pc:0x8007312 address:0x20000841 val:0x12 size:0x1 type:read
[State 0] Inst Executing 0x8007316
[State 0] Inst Executing 0x8007318
[State 0] Inst Executing 0x800731a
[State 0] Ex Block pc: 0x800731c lr:0x8008a6d
[State 0] Inst Executing 0x800731c
[State 0] Inst Executing 0x800731e
[State 0] Ex Block pc: 0x8007324 lr:0x8008a6d
[State 0] Inst Executing 0x8007324
[State 0] Ex Block pc: 0x8007326 lr:0x8008a6d
[State 0] Inst Executing 0x8007326
[State 0] Ex Block pc: 0x8007328 lr:0x8008a6d
[State 0] Inst Executing 0x8007328
[State 0]  pc:0x8007328 address:0x20000840 val:0x0 size:0x1 type:read
[State 0] Inst Executing 0x800732c
[State 0] Inst Executing 0x800732e
[State 0] Ex Block pc: 0x8007330 lr:0x8008a6d
[State 0] Inst Executing 0x8007330
[State 0] Inst Executing 0x8007332
[State 0]  pc:0x8007332 address:0x20000840 val:0x1 size:0x1 type:write
[State 0] Inst Executing 0x8007336
[State 0]  pc:0x8007336 address:0x20000830 val:0x20000849 size:0x4 type:write
[State 0] Inst Executing 0x8007338
[State 0]  pc:0x8007338 address:0x20000834 val:0x1 size:0x2 type:write
[State 0] Inst Executing 0x800733a
[State 0]  pc:0x800733a address:0x20000836 val:0x1 size:0x2 type:write
[State 0] Inst Executing 0x800733c
[State 0] Inst Executing 0x800733e
[State 0]  pc:0x800733e address:0x20000844 val:0x0 size:0x4 type:write
[State 0] Inst Executing 0x8007340
[State 0]  pc:0x8007340 address:0x20000841 val:0x12 size:0x1 type:read
[State 0] Inst Executing 0x8007344
[State 0] Inst Executing 0x8007346
[State 0] Inst Executing 0x8007348
[State 0] Ex Block pc: 0x8007378 lr:0x8008a6d
[State 0] Inst Executing 0x8007378
[State 0] Inst Executing 0x800737a
[State 0]  pc:0x800737a address:0x20000841 val:0x32 size:0x1 type:write
[State 0] Inst Executing 0x800737e
[State 0] Ex Block pc: 0x8007350 lr:0x8008a6d
[State 0] Inst Executing 0x8007350
[State 0] Inst Executing 0x8007352
[State 0]  pc:0x8007352 address:0x20000840 val:0x0 size:0x1 type:write
[State 0] Inst Executing 0x8007356
[State 0]  pc:0x8007356 address:0x20000808 val:0x40004400 size:0x4 type:read
[State 0] Inst Executing 0x8007358
[State 0] Ex Block pc: 0x8007358 lr:0x8008a6d
[State 0] Inst Executing 0x8007358
1 [State 0] uARCUS: hardware read pc 0x8007358 addr 0x4000440c size 0x4 original 0x0 new 0x0
[State 0]  pc:0x8007358 address:0x4000440c val:0x0 size:0x4 type:read
[State 0] Inst Executing 0x800735a
[State 0] Inst Executing 0x800735e
[State 0]  pc:0x800735e address:0x4000440c val:0x100 size:0x4 type:write
[State 0] Inst Executing 0x8007360
[State 0]  pc:0x8007360 address:0x20000808 val:0x40004400 size:0x4 type:read
[State 0] Inst Executing 0x8007362
1 [State 0] uARCUS: hardware read pc 0x8007362 addr 0x40004414 size 0x4 original 0x0 new 0x0
[State 0]  pc:0x8007362 address:0x40004414 val:0x0 size:0x4 type:read
[State 0] Inst Executing 0x8007364
[State 0] Inst Executing 0x8007368
[State 0]  pc:0x8007368 address:0x40004414 val:0x1 size:0x4 type:write
[State 0] Inst Executing 0x800736a
[State 0]  pc:0x800736a address:0x20000808 val:0x40004400 size:0x4 type:read
[State 0] Inst Executing 0x800736c
1 [State 0] uARCUS: hardware read pc 0x800736c addr 0x4000440c size 0x4 original 0x0 new 0x0
[State 0]  pc:0x800736c address:0x4000440c val:0x0 size:0x4 type:read
[State 0] Inst Executing 0x800736e
[State 0] Inst Executing 0x8007372
[State 0]  pc:0x8007372 address:0x4000440c val:0x20 size:0x4 type:write
[State 0] Inst Executing 0x8007374
[State 0] Inst Executing 0x8007376
[State 0] Ex Block pc: 0x8008a6c lr:0x8008a6d
[State 0] Inst Executing 0x8008a6c
[State 0] Inst Executing 0x8008a6e
[State 0]  pc:0x8008a6e address:0x20013f80 val:0x8009037 size:0x4 type:read
[State 0]  pc:0x8008a6e address:0x20013f84 val:0x20000804 size:0x4 type:read
[State 0]  pc:0x8008a6e address:0x20013f88 val:0x0 size:0x4 type:read
[State 0]  pc:0x8008a6e address:0x20013f8c val:0x8009045 size:0x4 type:read
[State 0] Ex Block pc: 0x8009044 lr:0x8008a6d
[State 0] Inst Executing 0x8009044
[State 0] Ex Block pc: 0x8009046 lr:0x8008a6d
[State 0] Inst Executing 0x8009046
[State 0]  pc:0x8009046 address:0x20000864 val:0x9 size:0x2 type:read
[State 0] Inst Executing 0x800904a
[State 0] Inst Executing 0x800904c
[State 0] Inst Executing 0x800904e
[State 0] Inst Executing 0x8009052
[State 0]  pc:0x8009052 address:0x20000866 val:0x9 size:0x2 type:read
[State 0] Inst Executing 0x8009056
[State 0] Inst Executing 0x8009058
[State 0] Ex Block pc: 0x800905a lr:0x8008a6d
[State 0] Inst Executing 0x800905a
[State 0]  pc:0x800905a address:0x20000860 val:0x20000741 size:0x4 type:read
[State 0] Inst Executing 0x800905c
[State 0]  pc:0x800905c address:0x20000864 val:0x9 size:0x2 type:read
[State 0] Inst Executing 0x8009060
[State 0] Inst Executing 0x8009062
[State 0]  pc:0x8009062 address:0x20013f97 val:0x0 size:0x1 type:read
[State 0] Inst Executing 0x8009066
[State 0]  pc:0x8009066 address:0x2000074a val:0x0 size:0x1 type:write
[State 0] Inst Executing 0x8009068
[State 0] Inst Executing 0x800906a
[State 0]  pc:0x800906a address:0x20000864 val:0xa size:0x2 type:write
[State 0] Inst Executing 0x800906e
[State 0] Inst Executing 0x8009070
[State 0]  pc:0x8009070 address:0x20013f98 val:0x20000808 size:0x4 type:read
[State 0]  pc:0x8009070 address:0x20013f9c val:0x8008b6b size:0x4 type:read
[State 0] Ex Block pc: 0x8008b6a lr:0x8008a6d
[State 0] Inst Executing 0x8008b6a
[State 0] Ex Block pc: 0x8008b5a lr:0x8008a6d
[State 0] Inst Executing 0x8008b5a
[State 0]  pc:0x8008b5a address:0x20013fa0 val:0x12 size:0x4 type:read
[State 0]  pc:0x8008b5a address:0x20013fa4 val:0x8007425 size:0x4 type:read
[State 0] Ex Block pc: 0x8007424 lr:0x8008a6d
[State 0] Inst Executing 0x8007424
[State 0] Inst Executing 0x8007426
[State 0]  pc:0x8007426 address:0x20013fa8 val:0x20 size:0x4 type:read
[State 0]  pc:0x8007426 address:0x20013fac val:0x800750d size:0x4 type:read
[State 0] Ex Block pc: 0x800750c lr:0x8008a6d
[State 0] Inst Executing 0x800750c
[State 0] Ex Block pc: 0x80074da lr:0x8008a6d
[State 0] Inst Executing 0x80074da
[State 0]  pc:0x80074da address:0x20000808 val:0x40004400 size:0x4 type:read
[State 0] Inst Executing 0x80074dc
[State 0] Ex Block pc: 0x80074dc lr:0x8008a6d
[State 0] Inst Executing 0x80074dc
1 [State 0] uARCUS: hardware read pc 0x80074dc addr 0x40004400 size 0x4 original 0x0 new 0x0
[State 0]  pc:0x80074dc address:0x40004400 val:0x0 size:0x4 type:read
[State 0] Inst Executing 0x80074de
1 [State 0] uARCUS: hardware read pc 0x80074de addr 0x4000440c size 0x4 original 0x0 new 0x0
[State 0]  pc:0x80074de address:0x4000440c val:0x0 size:0x4 type:read
[State 0] Inst Executing 0x80074e0
[State 0] Inst Executing 0x80074e4
[State 0] Inst Executing 0x80074e8
[State 0] Ex Block pc: 0x80074ec lr:0x8008a6d
[State 0] Inst Executing 0x80074ec
[State 0]  pc:0x80074ec address:0x20000808 val:0x40004400 size:0x4 type:read
[State 0] Inst Executing 0x80074ee
[State 0] Ex Block pc: 0x80074ee lr:0x8008a6d
[State 0] Inst Executing 0x80074ee
1 [State 0] uARCUS: hardware read pc 0x80074ee addr 0x40004400 size 0x4 original 0x0 new 0x0
[State 0]  pc:0x80074ee address:0x40004400 val:0x0 size:0x4 type:read
[State 0] Inst Executing 0x80074f0
1 [State 0] uARCUS: hardware read pc 0x80074f0 addr 0x4000440c size 0x4 original 0x0 new 0x0
[State 0]  pc:0x80074f0 address:0x4000440c val:0x0 size:0x4 type:read
[State 0] Inst Executing 0x80074f2
[State 0] Inst Executing 0x80074f6
[State 0] Inst Executing 0x80074fa
[State 0] Ex Block pc: 0x80074fe lr:0x8008a6d
[State 0] Inst Executing 0x80074fe
[State 0]  pc:0x80074fe address:0x20000844 val:0x0 size:0x4 type:read
[State 0] Inst Executing 0x8007500
[State 0] Ex Block pc: 0x8007502 lr:0x8008a6d
[State 0] Inst Executing 0x8007502
[State 0] Inst Executing 0x8007504
[State 0]  pc:0x8007504 address:0x20013fb8 val:0x0 size:0x4 type:read
[State 0]  pc:0x8007504 address:0x20013fbc val:0x8008c29 size:0x4 type:read
[State 0] Ex Block pc: 0x8008c28 lr:0x8008a6d
[State 0] Inst Executing 0x8008c28
[State 0]  pc:0x8008c28 address:0x20013fc0 val:0x0 size:0x4 type:read
[State 0]  pc:0x8008c28 address:0x20013fc4 val:0xfffffff9 size:0x4 type:read
[State 0] onException pc: 0xfffffff8 vec: 54
1 [State 0] uARCUS: onException exit, irq_no: 54
[State 0] Ex Block pc: 0x800369c lr:0x8002ad7 firmata::FirmataClass::available()
[State 0] Inst Executing 0x800369c
[State 0]  pc:0x800369c address:0x20013fe0 val:0x0 size:0x4 type:write
[State 0]  pc:0x800369c address:0x20013fe4 val:0x8002ad7 size:0x4 type:write
[State 0] Inst Executing 0x800369e
[State 0]  pc:0x800369e address:0x20000490 val:0x20000730 size:0x4 type:read
[State 0] Inst Executing 0x80036a2
[State 0]  pc:0x80036a2 address:0x20000730 val:0x800afd0 size:0x4 type:read
[State 0] Inst Executing 0x80036a4
[State 0]  pc:0x80036a4 address:0x800afd8 val:0x8008fcb size:0x4 type:read
[State 0] Inst Executing 0x80036a6
[State 0] Ex Block pc: 0x8008fca lr:0x80036a9 HardwareSerial::available()
[State 0] Inst Executing 0x8008fca
[State 0]  pc:0x8008fca address:0x20000864 val:0xa size:0x2 type:read
[State 0] Inst Executing 0x8008fce
[State 0] Inst Executing 0x8008fd0
[State 0] Inst Executing 0x8008fd2
[State 0]  pc:0x8008fd2 address:0x20000866 val:0x9 size:0x2 type:read
[State 0] Inst Executing 0x8008fd6
[State 0] Inst Executing 0x8008fd8
[State 0] Inst Executing 0x8008fdc
[State 0] Ex Block pc: 0x80036a8 lr:0x80036a9
[State 0] Inst Executing 0x80036a8
[State 0]  pc:0x80036a8 address:0x20013fe0 val:0x0 size:0x4 type:read
[State 0]  pc:0x80036a8 address:0x20013fe4 val:0x8002ad7 size:0x4 type:read
[State 0] Ex Block pc: 0x8002ad6 lr:0x80036a9
[State 0] Inst Executing 0x8002ad6
[State 0] Ex Block pc: 0x8002ad8 lr:0x80036a9
[State 0] Inst Executing 0x8002ad8
[State 0]  pc:0x8002ad8 address:0x8002bb4 val:0x200003d0 size:0x4 type:read
[State 0] Inst Executing 0x8002ada
[State 0] Ex Block pc: 0x80036aa lr:0x8002adf firmata::FirmataClass::processInput()
[State 0] Inst Executing 0x80036aa
[State 0]  pc:0x80036aa address:0x20013fe0 val:0x0 size:0x4 type:write
[State 0]  pc:0x80036aa address:0x20013fe4 val:0x8002adf size:0x4 type:write
[State 0] Inst Executing 0x80036ac
[State 0] Inst Executing 0x80036ae
[State 0]  pc:0x80036ae address:0x20000490 val:0x20000730 size:0x4 type:read
[State 0] Inst Executing 0x80036b2
[State 0]  pc:0x80036b2 address:0x20000730 val:0x800afd0 size:0x4 type:read
[State 0] Inst Executing 0x80036b4
[State 0]  pc:0x80036b4 address:0x800afdc val:0x8008ffb size:0x4 type:read
[State 0] Inst Executing 0x80036b6
[State 0] Ex Block pc: 0x8008ffa lr:0x80036b9 HardwareSerial::read()
[State 0] Inst Executing 0x8008ffa
[State 0]  pc:0x8008ffa address:0x20000864 val:0xa size:0x2 type:read
[State 0] Inst Executing 0x8008ffe
[State 0] Ex Block pc: 0x8009000 lr:0x80036b9
[State 0] Inst Executing 0x8009000
[State 0]  pc:0x8009000 address:0x20000866 val:0x9 size:0x2 type:read
[State 0] Inst Executing 0x8009004
[State 0] Inst Executing 0x8009006
[State 0] Ex Block pc: 0x8009008 lr:0x80036b9
[State 0] Inst Executing 0x8009008
[State 0]  pc:0x8009008 address:0x20000860 val:0x20000741 size:0x4 type:read
[State 0] Inst Executing 0x800900c
[State 0]  pc:0x800900c address:0x2000074a val:0x0 size:0x1 type:read
[State 0] Inst Executing 0x800900e
[State 0] Inst Executing 0x8009010
[State 0] Inst Executing 0x8009014
[State 0]  pc:0x8009014 address:0x20000866 val:0xa size:0x2 type:write
[State 0] Inst Executing 0x8009018
[State 0] Inst Executing 0x800901a
[State 0] Ex Block pc: 0x80036b8 lr:0x80036b9
[State 0] Inst Executing 0x80036b8
[State 0] Inst Executing 0x80036bc
[State 0] Ex Block pc: 0x80036be lr:0x80036b9
[State 0] Inst Executing 0x80036be
[State 0] Inst Executing 0x80036c0
[State 0] Inst Executing 0x80036c4
[State 0] Ex Block pc: 0x8003c50 lr:0x80036c9 firmata::FirmataParser::parse(unsigned
[State 0] Inst Executing 0x8003c50
[State 0]  pc:0x8003c50 address:0x20013fd8 val:0x200003d0 size:0x4 type:write
[State 0]  pc:0x8003c50 address:0x20013fdc val:0x80036c9 size:0x4 type:write
[State 0] Inst Executing 0x8003c52
[State 0] Inst Executing 0x8003c54
[State 0]  pc:0x8003c54 address:0x20000428 val:0x0 size:0x1 type:read
[State 0] Inst Executing 0x8003c56
[State 0] Ex Block pc: 0x8003c74 lr:0x80036c9
[State 0] Inst Executing 0x8003c74
[State 0]  pc:0x8003c74 address:0x20000424 val:0x0 size:0x4 type:read
[State 0] Inst Executing 0x8003c76
[State 0] Ex Block pc: 0x8003c7c lr:0x80036c9
[State 0] Inst Executing 0x8003c7c
[State 0] Inst Executing 0x8003c7e
[State 0] Ex Block pc: 0x8003c80 lr:0x80036c9
[State 0] Inst Executing 0x8003c80
[State 0] Inst Executing 0x8003c84
[State 0]  pc:0x8003c84 address:0x20000421 val:0x0 size:0x1 type:write
[State 0] Inst Executing 0x8003c86
[State 0] Inst Executing 0x8003c8a
[State 0] Inst Executing 0x8003c8c
[State 0] Ex Block pc: 0x8003c8e lr:0x80036c9
[State 0] Inst Executing 0x8003c8e
[State 0] Ex Block pc: 0x8003d4e lr:0x80036c9
[State 0] Inst Executing 0x8003d4e
[State 0] Inst Executing 0x8003d50
[State 0] Ex Block pc: 0x8003d52 lr:0x80036c9
[State 0] Inst Executing 0x8003d52
[State 0] Ex Block pc: 0x8003d5e lr:0x80036c9
[State 0] Inst Executing 0x8003d5e
[State 0] Inst Executing 0x8003d60
[State 0] Ex Block pc: 0x8003d6a lr:0x80036c9
[State 0] Inst Executing 0x8003d6a
[State 0]  pc:0x8003d6a address:0x20013fd8 val:0x200003d0 size:0x4 type:read
[State 0]  pc:0x8003d6a address:0x20013fdc val:0x80036c9 size:0x4 type:read
[State 0] Ex Block pc: 0x80036c8 lr:0x80036c9
[State 0] Inst Executing 0x80036c8
[State 0]  pc:0x80036c8 address:0x20013fe0 val:0x0 size:0x4 type:read
[State 0]  pc:0x80036c8 address:0x20013fe4 val:0x8002adf size:0x4 type:read
[State 0] Ex Block pc: 0x8002ade lr:0x80036c9
[State 0] Inst Executing 0x8002ade
[State 0] Ex Block pc: 0x8002ad0 lr:0x80036c9
[State 0] Inst Executing 0x8002ad0
1 [State 0] uARCUS: External Interrupt:38
1 [State 0] uARCUS: test interrupt_flag 0 request:0 halted: 0 excp_idx: -1
orig vec_enabled: 1
[State 0]  pc:0x8002ad0 address:0x8002bb4 val:0x200003d0 size:0x4 type:read
[State 0] Inst Executing 0x8002ad2
[State 0] onException pc: 0x800369c vec: 0
[State 0] Ex Block pc: 0x8008c18 lr:0xfffffff9 USART2_IRQHandler
[State 0] Inst Executing 0x8008c18
[State 0]  pc:0x8008c18 address:0x20013fc0 val:0x0 size:0x4 type:write
[State 0]  pc:0x8008c18 address:0x20013fc4 val:0xfffffff9 size:0x4 type:write
[State 0] Inst Executing 0x8008c1a
[State 0] Inst Executing 0x8008c1c
[State 0] Ex Block pc: 0x80046bc lr:0x8008c21 HAL_NVIC_ClearPendingIRQ
[State 0] Inst Executing 0x80046bc
[State 0] Inst Executing 0x80046be
[State 0] Ex Block pc: 0x80046c0 lr:0x8008c21
[State 0] Inst Executing 0x80046c0
[State 0] Inst Executing 0x80046c2
[State 0] Inst Executing 0x80046c6
[State 0] Inst Executing 0x80046c8
[State 0] Inst Executing 0x80046cc
[State 0] Inst Executing 0x80046ce
[State 0]  pc:0x80046ce address:0x80046d8 val:0xe000e100 size:0x4 type:read
[State 0] Inst Executing 0x80046d0
[State 0]  pc:0x80046d0 address:0xe000e284 val:0x40 size:0x4 type:write
[State 0] Inst Executing 0x80046d4
[State 0] Ex Block pc: 0x8008c20 lr:0x8008c21
[State 0] Inst Executing 0x8008c20
[State 0]  pc:0x8008c20 address:0x8008c2c val:0x200006d8 size:0x4 type:read
[State 0] Inst Executing 0x8008c22
[State 0]  pc:0x8008c22 address:0x200006dc val:0x20000808 size:0x4 type:read
[State 0] Inst Executing 0x8008c24
[State 0] Ex Block pc: 0x800746e lr:0x8008c29 HAL_UART_IRQHandler
[State 0] Inst Executing 0x800746e
[State 0]  pc:0x800746e address:0x20013fb8 val:0x0 size:0x4 type:write
[State 0]  pc:0x800746e address:0x20013fbc val:0x8008c29 size:0x4 type:write
[State 0] Inst Executing 0x8007470
[State 0] Inst Executing 0x8007472
[State 0] Inst Executing 0x8007474
[State 0]  pc:0x8007474 address:0x20000808 val:0x40004400 size:0x4 type:read
[State 0] Inst Executing 0x8007476
[State 0] Ex Block pc: 0x8007476 lr:0x8008c29
[State 0] Inst Executing 0x8007476
1 [State 0] uARCUS: hardware read pc 0x8007476 addr 0x40004400 size 0x4 original 0x0 new 0x1
[State 0]  pc:0x8007476 address:0x40004400 val:0x1 size:0x4 type:read
[State 0] Inst Executing 0x8007478
1 [State 0] uARCUS: hardware read pc 0x8007478 addr 0x4000440c size 0x4 original 0x0 new 0x0
[State 0]  pc:0x8007478 address:0x4000440c val:0x0 size:0x4 type:read
[State 0] Inst Executing 0x800747a
[State 0] Inst Executing 0x800747e
[State 0] Ex Block pc: 0x8007480 lr:0x8008c29
[State 0] Inst Executing 0x8007480
[State 0] Inst Executing 0x8007484
[State 0] Ex Block pc: 0x800748e lr:0x8008c29
[State 0] Inst Executing 0x800748e
[State 0] Ex Block pc: 0x800748e lr:0x8008c29
[State 0] Inst Executing 0x800748e
1 [State 0] uARCUS: hardware read pc 0x800748e addr 0x40004400 size 0x4 original 0x0 new 0x2
[State 0]  pc:0x800748e address:0x40004400 val:0x2 size:0x4 type:read
[State 0] Inst Executing 0x8007490
1 [State 0] uARCUS: hardware read pc 0x8007490 addr 0x40004414 size 0x4 original 0x0 new 0x0
[State 0]  pc:0x8007490 address:0x40004414 val:0x0 size:0x4 type:read
[State 0] Inst Executing 0x8007492
[State 0] Inst Executing 0x8007496
[State 0] Inst Executing 0x800749a
[State 0] Ex Block pc: 0x800749c lr:0x8008c29
[State 0] Inst Executing 0x800749c
[State 0] Ex Block pc: 0x80074a6 lr:0x8008c29
[State 0] Inst Executing 0x80074a6
[State 0] Ex Block pc: 0x80074a6 lr:0x8008c29
[State 0] Inst Executing 0x80074a6
1 [State 0] uARCUS: hardware read pc 0x80074a6 addr 0x40004400 size 0x4 original 0x0 new 0x4
[State 0]  pc:0x80074a6 address:0x40004400 val:0x4 size:0x4 type:read
[State 0] Inst Executing 0x80074a8
[State 0] Inst Executing 0x80074ac
[State 0] Ex Block pc: 0x80074ae lr:0x8008c29
[State 0] Inst Executing 0x80074ae
[State 0] Ex Block pc: 0x80074b8 lr:0x8008c29
[State 0] Inst Executing 0x80074b8
[State 0] Ex Block pc: 0x80074b8 lr:0x8008c29
[State 0] Inst Executing 0x80074b8
1 [State 0] uARCUS: hardware read pc 0x80074b8 addr 0x40004400 size 0x4 original 0x0 new 0x8
[State 0]  pc:0x80074b8 address:0x40004400 val:0x8 size:0x4 type:read
[State 0] Inst Executing 0x80074ba
[State 0] Inst Executing 0x80074be
[State 0] Ex Block pc: 0x80074c0 lr:0x8008c29
[State 0] Inst Executing 0x80074c0
[State 0] Ex Block pc: 0x80074ca lr:0x8008c29
[State 0] Inst Executing 0x80074ca
[State 0] Ex Block pc: 0x80074ca lr:0x8008c29
[State 0] Inst Executing 0x80074ca
1 [State 0] uARCUS: hardware read pc 0x80074ca addr 0x40004400 size 0x4 original 0x0 new 0x20
[State 0]  pc:0x80074ca address:0x40004400 val:0x20 size:0x4 type:read
[State 0] Inst Executing 0x80074cc
1 [State 0] uARCUS: hardware read pc 0x80074cc addr 0x4000440c size 0x4 original 0x0 new 0x20
[State 0]  pc:0x80074cc address:0x4000440c val:0x20 size:0x4 type:read
[State 0] Inst Executing 0x80074ce
[State 0] Inst Executing 0x80074d2
[State 0] Inst Executing 0x80074d6
[State 0] Ex Block pc: 0x80074d8 lr:0x8008c29
[State 0] Inst Executing 0x80074d8
[State 0] Ex Block pc: 0x8007506 lr:0x8008c29
[State 0] Inst Executing 0x8007506
[State 0] Inst Executing 0x8007508
[State 0] Ex Block pc: 0x80073b8 lr:0x800750d UART_Receive_IT
[State 0] Inst Executing 0x80073b8
[State 0]  pc:0x80073b8 address:0x20013fa8 val:0x20 size:0x4 type:write
[State 0]  pc:0x80073b8 address:0x20013fac val:0x800750d size:0x4 type:write
[State 0] Inst Executing 0x80073ba
[State 0]  pc:0x80073ba address:0x20000841 val:0x32 size:0x1 type:read
[State 0] Inst Executing 0x80073be
[State 0] Inst Executing 0x80073c0
[State 0] Inst Executing 0x80073c2
[State 0] Ex Block pc: 0x80073c4 lr:0x800750d
[State 0] Inst Executing 0x80073c4
[State 0] Inst Executing 0x80073c6
[State 0] Ex Block pc: 0x80073cc lr:0x800750d
[State 0] Inst Executing 0x80073cc
[State 0]  pc:0x80073cc address:0x20000810 val:0x0 size:0x4 type:read
[State 0] Inst Executing 0x80073ce
[State 0] Inst Executing 0x80073d2
[State 0] Ex Block pc: 0x80073d4 lr:0x800750d
[State 0] Inst Executing 0x80073d4
[State 0]  pc:0x80073d4 address:0x20000818 val:0x0 size:0x4 type:read
[State 0] Inst Executing 0x80073d6
[State 0] Inst Executing 0x80073d8
[State 0] Ex Block pc: 0x80073da lr:0x800750d
[State 0] Inst Executing 0x80073da
[State 0]  pc:0x80073da address:0x20000830 val:0x20000849 size:0x4 type:read
[State 0] Inst Executing 0x80073dc
[State 0] Inst Executing 0x80073de
[State 0]  pc:0x80073de address:0x20000830 val:0x2000084a size:0x4 type:write
[State 0] Inst Executing 0x80073e0
[State 0]  pc:0x80073e0 address:0x20000808 val:0x40004400 size:0x4 type:read
[State 0] Inst Executing 0x80073e2
[State 0] Ex Block pc: 0x80073e2 lr:0x800750d
[State 0] Inst Executing 0x80073e2
[State 0] user read pc 0x80073e2 addr 0x40004404 original 0x0 fuzzin 0x0 ptr 10
[State 0]  pc:0x80073e2 address:0x40004404 val:0x0 size:0x4 type:read
[State 0] Inst Executing 0x80073e4
[State 0]  pc:0x80073e4 address:0x20000849 val:0x0 size:0x1 type:write
[State 0] Inst Executing 0x80073e6
[State 0]  pc:0x80073e6 address:0x20000836 val:0x1 size:0x2 type:read
[State 0] Inst Executing 0x80073e8
[State 0] Inst Executing 0x80073ea
[State 0] Inst Executing 0x80073ec
[State 0]  pc:0x80073ec address:0x20000836 val:0x0 size:0x2 type:write
[State 0] Inst Executing 0x80073ee
[State 0] Inst Executing 0x80073f0
[State 0] Ex Block pc: 0x80073f2 lr:0x800750d
[State 0] Inst Executing 0x80073f2
[State 0]  pc:0x80073f2 address:0x20000808 val:0x40004400 size:0x4 type:read
[State 0] Inst Executing 0x80073f4
[State 0] Ex Block pc: 0x80073f4 lr:0x800750d
[State 0] Inst Executing 0x80073f4
1 [State 0] uARCUS: hardware read pc 0x80073f4 addr 0x4000440c size 0x4 original 0x0 new 0x0
[State 0]  pc:0x80073f4 address:0x4000440c val:0x0 size:0x4 type:read
[State 0] Inst Executing 0x80073f6
[State 0] Inst Executing 0x80073fa
[State 0]  pc:0x80073fa address:0x4000440c val:0x0 size:0x4 type:write
[State 0] Inst Executing 0x80073fc
[State 0]  pc:0x80073fc address:0x20000841 val:0x32 size:0x1 type:read
[State 0] Ex Block pc: 0x8007400 lr:0x800750d
[State 0] Inst Executing 0x8007400
[State 0] Inst Executing 0x8007402
[State 0] Inst Executing 0x8007404
[State 0] Ex Block pc: 0x8007462 lr:0x800750d
[State 0] Inst Executing 0x8007462
[State 0] Inst Executing 0x8007464
[State 0]  pc:0x8007464 address:0x20000841 val:0x12 size:0x1 type:write
[State 0] Inst Executing 0x8007468
[State 0] Ex Block pc: 0x8007420 lr:0x800750d
[State 0] Inst Executing 0x8007420
[State 0] Ex Block pc: 0x8008b50 lr:0x8007425 HAL_UART_RxCpltCallback
[State 0] Inst Executing 0x8008b50
[State 0]  pc:0x8008b50 address:0x20013fa0 val:0x12 size:0x4 type:write
[State 0]  pc:0x8008b50 address:0x20013fa4 val:0x8007425 size:0x4 type:write
[State 0] Inst Executing 0x8008b52
[State 0] Ex Block pc: 0x8008b2c lr:0x8008b57 uart_index
[State 0] Inst Executing 0x8008b2c
[State 0] Inst Executing 0x8008b2e
[State 0] Ex Block pc: 0x8008b30 lr:0x8008b57
[State 0] Inst Executing 0x8008b30
[State 0] Inst Executing 0x8008b32
[State 0] Inst Executing 0x8008b34
[State 0] Ex Block pc: 0x8008b36 lr:0x8008b57
[State 0] Inst Executing 0x8008b36
[State 0]  pc:0x8008b36 address:0x8008b4c val:0x200006d8 size:0x4 type:read
[State 0] Inst Executing 0x8008b38
[State 0]  pc:0x8008b38 address:0x200006d8 val:0x0 size:0x4 type:read
[State 0] Inst Executing 0x8008b3c
[State 0] Inst Executing 0x8008b3e
[State 0] Ex Block pc: 0x8008b40 lr:0x8008b57
[State 0] Inst Executing 0x8008b40
[State 0] Inst Executing 0x8008b42
[State 0] Inst Executing 0x8008b44
[State 0] Ex Block pc: 0x8008b32 lr:0x8008b57
[State 0] Inst Executing 0x8008b32
[State 0] Inst Executing 0x8008b34
[State 0] Ex Block pc: 0x8008b36 lr:0x8008b57
[State 0] Inst Executing 0x8008b36
[State 0]  pc:0x8008b36 address:0x8008b4c val:0x200006d8 size:0x4 type:read
[State 0] Inst Executing 0x8008b38
[State 0]  pc:0x8008b38 address:0x200006dc val:0x20000808 size:0x4 type:read
[State 0] Inst Executing 0x8008b3c
[State 0] Inst Executing 0x8008b3e
[State 0] Ex Block pc: 0x8008b4a lr:0x8008b57
[State 0] Inst Executing 0x8008b4a
[State 0] Ex Block pc: 0x8008b56 lr:0x8008b57
[State 0] Inst Executing 0x8008b56
[State 0] Inst Executing 0x8008b58
[State 0] Ex Block pc: 0x8008b5c lr:0x8008b57
[State 0] Inst Executing 0x8008b5c
[State 0]  pc:0x8008b5c address:0x8008b6c val:0x20000688 size:0x4 type:read
[State 0] Inst Executing 0x8008b5e
[State 0]  pc:0x8008b5e address:0x2000068c val:0x8009037 size:0x4 type:read
[State 0] Inst Executing 0x8008b62
[State 0]  pc:0x8008b62 address:0x8008b70 val:0x2000069c size:0x4 type:read
[State 0] Inst Executing 0x8008b64
[State 0]  pc:0x8008b64 address:0x200006a0 val:0x20000804 size:0x4 type:read
[State 0] Inst Executing 0x8008b68
[State 0] Ex Block pc: 0x8009036 lr:0x8008b6b HardwareSerial::_rx_complete_irq(serial_s*)
[State 0] Inst Executing 0x8009036
[State 0]  pc:0x8009036 address:0x20013f98 val:0x20000808 size:0x4 type:write
[State 0]  pc:0x8009036 address:0x20013f9c val:0x8008b6b size:0x4 type:write
[State 0] Inst Executing 0x8009038
[State 0] Inst Executing 0x800903a
[State 0] Inst Executing 0x800903c
[State 0] Inst Executing 0x8009040
[State 0] Ex Block pc: 0x8008a44 lr:0x8009045 uart_getc
[State 0] Inst Executing 0x8008a44
[State 0] Ex Block pc: 0x8008a46 lr:0x8009045
[State 0] Inst Executing 0x8008a46
[State 0]  pc:0x8008a46 address:0x20013f80 val:0x8009037 size:0x4 type:write
[State 0]  pc:0x8008a46 address:0x20013f84 val:0x20000804 size:0x4 type:write
[State 0]  pc:0x8008a46 address:0x20013f88 val:0x0 size:0x4 type:write
[State 0]  pc:0x8008a46 address:0x20013f8c val:0x8009045 size:0x4 type:write
[State 0] Inst Executing 0x8008a48
[State 0] Inst Executing 0x8008a4a
[State 0] Inst Executing 0x8008a4c
[State 0] Ex Block pc: 0x80089fc lr:0x8008a51 serial_rx_active
[State 0] Inst Executing 0x80089fc
[State 0]  pc:0x80089fc address:0x20013f78 val:0x8009037 size:0x4 type:write
[State 0]  pc:0x80089fc address:0x20013f7c val:0x8008a51 size:0x4 type:write
[State 0] Inst Executing 0x80089fe
[State 0]  pc:0x80089fe address:0x20000848 val:0x1 size:0x1 type:read
[State 0] Inst Executing 0x8008a02
[State 0]  pc:0x8008a02 address:0x8008a1c val:0x200006d8 size:0x4 type:read
[State 0] Inst Executing 0x8008a04
[State 0]  pc:0x8008a04 address:0x200006dc val:0x20000808 size:0x4 type:read
[State 0] Inst Executing 0x8008a08
[State 0] Ex Block pc: 0x8007538 lr:0x8008a0d HAL_UART_GetState
[State 0] Inst Executing 0x8007538
[State 0]  pc:0x8007538 address:0x20000841 val:0x12 size:0x1 type:read
[State 0] Inst Executing 0x800753c
[State 0] Ex Block pc: 0x8008a0c lr:0x8008a0d
[State 0] Inst Executing 0x8008a0c
[State 0] Inst Executing 0x8008a10
[State 0] Inst Executing 0x8008a12
[State 0] Inst Executing 0x8008a14
[State 0] Inst Executing 0x8008a16
[State 0] Inst Executing 0x8008a18
[State 0]  pc:0x8008a18 address:0x20013f78 val:0x8009037 size:0x4 type:read
[State 0]  pc:0x8008a18 address:0x20013f7c val:0x8008a51 size:0x4 type:read
[State 0] Ex Block pc: 0x8008a50 lr:0x8008a0d
[State 0] Inst Executing 0x8008a50
[State 0] Ex Block pc: 0x8008a52 lr:0x8008a0d
[State 0] Inst Executing 0x8008a52
[State 0]  pc:0x8008a52 address:0x20000849 val:0x0 size:0x1 type:read
[State 0] Inst Executing 0x8008a56
[State 0]  pc:0x8008a56 address:0x20013f97 val:0x0 size:0x1 type:write
[State 0] Inst Executing 0x8008a58
[State 0]  pc:0x8008a58 address:0x20000848 val:0x1 size:0x1 type:read
[State 0] Inst Executing 0x8008a5c
[State 0] Inst Executing 0x8008a5e
[State 0] Inst Executing 0x8008a62
[State 0]  pc:0x8008a62 address:0x8008a7c val:0x200006d8 size:0x4 type:read
[State 0] Inst Executing 0x8008a64
[State 0]  pc:0x8008a64 address:0x200006dc val:0x20000808 size:0x4 type:read
[State 0] Inst Executing 0x8008a68
[State 0] Ex Block pc: 0x8007312 lr:0x8008a6d HAL_UART_Receive_IT
[State 0] Inst Executing 0x8007312
[State 0]  pc:0x8007312 address:0x20000841 val:0x12 size:0x1 type:read
[State 0] Inst Executing 0x8007316
[State 0] Inst Executing 0x8007318
[State 0] Inst Executing 0x800731a
[State 0] Ex Block pc: 0x800731c lr:0x8008a6d
[State 0] Inst Executing 0x800731c
[State 0] Inst Executing 0x800731e
[State 0] Ex Block pc: 0x8007324 lr:0x8008a6d
[State 0] Inst Executing 0x8007324
[State 0] Ex Block pc: 0x8007326 lr:0x8008a6d
[State 0] Inst Executing 0x8007326
[State 0] Ex Block pc: 0x8007328 lr:0x8008a6d
[State 0] Inst Executing 0x8007328
[State 0]  pc:0x8007328 address:0x20000840 val:0x0 size:0x1 type:read
[State 0] Inst Executing 0x800732c
[State 0] Inst Executing 0x800732e
[State 0] Ex Block pc: 0x8007330 lr:0x8008a6d
[State 0] Inst Executing 0x8007330
[State 0] Inst Executing 0x8007332
[State 0]  pc:0x8007332 address:0x20000840 val:0x1 size:0x1 type:write
[State 0] Inst Executing 0x8007336
[State 0]  pc:0x8007336 address:0x20000830 val:0x20000849 size:0x4 type:write
[State 0] Inst Executing 0x8007338
[State 0]  pc:0x8007338 address:0x20000834 val:0x1 size:0x2 type:write
[State 0] Inst Executing 0x800733a
[State 0]  pc:0x800733a address:0x20000836 val:0x1 size:0x2 type:write
[State 0] Inst Executing 0x800733c
[State 0] Inst Executing 0x800733e
[State 0]  pc:0x800733e address:0x20000844 val:0x0 size:0x4 type:write
[State 0] Inst Executing 0x8007340
[State 0]  pc:0x8007340 address:0x20000841 val:0x12 size:0x1 type:read
[State 0] Inst Executing 0x8007344
[State 0] Inst Executing 0x8007346
[State 0] Inst Executing 0x8007348
[State 0] Ex Block pc: 0x8007378 lr:0x8008a6d
[State 0] Inst Executing 0x8007378
[State 0] Inst Executing 0x800737a
[State 0]  pc:0x800737a address:0x20000841 val:0x32 size:0x1 type:write
[State 0] Inst Executing 0x800737e
[State 0] Ex Block pc: 0x8007350 lr:0x8008a6d
[State 0] Inst Executing 0x8007350
[State 0] Inst Executing 0x8007352
[State 0]  pc:0x8007352 address:0x20000840 val:0x0 size:0x1 type:write
[State 0] Inst Executing 0x8007356
[State 0]  pc:0x8007356 address:0x20000808 val:0x40004400 size:0x4 type:read
[State 0] Inst Executing 0x8007358
[State 0] Ex Block pc: 0x8007358 lr:0x8008a6d
[State 0] Inst Executing 0x8007358
1 [State 0] uARCUS: hardware read pc 0x8007358 addr 0x4000440c size 0x4 original 0x0 new 0x0
[State 0]  pc:0x8007358 address:0x4000440c val:0x0 size:0x4 type:read
[State 0] Inst Executing 0x800735a
[State 0] Inst Executing 0x800735e
[State 0]  pc:0x800735e address:0x4000440c val:0x100 size:0x4 type:write
[State 0] Inst Executing 0x8007360
[State 0]  pc:0x8007360 address:0x20000808 val:0x40004400 size:0x4 type:read
[State 0] Inst Executing 0x8007362
1 [State 0] uARCUS: hardware read pc 0x8007362 addr 0x40004414 size 0x4 original 0x0 new 0x0
[State 0]  pc:0x8007362 address:0x40004414 val:0x0 size:0x4 type:read
[State 0] Inst Executing 0x8007364
[State 0] Inst Executing 0x8007368
[State 0]  pc:0x8007368 address:0x40004414 val:0x1 size:0x4 type:write
[State 0] Inst Executing 0x800736a
[State 0]  pc:0x800736a address:0x20000808 val:0x40004400 size:0x4 type:read
[State 0] Inst Executing 0x800736c
1 [State 0] uARCUS: hardware read pc 0x800736c addr 0x4000440c size 0x4 original 0x0 new 0x0
[State 0]  pc:0x800736c address:0x4000440c val:0x0 size:0x4 type:read
[State 0] Inst Executing 0x800736e
[State 0] Inst Executing 0x8007372
[State 0]  pc:0x8007372 address:0x4000440c val:0x20 size:0x4 type:write
[State 0] Inst Executing 0x8007374
[State 0] Inst Executing 0x8007376
[State 0] Ex Block pc: 0x8008a6c lr:0x8008a6d
[State 0] Inst Executing 0x8008a6c
[State 0] Inst Executing 0x8008a6e
[State 0]  pc:0x8008a6e address:0x20013f80 val:0x8009037 size:0x4 type:read
[State 0]  pc:0x8008a6e address:0x20013f84 val:0x20000804 size:0x4 type:read
[State 0]  pc:0x8008a6e address:0x20013f88 val:0x0 size:0x4 type:read
[State 0]  pc:0x8008a6e address:0x20013f8c val:0x8009045 size:0x4 type:read
[State 0] Ex Block pc: 0x8009044 lr:0x8008a6d
[State 0] Inst Executing 0x8009044
[State 0] Ex Block pc: 0x8009046 lr:0x8008a6d
[State 0] Inst Executing 0x8009046
[State 0]  pc:0x8009046 address:0x20000864 val:0xa size:0x2 type:read
[State 0] Inst Executing 0x800904a
[State 0] Inst Executing 0x800904c
[State 0] Inst Executing 0x800904e
[State 0] Inst Executing 0x8009052
[State 0]  pc:0x8009052 address:0x20000866 val:0xa size:0x2 type:read
[State 0] Inst Executing 0x8009056
[State 0] Inst Executing 0x8009058
[State 0] Ex Block pc: 0x800905a lr:0x8008a6d
[State 0] Inst Executing 0x800905a
[State 0]  pc:0x800905a address:0x20000860 val:0x20000741 size:0x4 type:read
[State 0] Inst Executing 0x800905c
[State 0]  pc:0x800905c address:0x20000864 val:0xa size:0x2 type:read
[State 0] Inst Executing 0x8009060
[State 0] Inst Executing 0x8009062
[State 0]  pc:0x8009062 address:0x20013f97 val:0x0 size:0x1 type:read
[State 0] Inst Executing 0x8009066
[State 0]  pc:0x8009066 address:0x2000074b val:0x0 size:0x1 type:write
[State 0] Inst Executing 0x8009068
[State 0] Inst Executing 0x800906a
[State 0]  pc:0x800906a address:0x20000864 val:0xb size:0x2 type:write
[State 0] Inst Executing 0x800906e
[State 0] Inst Executing 0x8009070
[State 0]  pc:0x8009070 address:0x20013f98 val:0x20000808 size:0x4 type:read
[State 0]  pc:0x8009070 address:0x20013f9c val:0x8008b6b size:0x4 type:read
[State 0] Ex Block pc: 0x8008b6a lr:0x8008a6d
[State 0] Inst Executing 0x8008b6a
[State 0] Ex Block pc: 0x8008b5a lr:0x8008a6d
[State 0] Inst Executing 0x8008b5a
[State 0]  pc:0x8008b5a address:0x20013fa0 val:0x12 size:0x4 type:read
[State 0]  pc:0x8008b5a address:0x20013fa4 val:0x8007425 size:0x4 type:read
[State 0] Ex Block pc: 0x8007424 lr:0x8008a6d
[State 0] Inst Executing 0x8007424
[State 0] Inst Executing 0x8007426
[State 0]  pc:0x8007426 address:0x20013fa8 val:0x20 size:0x4 type:read
[State 0]  pc:0x8007426 address:0x20013fac val:0x800750d size:0x4 type:read
[State 0] Ex Block pc: 0x800750c lr:0x8008a6d
[State 0] Inst Executing 0x800750c
[State 0] Ex Block pc: 0x80074da lr:0x8008a6d
[State 0] Inst Executing 0x80074da
[State 0]  pc:0x80074da address:0x20000808 val:0x40004400 size:0x4 type:read
[State 0] Inst Executing 0x80074dc
[State 0] Ex Block pc: 0x80074dc lr:0x8008a6d
[State 0] Inst Executing 0x80074dc
1 [State 0] uARCUS: hardware read pc 0x80074dc addr 0x40004400 size 0x4 original 0x0 new 0x0
[State 0]  pc:0x80074dc address:0x40004400 val:0x0 size:0x4 type:read
[State 0] Inst Executing 0x80074de
1 [State 0] uARCUS: hardware read pc 0x80074de addr 0x4000440c size 0x4 original 0x0 new 0x0
[State 0]  pc:0x80074de address:0x4000440c val:0x0 size:0x4 type:read
[State 0] Inst Executing 0x80074e0
[State 0] Inst Executing 0x80074e4
[State 0] Inst Executing 0x80074e8
[State 0] Ex Block pc: 0x80074ec lr:0x8008a6d
[State 0] Inst Executing 0x80074ec
[State 0]  pc:0x80074ec address:0x20000808 val:0x40004400 size:0x4 type:read
[State 0] Inst Executing 0x80074ee
[State 0] Ex Block pc: 0x80074ee lr:0x8008a6d
[State 0] Inst Executing 0x80074ee
1 [State 0] uARCUS: hardware read pc 0x80074ee addr 0x40004400 size 0x4 original 0x0 new 0x0
[State 0]  pc:0x80074ee address:0x40004400 val:0x0 size:0x4 type:read
[State 0] Inst Executing 0x80074f0
1 [State 0] uARCUS: hardware read pc 0x80074f0 addr 0x4000440c size 0x4 original 0x0 new 0x0
[State 0]  pc:0x80074f0 address:0x4000440c val:0x0 size:0x4 type:read
[State 0] Inst Executing 0x80074f2
[State 0] Inst Executing 0x80074f6
[State 0] Inst Executing 0x80074fa
[State 0] Ex Block pc: 0x80074fe lr:0x8008a6d
[State 0] Inst Executing 0x80074fe
[State 0]  pc:0x80074fe address:0x20000844 val:0x0 size:0x4 type:read
[State 0] Inst Executing 0x8007500
[State 0] Ex Block pc: 0x8007502 lr:0x8008a6d
[State 0] Inst Executing 0x8007502
[State 0] Inst Executing 0x8007504
[State 0]  pc:0x8007504 address:0x20013fb8 val:0x0 size:0x4 type:read
[State 0]  pc:0x8007504 address:0x20013fbc val:0x8008c29 size:0x4 type:read
[State 0] Ex Block pc: 0x8008c28 lr:0x8008a6d
[State 0] Inst Executing 0x8008c28
[State 0]  pc:0x8008c28 address:0x20013fc0 val:0x0 size:0x4 type:read
[State 0]  pc:0x8008c28 address:0x20013fc4 val:0xfffffff9 size:0x4 type:read
[State 0] onException pc: 0xfffffff8 vec: 54
1 [State 0] uARCUS: onException exit, irq_no: 54
[State 0] Ex Block pc: 0x800369c lr:0x8002ad7 firmata::FirmataClass::available()
[State 0] Inst Executing 0x800369c
[State 0]  pc:0x800369c address:0x20013fe0 val:0x0 size:0x4 type:write
[State 0]  pc:0x800369c address:0x20013fe4 val:0x8002ad7 size:0x4 type:write
[State 0] Inst Executing 0x800369e
[State 0]  pc:0x800369e address:0x20000490 val:0x20000730 size:0x4 type:read
[State 0] Inst Executing 0x80036a2
[State 0]  pc:0x80036a2 address:0x20000730 val:0x800afd0 size:0x4 type:read
[State 0] Inst Executing 0x80036a4
[State 0]  pc:0x80036a4 address:0x800afd8 val:0x8008fcb size:0x4 type:read
[State 0] Inst Executing 0x80036a6
[State 0] Ex Block pc: 0x8008fca lr:0x80036a9 HardwareSerial::available()
[State 0] Inst Executing 0x8008fca
[State 0]  pc:0x8008fca address:0x20000864 val:0xb size:0x2 type:read
[State 0] Inst Executing 0x8008fce
[State 0] Inst Executing 0x8008fd0
[State 0] Inst Executing 0x8008fd2
[State 0]  pc:0x8008fd2 address:0x20000866 val:0xa size:0x2 type:read
[State 0] Inst Executing 0x8008fd6
[State 0] Inst Executing 0x8008fd8
[State 0] Inst Executing 0x8008fdc
[State 0] Ex Block pc: 0x80036a8 lr:0x80036a9
[State 0] Inst Executing 0x80036a8
[State 0]  pc:0x80036a8 address:0x20013fe0 val:0x0 size:0x4 type:read
[State 0]  pc:0x80036a8 address:0x20013fe4 val:0x8002ad7 size:0x4 type:read
[State 0] Ex Block pc: 0x8002ad6 lr:0x80036a9
[State 0] Inst Executing 0x8002ad6
[State 0] Ex Block pc: 0x8002ad8 lr:0x80036a9
[State 0] Inst Executing 0x8002ad8
[State 0]  pc:0x8002ad8 address:0x8002bb4 val:0x200003d0 size:0x4 type:read
[State 0] Inst Executing 0x8002ada
[State 0] Ex Block pc: 0x80036aa lr:0x8002adf firmata::FirmataClass::processInput()
[State 0] Inst Executing 0x80036aa
[State 0]  pc:0x80036aa address:0x20013fe0 val:0x0 size:0x4 type:write
[State 0]  pc:0x80036aa address:0x20013fe4 val:0x8002adf size:0x4 type:write
[State 0] Inst Executing 0x80036ac
[State 0] Inst Executing 0x80036ae
[State 0]  pc:0x80036ae address:0x20000490 val:0x20000730 size:0x4 type:read
[State 0] Inst Executing 0x80036b2
[State 0]  pc:0x80036b2 address:0x20000730 val:0x800afd0 size:0x4 type:read
[State 0] Inst Executing 0x80036b4
[State 0]  pc:0x80036b4 address:0x800afdc val:0x8008ffb size:0x4 type:read
[State 0] Inst Executing 0x80036b6
[State 0] Ex Block pc: 0x8008ffa lr:0x80036b9 HardwareSerial::read()
[State 0] Inst Executing 0x8008ffa
[State 0]  pc:0x8008ffa address:0x20000864 val:0xb size:0x2 type:read
[State 0] Inst Executing 0x8008ffe
[State 0] Ex Block pc: 0x8009000 lr:0x80036b9
[State 0] Inst Executing 0x8009000
[State 0]  pc:0x8009000 address:0x20000866 val:0xa size:0x2 type:read
[State 0] Inst Executing 0x8009004
[State 0] Inst Executing 0x8009006
[State 0] Ex Block pc: 0x8009008 lr:0x80036b9
[State 0] Inst Executing 0x8009008
[State 0]  pc:0x8009008 address:0x20000860 val:0x20000741 size:0x4 type:read
[State 0] Inst Executing 0x800900c
[State 0]  pc:0x800900c address:0x2000074b val:0x0 size:0x1 type:read
[State 0] Inst Executing 0x800900e
[State 0] Inst Executing 0x8009010
[State 0] Inst Executing 0x8009014
[State 0]  pc:0x8009014 address:0x20000866 val:0xb size:0x2 type:write
[State 0] Inst Executing 0x8009018
[State 0] Inst Executing 0x800901a
[State 0] Ex Block pc: 0x80036b8 lr:0x80036b9
[State 0] Inst Executing 0x80036b8
[State 0] Inst Executing 0x80036bc
[State 0] Ex Block pc: 0x80036be lr:0x80036b9
[State 0] Inst Executing 0x80036be
[State 0] Inst Executing 0x80036c0
[State 0] Inst Executing 0x80036c4
[State 0] Ex Block pc: 0x8003c50 lr:0x80036c9 firmata::FirmataParser::parse(unsigned
[State 0] Inst Executing 0x8003c50
[State 0]  pc:0x8003c50 address:0x20013fd8 val:0x200003d0 size:0x4 type:write
[State 0]  pc:0x8003c50 address:0x20013fdc val:0x80036c9 size:0x4 type:write
[State 0] Inst Executing 0x8003c52
[State 0] Inst Executing 0x8003c54
[State 0]  pc:0x8003c54 address:0x20000428 val:0x0 size:0x1 type:read
[State 0] Inst Executing 0x8003c56
[State 0] Ex Block pc: 0x8003c74 lr:0x80036c9
[State 0] Inst Executing 0x8003c74
[State 0]  pc:0x8003c74 address:0x20000424 val:0x0 size:0x4 type:read
[State 0] Inst Executing 0x8003c76
[State 0] Ex Block pc: 0x8003c7c lr:0x80036c9
[State 0] Inst Executing 0x8003c7c
[State 0] Inst Executing 0x8003c7e
[State 0] Ex Block pc: 0x8003c80 lr:0x80036c9
[State 0] Inst Executing 0x8003c80
[State 0] Inst Executing 0x8003c84
[State 0]  pc:0x8003c84 address:0x20000421 val:0x0 size:0x1 type:write
[State 0] Inst Executing 0x8003c86
[State 0] Inst Executing 0x8003c8a
[State 0] Inst Executing 0x8003c8c
[State 0] Ex Block pc: 0x8003c8e lr:0x80036c9
[State 0] Inst Executing 0x8003c8e
[State 0] Ex Block pc: 0x8003d4e lr:0x80036c9
[State 0] Inst Executing 0x8003d4e
[State 0] Inst Executing 0x8003d50
[State 0] Ex Block pc: 0x8003d52 lr:0x80036c9
[State 0] Inst Executing 0x8003d52
[State 0] Ex Block pc: 0x8003d5e lr:0x80036c9
[State 0] Inst Executing 0x8003d5e
[State 0] Inst Executing 0x8003d60
[State 0] Ex Block pc: 0x8003d6a lr:0x80036c9
[State 0] Inst Executing 0x8003d6a
[State 0]  pc:0x8003d6a address:0x20013fd8 val:0x200003d0 size:0x4 type:read
[State 0]  pc:0x8003d6a address:0x20013fdc val:0x80036c9 size:0x4 type:read
[State 0] Ex Block pc: 0x80036c8 lr:0x80036c9
[State 0] Inst Executing 0x80036c8
[State 0]  pc:0x80036c8 address:0x20013fe0 val:0x0 size:0x4 type:read
[State 0]  pc:0x80036c8 address:0x20013fe4 val:0x8002adf size:0x4 type:read
[State 0] Ex Block pc: 0x8002ade lr:0x80036c9
[State 0] Inst Executing 0x8002ade
[State 0] Ex Block pc: 0x8002ad0 lr:0x80036c9
[State 0] Inst Executing 0x8002ad0
1 [State 0] uARCUS: External Interrupt:38
1 [State 0] uARCUS: test interrupt_flag 0 request:0 halted: 0 excp_idx: -1
orig vec_enabled: 1
[State 0]  pc:0x8002ad0 address:0x8002bb4 val:0x200003d0 size:0x4 type:read
[State 0] Inst Executing 0x8002ad2
[State 0] onException pc: 0x800369c vec: 0
[State 0] Ex Block pc: 0x8008c18 lr:0xfffffff9 USART2_IRQHandler
[State 0] Inst Executing 0x8008c18
[State 0]  pc:0x8008c18 address:0x20013fc0 val:0x0 size:0x4 type:write
[State 0]  pc:0x8008c18 address:0x20013fc4 val:0xfffffff9 size:0x4 type:write
[State 0] Inst Executing 0x8008c1a
[State 0] Inst Executing 0x8008c1c
[State 0] Ex Block pc: 0x80046bc lr:0x8008c21 HAL_NVIC_ClearPendingIRQ
[State 0] Inst Executing 0x80046bc
[State 0] Inst Executing 0x80046be
[State 0] Ex Block pc: 0x80046c0 lr:0x8008c21
[State 0] Inst Executing 0x80046c0
[State 0] Inst Executing 0x80046c2
[State 0] Inst Executing 0x80046c6
[State 0] Inst Executing 0x80046c8
[State 0] Inst Executing 0x80046cc
[State 0] Inst Executing 0x80046ce
[State 0]  pc:0x80046ce address:0x80046d8 val:0xe000e100 size:0x4 type:read
[State 0] Inst Executing 0x80046d0
[State 0]  pc:0x80046d0 address:0xe000e284 val:0x40 size:0x4 type:write
[State 0] Inst Executing 0x80046d4
[State 0] Ex Block pc: 0x8008c20 lr:0x8008c21
[State 0] Inst Executing 0x8008c20
[State 0]  pc:0x8008c20 address:0x8008c2c val:0x200006d8 size:0x4 type:read
[State 0] Inst Executing 0x8008c22
[State 0]  pc:0x8008c22 address:0x200006dc val:0x20000808 size:0x4 type:read
[State 0] Inst Executing 0x8008c24
[State 0] Ex Block pc: 0x800746e lr:0x8008c29 HAL_UART_IRQHandler
[State 0] Inst Executing 0x800746e
[State 0]  pc:0x800746e address:0x20013fb8 val:0x0 size:0x4 type:write
[State 0]  pc:0x800746e address:0x20013fbc val:0x8008c29 size:0x4 type:write
[State 0] Inst Executing 0x8007470
[State 0] Inst Executing 0x8007472
[State 0] Inst Executing 0x8007474
[State 0]  pc:0x8007474 address:0x20000808 val:0x40004400 size:0x4 type:read
[State 0] Inst Executing 0x8007476
[State 0] Ex Block pc: 0x8007476 lr:0x8008c29
[State 0] Inst Executing 0x8007476
1 [State 0] uARCUS: hardware read pc 0x8007476 addr 0x40004400 size 0x4 original 0x0 new 0x1
[State 0]  pc:0x8007476 address:0x40004400 val:0x1 size:0x4 type:read
[State 0] Inst Executing 0x8007478
1 [State 0] uARCUS: hardware read pc 0x8007478 addr 0x4000440c size 0x4 original 0x0 new 0x0
[State 0]  pc:0x8007478 address:0x4000440c val:0x0 size:0x4 type:read
[State 0] Inst Executing 0x800747a
[State 0] Inst Executing 0x800747e
[State 0] Ex Block pc: 0x8007480 lr:0x8008c29
[State 0] Inst Executing 0x8007480
[State 0] Inst Executing 0x8007484
[State 0] Ex Block pc: 0x800748e lr:0x8008c29
[State 0] Inst Executing 0x800748e
[State 0] Ex Block pc: 0x800748e lr:0x8008c29
[State 0] Inst Executing 0x800748e
1 [State 0] uARCUS: hardware read pc 0x800748e addr 0x40004400 size 0x4 original 0x0 new 0x2
[State 0]  pc:0x800748e address:0x40004400 val:0x2 size:0x4 type:read
[State 0] Inst Executing 0x8007490
1 [State 0] uARCUS: hardware read pc 0x8007490 addr 0x40004414 size 0x4 original 0x0 new 0x0
[State 0]  pc:0x8007490 address:0x40004414 val:0x0 size:0x4 type:read
[State 0] Inst Executing 0x8007492
[State 0] Inst Executing 0x8007496
[State 0] Inst Executing 0x800749a
[State 0] Ex Block pc: 0x800749c lr:0x8008c29
[State 0] Inst Executing 0x800749c
[State 0] Ex Block pc: 0x80074a6 lr:0x8008c29
[State 0] Inst Executing 0x80074a6
[State 0] Ex Block pc: 0x80074a6 lr:0x8008c29
[State 0] Inst Executing 0x80074a6
1 [State 0] uARCUS: hardware read pc 0x80074a6 addr 0x40004400 size 0x4 original 0x0 new 0x4
[State 0]  pc:0x80074a6 address:0x40004400 val:0x4 size:0x4 type:read
[State 0] Inst Executing 0x80074a8
[State 0] Inst Executing 0x80074ac
[State 0] Ex Block pc: 0x80074ae lr:0x8008c29
[State 0] Inst Executing 0x80074ae
[State 0] Ex Block pc: 0x80074b8 lr:0x8008c29
[State 0] Inst Executing 0x80074b8
[State 0] Ex Block pc: 0x80074b8 lr:0x8008c29
[State 0] Inst Executing 0x80074b8
1 [State 0] uARCUS: hardware read pc 0x80074b8 addr 0x40004400 size 0x4 original 0x0 new 0x8
[State 0]  pc:0x80074b8 address:0x40004400 val:0x8 size:0x4 type:read
[State 0] Inst Executing 0x80074ba
[State 0] Inst Executing 0x80074be
[State 0] Ex Block pc: 0x80074c0 lr:0x8008c29
[State 0] Inst Executing 0x80074c0
[State 0] Ex Block pc: 0x80074ca lr:0x8008c29
[State 0] Inst Executing 0x80074ca
[State 0] Ex Block pc: 0x80074ca lr:0x8008c29
[State 0] Inst Executing 0x80074ca
1 [State 0] uARCUS: hardware read pc 0x80074ca addr 0x40004400 size 0x4 original 0x0 new 0x20
[State 0]  pc:0x80074ca address:0x40004400 val:0x20 size:0x4 type:read
[State 0] Inst Executing 0x80074cc
1 [State 0] uARCUS: hardware read pc 0x80074cc addr 0x4000440c size 0x4 original 0x0 new 0x20
[State 0]  pc:0x80074cc address:0x4000440c val:0x20 size:0x4 type:read
[State 0] Inst Executing 0x80074ce
[State 0] Inst Executing 0x80074d2
[State 0] Inst Executing 0x80074d6
[State 0] Ex Block pc: 0x80074d8 lr:0x8008c29
[State 0] Inst Executing 0x80074d8
[State 0] Ex Block pc: 0x8007506 lr:0x8008c29
[State 0] Inst Executing 0x8007506
[State 0] Inst Executing 0x8007508
[State 0] Ex Block pc: 0x80073b8 lr:0x800750d UART_Receive_IT
[State 0] Inst Executing 0x80073b8
[State 0]  pc:0x80073b8 address:0x20013fa8 val:0x20 size:0x4 type:write
[State 0]  pc:0x80073b8 address:0x20013fac val:0x800750d size:0x4 type:write
[State 0] Inst Executing 0x80073ba
[State 0]  pc:0x80073ba address:0x20000841 val:0x32 size:0x1 type:read
[State 0] Inst Executing 0x80073be
[State 0] Inst Executing 0x80073c0
[State 0] Inst Executing 0x80073c2
[State 0] Ex Block pc: 0x80073c4 lr:0x800750d
[State 0] Inst Executing 0x80073c4
[State 0] Inst Executing 0x80073c6
[State 0] Ex Block pc: 0x80073cc lr:0x800750d
[State 0] Inst Executing 0x80073cc
[State 0]  pc:0x80073cc address:0x20000810 val:0x0 size:0x4 type:read
[State 0] Inst Executing 0x80073ce
[State 0] Inst Executing 0x80073d2
[State 0] Ex Block pc: 0x80073d4 lr:0x800750d
[State 0] Inst Executing 0x80073d4
[State 0]  pc:0x80073d4 address:0x20000818 val:0x0 size:0x4 type:read
[State 0] Inst Executing 0x80073d6
[State 0] Inst Executing 0x80073d8
[State 0] Ex Block pc: 0x80073da lr:0x800750d
[State 0] Inst Executing 0x80073da
[State 0]  pc:0x80073da address:0x20000830 val:0x20000849 size:0x4 type:read
[State 0] Inst Executing 0x80073dc
[State 0] Inst Executing 0x80073de
[State 0]  pc:0x80073de address:0x20000830 val:0x2000084a size:0x4 type:write
[State 0] Inst Executing 0x80073e0
[State 0]  pc:0x80073e0 address:0x20000808 val:0x40004400 size:0x4 type:read
[State 0] Inst Executing 0x80073e2
[State 0] Ex Block pc: 0x80073e2 lr:0x800750d
[State 0] Inst Executing 0x80073e2
[State 0] user read pc 0x80073e2 addr 0x40004404 original 0x0 fuzzin 0x0 ptr 11
[State 0]  pc:0x80073e2 address:0x40004404 val:0x0 size:0x4 type:read
[State 0] Inst Executing 0x80073e4
[State 0]  pc:0x80073e4 address:0x20000849 val:0x0 size:0x1 type:write
[State 0] Inst Executing 0x80073e6
[State 0]  pc:0x80073e6 address:0x20000836 val:0x1 size:0x2 type:read
[State 0] Inst Executing 0x80073e8
[State 0] Inst Executing 0x80073ea
[State 0] Inst Executing 0x80073ec
[State 0]  pc:0x80073ec address:0x20000836 val:0x0 size:0x2 type:write
[State 0] Inst Executing 0x80073ee
[State 0] Inst Executing 0x80073f0
[State 0] Ex Block pc: 0x80073f2 lr:0x800750d
[State 0] Inst Executing 0x80073f2
[State 0]  pc:0x80073f2 address:0x20000808 val:0x40004400 size:0x4 type:read
[State 0] Inst Executing 0x80073f4
[State 0] Ex Block pc: 0x80073f4 lr:0x800750d
[State 0] Inst Executing 0x80073f4
1 [State 0] uARCUS: hardware read pc 0x80073f4 addr 0x4000440c size 0x4 original 0x0 new 0x0
[State 0]  pc:0x80073f4 address:0x4000440c val:0x0 size:0x4 type:read
[State 0] Inst Executing 0x80073f6
[State 0] Inst Executing 0x80073fa
[State 0]  pc:0x80073fa address:0x4000440c val:0x0 size:0x4 type:write
[State 0] Inst Executing 0x80073fc
[State 0]  pc:0x80073fc address:0x20000841 val:0x32 size:0x1 type:read
[State 0] Ex Block pc: 0x8007400 lr:0x800750d
[State 0] Inst Executing 0x8007400
[State 0] Inst Executing 0x8007402
[State 0] Inst Executing 0x8007404
[State 0] Ex Block pc: 0x8007462 lr:0x800750d
[State 0] Inst Executing 0x8007462
[State 0] Inst Executing 0x8007464
[State 0]  pc:0x8007464 address:0x20000841 val:0x12 size:0x1 type:write
[State 0] Inst Executing 0x8007468
[State 0] Ex Block pc: 0x8007420 lr:0x800750d
[State 0] Inst Executing 0x8007420
[State 0] Ex Block pc: 0x8008b50 lr:0x8007425 HAL_UART_RxCpltCallback
[State 0] Inst Executing 0x8008b50
[State 0]  pc:0x8008b50 address:0x20013fa0 val:0x12 size:0x4 type:write
[State 0]  pc:0x8008b50 address:0x20013fa4 val:0x8007425 size:0x4 type:write
[State 0] Inst Executing 0x8008b52
[State 0] Ex Block pc: 0x8008b2c lr:0x8008b57 uart_index
[State 0] Inst Executing 0x8008b2c
[State 0] Inst Executing 0x8008b2e
[State 0] Ex Block pc: 0x8008b30 lr:0x8008b57
[State 0] Inst Executing 0x8008b30
[State 0] Inst Executing 0x8008b32
[State 0] Inst Executing 0x8008b34
[State 0] Ex Block pc: 0x8008b36 lr:0x8008b57
[State 0] Inst Executing 0x8008b36
[State 0]  pc:0x8008b36 address:0x8008b4c val:0x200006d8 size:0x4 type:read
[State 0] Inst Executing 0x8008b38
[State 0]  pc:0x8008b38 address:0x200006d8 val:0x0 size:0x4 type:read
[State 0] Inst Executing 0x8008b3c
[State 0] Inst Executing 0x8008b3e
[State 0] Ex Block pc: 0x8008b40 lr:0x8008b57
[State 0] Inst Executing 0x8008b40
[State 0] Inst Executing 0x8008b42
[State 0] Inst Executing 0x8008b44
[State 0] Ex Block pc: 0x8008b32 lr:0x8008b57
[State 0] Inst Executing 0x8008b32
[State 0] Inst Executing 0x8008b34
[State 0] Ex Block pc: 0x8008b36 lr:0x8008b57
[State 0] Inst Executing 0x8008b36
[State 0]  pc:0x8008b36 address:0x8008b4c val:0x200006d8 size:0x4 type:read
[State 0] Inst Executing 0x8008b38
[State 0]  pc:0x8008b38 address:0x200006dc val:0x20000808 size:0x4 type:read
[State 0] Inst Executing 0x8008b3c
[State 0] Inst Executing 0x8008b3e
[State 0] Ex Block pc: 0x8008b4a lr:0x8008b57
[State 0] Inst Executing 0x8008b4a
[State 0] Ex Block pc: 0x8008b56 lr:0x8008b57
[State 0] Inst Executing 0x8008b56
[State 0] Inst Executing 0x8008b58
[State 0] Ex Block pc: 0x8008b5c lr:0x8008b57
[State 0] Inst Executing 0x8008b5c
[State 0]  pc:0x8008b5c address:0x8008b6c val:0x20000688 size:0x4 type:read
[State 0] Inst Executing 0x8008b5e
[State 0]  pc:0x8008b5e address:0x2000068c val:0x8009037 size:0x4 type:read
[State 0] Inst Executing 0x8008b62
[State 0]  pc:0x8008b62 address:0x8008b70 val:0x2000069c size:0x4 type:read
[State 0] Inst Executing 0x8008b64
[State 0]  pc:0x8008b64 address:0x200006a0 val:0x20000804 size:0x4 type:read
[State 0] Inst Executing 0x8008b68
[State 0] Ex Block pc: 0x8009036 lr:0x8008b6b HardwareSerial::_rx_complete_irq(serial_s*)
[State 0] Inst Executing 0x8009036
[State 0]  pc:0x8009036 address:0x20013f98 val:0x20000808 size:0x4 type:write
[State 0]  pc:0x8009036 address:0x20013f9c val:0x8008b6b size:0x4 type:write
[State 0] Inst Executing 0x8009038
[State 0] Inst Executing 0x800903a
[State 0] Inst Executing 0x800903c
[State 0] Inst Executing 0x8009040
[State 0] Ex Block pc: 0x8008a44 lr:0x8009045 uart_getc
[State 0] Inst Executing 0x8008a44
[State 0] Ex Block pc: 0x8008a46 lr:0x8009045
[State 0] Inst Executing 0x8008a46
[State 0]  pc:0x8008a46 address:0x20013f80 val:0x8009037 size:0x4 type:write
[State 0]  pc:0x8008a46 address:0x20013f84 val:0x20000804 size:0x4 type:write
[State 0]  pc:0x8008a46 address:0x20013f88 val:0x0 size:0x4 type:write
[State 0]  pc:0x8008a46 address:0x20013f8c val:0x8009045 size:0x4 type:write
[State 0] Inst Executing 0x8008a48
[State 0] Inst Executing 0x8008a4a
[State 0] Inst Executing 0x8008a4c
[State 0] Ex Block pc: 0x80089fc lr:0x8008a51 serial_rx_active
[State 0] Inst Executing 0x80089fc
[State 0]  pc:0x80089fc address:0x20013f78 val:0x8009037 size:0x4 type:write
[State 0]  pc:0x80089fc address:0x20013f7c val:0x8008a51 size:0x4 type:write
[State 0] Inst Executing 0x80089fe
[State 0]  pc:0x80089fe address:0x20000848 val:0x1 size:0x1 type:read
[State 0] Inst Executing 0x8008a02
[State 0]  pc:0x8008a02 address:0x8008a1c val:0x200006d8 size:0x4 type:read
[State 0] Inst Executing 0x8008a04
[State 0]  pc:0x8008a04 address:0x200006dc val:0x20000808 size:0x4 type:read
[State 0] Inst Executing 0x8008a08
[State 0] Ex Block pc: 0x8007538 lr:0x8008a0d HAL_UART_GetState
[State 0] Inst Executing 0x8007538
[State 0]  pc:0x8007538 address:0x20000841 val:0x12 size:0x1 type:read
[State 0] Inst Executing 0x800753c
[State 0] Ex Block pc: 0x8008a0c lr:0x8008a0d
[State 0] Inst Executing 0x8008a0c
[State 0] Inst Executing 0x8008a10
[State 0] Inst Executing 0x8008a12
[State 0] Inst Executing 0x8008a14
[State 0] Inst Executing 0x8008a16
[State 0] Inst Executing 0x8008a18
[State 0]  pc:0x8008a18 address:0x20013f78 val:0x8009037 size:0x4 type:read
[State 0]  pc:0x8008a18 address:0x20013f7c val:0x8008a51 size:0x4 type:read
[State 0] Ex Block pc: 0x8008a50 lr:0x8008a0d
[State 0] Inst Executing 0x8008a50
[State 0] Ex Block pc: 0x8008a52 lr:0x8008a0d
[State 0] Inst Executing 0x8008a52
[State 0]  pc:0x8008a52 address:0x20000849 val:0x0 size:0x1 type:read
[State 0] Inst Executing 0x8008a56
[State 0]  pc:0x8008a56 address:0x20013f97 val:0x0 size:0x1 type:write
[State 0] Inst Executing 0x8008a58
[State 0]  pc:0x8008a58 address:0x20000848 val:0x1 size:0x1 type:read
[State 0] Inst Executing 0x8008a5c
[State 0] Inst Executing 0x8008a5e
[State 0] Inst Executing 0x8008a62
[State 0]  pc:0x8008a62 address:0x8008a7c val:0x200006d8 size:0x4 type:read
[State 0] Inst Executing 0x8008a64
[State 0]  pc:0x8008a64 address:0x200006dc val:0x20000808 size:0x4 type:read
[State 0] Inst Executing 0x8008a68
[State 0] Ex Block pc: 0x8007312 lr:0x8008a6d HAL_UART_Receive_IT
[State 0] Inst Executing 0x8007312
[State 0]  pc:0x8007312 address:0x20000841 val:0x12 size:0x1 type:read
[State 0] Inst Executing 0x8007316
[State 0] Inst Executing 0x8007318
[State 0] Inst Executing 0x800731a
[State 0] Ex Block pc: 0x800731c lr:0x8008a6d
[State 0] Inst Executing 0x800731c
[State 0] Inst Executing 0x800731e
[State 0] Ex Block pc: 0x8007324 lr:0x8008a6d
[State 0] Inst Executing 0x8007324
[State 0] Ex Block pc: 0x8007326 lr:0x8008a6d
[State 0] Inst Executing 0x8007326
[State 0] Ex Block pc: 0x8007328 lr:0x8008a6d
[State 0] Inst Executing 0x8007328
[State 0]  pc:0x8007328 address:0x20000840 val:0x0 size:0x1 type:read
[State 0] Inst Executing 0x800732c
[State 0] Inst Executing 0x800732e
[State 0] Ex Block pc: 0x8007330 lr:0x8008a6d
[State 0] Inst Executing 0x8007330
[State 0] Inst Executing 0x8007332
[State 0]  pc:0x8007332 address:0x20000840 val:0x1 size:0x1 type:write
[State 0] Inst Executing 0x8007336
[State 0]  pc:0x8007336 address:0x20000830 val:0x20000849 size:0x4 type:write
[State 0] Inst Executing 0x8007338
[State 0]  pc:0x8007338 address:0x20000834 val:0x1 size:0x2 type:write
[State 0] Inst Executing 0x800733a
[State 0]  pc:0x800733a address:0x20000836 val:0x1 size:0x2 type:write
[State 0] Inst Executing 0x800733c
[State 0] Inst Executing 0x800733e
[State 0]  pc:0x800733e address:0x20000844 val:0x0 size:0x4 type:write
[State 0] Inst Executing 0x8007340
[State 0]  pc:0x8007340 address:0x20000841 val:0x12 size:0x1 type:read
[State 0] Inst Executing 0x8007344
[State 0] Inst Executing 0x8007346
[State 0] Inst Executing 0x8007348
[State 0] Ex Block pc: 0x8007378 lr:0x8008a6d
[State 0] Inst Executing 0x8007378
[State 0] Inst Executing 0x800737a
[State 0]  pc:0x800737a address:0x20000841 val:0x32 size:0x1 type:write
[State 0] Inst Executing 0x800737e
[State 0] Ex Block pc: 0x8007350 lr:0x8008a6d
[State 0] Inst Executing 0x8007350
[State 0] Inst Executing 0x8007352
[State 0]  pc:0x8007352 address:0x20000840 val:0x0 size:0x1 type:write
[State 0] Inst Executing 0x8007356
[State 0]  pc:0x8007356 address:0x20000808 val:0x40004400 size:0x4 type:read
[State 0] Inst Executing 0x8007358
[State 0] Ex Block pc: 0x8007358 lr:0x8008a6d
[State 0] Inst Executing 0x8007358
1 [State 0] uARCUS: hardware read pc 0x8007358 addr 0x4000440c size 0x4 original 0x0 new 0x0
[State 0]  pc:0x8007358 address:0x4000440c val:0x0 size:0x4 type:read
[State 0] Inst Executing 0x800735a
[State 0] Inst Executing 0x800735e
[State 0]  pc:0x800735e address:0x4000440c val:0x100 size:0x4 type:write
[State 0] Inst Executing 0x8007360
[State 0]  pc:0x8007360 address:0x20000808 val:0x40004400 size:0x4 type:read
[State 0] Inst Executing 0x8007362
1 [State 0] uARCUS: hardware read pc 0x8007362 addr 0x40004414 size 0x4 original 0x0 new 0x0
[State 0]  pc:0x8007362 address:0x40004414 val:0x0 size:0x4 type:read
[State 0] Inst Executing 0x8007364
[State 0] Inst Executing 0x8007368
[State 0]  pc:0x8007368 address:0x40004414 val:0x1 size:0x4 type:write
[State 0] Inst Executing 0x800736a
[State 0]  pc:0x800736a address:0x20000808 val:0x40004400 size:0x4 type:read
[State 0] Inst Executing 0x800736c
1 [State 0] uARCUS: hardware read pc 0x800736c addr 0x4000440c size 0x4 original 0x0 new 0x0
[State 0]  pc:0x800736c address:0x4000440c val:0x0 size:0x4 type:read
[State 0] Inst Executing 0x800736e
[State 0] Inst Executing 0x8007372
[State 0]  pc:0x8007372 address:0x4000440c val:0x20 size:0x4 type:write
[State 0] Inst Executing 0x8007374
[State 0] Inst Executing 0x8007376
[State 0] Ex Block pc: 0x8008a6c lr:0x8008a6d
[State 0] Inst Executing 0x8008a6c
[State 0] Inst Executing 0x8008a6e
[State 0]  pc:0x8008a6e address:0x20013f80 val:0x8009037 size:0x4 type:read
[State 0]  pc:0x8008a6e address:0x20013f84 val:0x20000804 size:0x4 type:read
[State 0]  pc:0x8008a6e address:0x20013f88 val:0x0 size:0x4 type:read
[State 0]  pc:0x8008a6e address:0x20013f8c val:0x8009045 size:0x4 type:read
[State 0] Ex Block pc: 0x8009044 lr:0x8008a6d
[State 0] Inst Executing 0x8009044
[State 0] Ex Block pc: 0x8009046 lr:0x8008a6d
[State 0] Inst Executing 0x8009046
[State 0]  pc:0x8009046 address:0x20000864 val:0xb size:0x2 type:read
[State 0] Inst Executing 0x800904a
[State 0] Inst Executing 0x800904c
[State 0] Inst Executing 0x800904e
[State 0] Inst Executing 0x8009052
[State 0]  pc:0x8009052 address:0x20000866 val:0xb size:0x2 type:read
[State 0] Inst Executing 0x8009056
[State 0] Inst Executing 0x8009058
[State 0] Ex Block pc: 0x800905a lr:0x8008a6d
[State 0] Inst Executing 0x800905a
[State 0]  pc:0x800905a address:0x20000860 val:0x20000741 size:0x4 type:read
[State 0] Inst Executing 0x800905c
[State 0]  pc:0x800905c address:0x20000864 val:0xb size:0x2 type:read
[State 0] Inst Executing 0x8009060
[State 0] Inst Executing 0x8009062
[State 0]  pc:0x8009062 address:0x20013f97 val:0x0 size:0x1 type:read
[State 0] Inst Executing 0x8009066
[State 0]  pc:0x8009066 address:0x2000074c val:0x0 size:0x1 type:write
[State 0] Inst Executing 0x8009068
[State 0] Inst Executing 0x800906a
[State 0]  pc:0x800906a address:0x20000864 val:0xc size:0x2 type:write
[State 0] Inst Executing 0x800906e
[State 0] Inst Executing 0x8009070
[State 0]  pc:0x8009070 address:0x20013f98 val:0x20000808 size:0x4 type:read
[State 0]  pc:0x8009070 address:0x20013f9c val:0x8008b6b size:0x4 type:read
[State 0] Ex Block pc: 0x8008b6a lr:0x8008a6d
[State 0] Inst Executing 0x8008b6a
[State 0] Ex Block pc: 0x8008b5a lr:0x8008a6d
[State 0] Inst Executing 0x8008b5a
[State 0]  pc:0x8008b5a address:0x20013fa0 val:0x12 size:0x4 type:read
[State 0]  pc:0x8008b5a address:0x20013fa4 val:0x8007425 size:0x4 type:read
[State 0] Ex Block pc: 0x8007424 lr:0x8008a6d
[State 0] Inst Executing 0x8007424
[State 0] Inst Executing 0x8007426
[State 0]  pc:0x8007426 address:0x20013fa8 val:0x20 size:0x4 type:read
[State 0]  pc:0x8007426 address:0x20013fac val:0x800750d size:0x4 type:read
[State 0] Ex Block pc: 0x800750c lr:0x8008a6d
[State 0] Inst Executing 0x800750c
[State 0] Ex Block pc: 0x80074da lr:0x8008a6d
[State 0] Inst Executing 0x80074da
[State 0]  pc:0x80074da address:0x20000808 val:0x40004400 size:0x4 type:read
[State 0] Inst Executing 0x80074dc
[State 0] Ex Block pc: 0x80074dc lr:0x8008a6d
[State 0] Inst Executing 0x80074dc
1 [State 0] uARCUS: hardware read pc 0x80074dc addr 0x40004400 size 0x4 original 0x0 new 0x0
[State 0]  pc:0x80074dc address:0x40004400 val:0x0 size:0x4 type:read
[State 0] Inst Executing 0x80074de
1 [State 0] uARCUS: hardware read pc 0x80074de addr 0x4000440c size 0x4 original 0x0 new 0x0
[State 0]  pc:0x80074de address:0x4000440c val:0x0 size:0x4 type:read
[State 0] Inst Executing 0x80074e0
[State 0] Inst Executing 0x80074e4
[State 0] Inst Executing 0x80074e8
[State 0] Ex Block pc: 0x80074ec lr:0x8008a6d
[State 0] Inst Executing 0x80074ec
[State 0]  pc:0x80074ec address:0x20000808 val:0x40004400 size:0x4 type:read
[State 0] Inst Executing 0x80074ee
[State 0] Ex Block pc: 0x80074ee lr:0x8008a6d
[State 0] Inst Executing 0x80074ee
1 [State 0] uARCUS: hardware read pc 0x80074ee addr 0x40004400 size 0x4 original 0x0 new 0x0
[State 0]  pc:0x80074ee address:0x40004400 val:0x0 size:0x4 type:read
[State 0] Inst Executing 0x80074f0
1 [State 0] uARCUS: hardware read pc 0x80074f0 addr 0x4000440c size 0x4 original 0x0 new 0x0
[State 0]  pc:0x80074f0 address:0x4000440c val:0x0 size:0x4 type:read
[State 0] Inst Executing 0x80074f2
[State 0] Inst Executing 0x80074f6
[State 0] Inst Executing 0x80074fa
[State 0] Ex Block pc: 0x80074fe lr:0x8008a6d
[State 0] Inst Executing 0x80074fe
[State 0]  pc:0x80074fe address:0x20000844 val:0x0 size:0x4 type:read
[State 0] Inst Executing 0x8007500
[State 0] Ex Block pc: 0x8007502 lr:0x8008a6d
[State 0] Inst Executing 0x8007502
[State 0] Inst Executing 0x8007504
[State 0]  pc:0x8007504 address:0x20013fb8 val:0x0 size:0x4 type:read
[State 0]  pc:0x8007504 address:0x20013fbc val:0x8008c29 size:0x4 type:read
[State 0] Ex Block pc: 0x8008c28 lr:0x8008a6d
[State 0] Inst Executing 0x8008c28
[State 0]  pc:0x8008c28 address:0x20013fc0 val:0x0 size:0x4 type:read
[State 0]  pc:0x8008c28 address:0x20013fc4 val:0xfffffff9 size:0x4 type:read
[State 0] onException pc: 0xfffffff8 vec: 54
1 [State 0] uARCUS: onException exit, irq_no: 54
[State 0] Ex Block pc: 0x800369c lr:0x8002ad7 firmata::FirmataClass::available()
[State 0] Inst Executing 0x800369c
[State 0]  pc:0x800369c address:0x20013fe0 val:0x0 size:0x4 type:write
[State 0]  pc:0x800369c address:0x20013fe4 val:0x8002ad7 size:0x4 type:write
[State 0] Inst Executing 0x800369e
[State 0]  pc:0x800369e address:0x20000490 val:0x20000730 size:0x4 type:read
[State 0] Inst Executing 0x80036a2
[State 0]  pc:0x80036a2 address:0x20000730 val:0x800afd0 size:0x4 type:read
[State 0] Inst Executing 0x80036a4
[State 0]  pc:0x80036a4 address:0x800afd8 val:0x8008fcb size:0x4 type:read
[State 0] Inst Executing 0x80036a6
[State 0] Ex Block pc: 0x8008fca lr:0x80036a9 HardwareSerial::available()
[State 0] Inst Executing 0x8008fca
[State 0]  pc:0x8008fca address:0x20000864 val:0xc size:0x2 type:read
[State 0] Inst Executing 0x8008fce
[State 0] Inst Executing 0x8008fd0
[State 0] Inst Executing 0x8008fd2
[State 0]  pc:0x8008fd2 address:0x20000866 val:0xb size:0x2 type:read
[State 0] Inst Executing 0x8008fd6
[State 0] Inst Executing 0x8008fd8
[State 0] Inst Executing 0x8008fdc
[State 0] Ex Block pc: 0x80036a8 lr:0x80036a9
[State 0] Inst Executing 0x80036a8
[State 0]  pc:0x80036a8 address:0x20013fe0 val:0x0 size:0x4 type:read
[State 0]  pc:0x80036a8 address:0x20013fe4 val:0x8002ad7 size:0x4 type:read
[State 0] Ex Block pc: 0x8002ad6 lr:0x80036a9
[State 0] Inst Executing 0x8002ad6
[State 0] Ex Block pc: 0x8002ad8 lr:0x80036a9
[State 0] Inst Executing 0x8002ad8
[State 0]  pc:0x8002ad8 address:0x8002bb4 val:0x200003d0 size:0x4 type:read
[State 0] Inst Executing 0x8002ada
[State 0] Ex Block pc: 0x80036aa lr:0x8002adf firmata::FirmataClass::processInput()
[State 0] Inst Executing 0x80036aa
[State 0]  pc:0x80036aa address:0x20013fe0 val:0x0 size:0x4 type:write
[State 0]  pc:0x80036aa address:0x20013fe4 val:0x8002adf size:0x4 type:write
[State 0] Inst Executing 0x80036ac
[State 0] Inst Executing 0x80036ae
[State 0]  pc:0x80036ae address:0x20000490 val:0x20000730 size:0x4 type:read
[State 0] Inst Executing 0x80036b2
[State 0]  pc:0x80036b2 address:0x20000730 val:0x800afd0 size:0x4 type:read
[State 0] Inst Executing 0x80036b4
[State 0]  pc:0x80036b4 address:0x800afdc val:0x8008ffb size:0x4 type:read
[State 0] Inst Executing 0x80036b6
[State 0] Ex Block pc: 0x8008ffa lr:0x80036b9 HardwareSerial::read()
[State 0] Inst Executing 0x8008ffa
[State 0]  pc:0x8008ffa address:0x20000864 val:0xc size:0x2 type:read
[State 0] Inst Executing 0x8008ffe
[State 0] Ex Block pc: 0x8009000 lr:0x80036b9
[State 0] Inst Executing 0x8009000
[State 0]  pc:0x8009000 address:0x20000866 val:0xb size:0x2 type:read
[State 0] Inst Executing 0x8009004
[State 0] Inst Executing 0x8009006
[State 0] Ex Block pc: 0x8009008 lr:0x80036b9
[State 0] Inst Executing 0x8009008
[State 0]  pc:0x8009008 address:0x20000860 val:0x20000741 size:0x4 type:read
[State 0] Inst Executing 0x800900c
[State 0]  pc:0x800900c address:0x2000074c val:0x0 size:0x1 type:read
[State 0] Inst Executing 0x800900e
[State 0] Inst Executing 0x8009010
[State 0] Inst Executing 0x8009014
[State 0]  pc:0x8009014 address:0x20000866 val:0xc size:0x2 type:write
[State 0] Inst Executing 0x8009018
[State 0] Inst Executing 0x800901a
[State 0] Ex Block pc: 0x80036b8 lr:0x80036b9
[State 0] Inst Executing 0x80036b8
[State 0] Inst Executing 0x80036bc
[State 0] Ex Block pc: 0x80036be lr:0x80036b9
[State 0] Inst Executing 0x80036be
[State 0] Inst Executing 0x80036c0
[State 0] Inst Executing 0x80036c4
[State 0] Ex Block pc: 0x8003c50 lr:0x80036c9 firmata::FirmataParser::parse(unsigned
[State 0] Inst Executing 0x8003c50
[State 0]  pc:0x8003c50 address:0x20013fd8 val:0x200003d0 size:0x4 type:write
[State 0]  pc:0x8003c50 address:0x20013fdc val:0x80036c9 size:0x4 type:write
[State 0] Inst Executing 0x8003c52
[State 0] Inst Executing 0x8003c54
[State 0]  pc:0x8003c54 address:0x20000428 val:0x0 size:0x1 type:read
[State 0] Inst Executing 0x8003c56
[State 0] Ex Block pc: 0x8003c74 lr:0x80036c9
[State 0] Inst Executing 0x8003c74
[State 0]  pc:0x8003c74 address:0x20000424 val:0x0 size:0x4 type:read
[State 0] Inst Executing 0x8003c76
[State 0] Ex Block pc: 0x8003c7c lr:0x80036c9
[State 0] Inst Executing 0x8003c7c
[State 0] Inst Executing 0x8003c7e
[State 0] Ex Block pc: 0x8003c80 lr:0x80036c9
[State 0] Inst Executing 0x8003c80
[State 0] Inst Executing 0x8003c84
[State 0]  pc:0x8003c84 address:0x20000421 val:0x0 size:0x1 type:write
[State 0] Inst Executing 0x8003c86
[State 0] Inst Executing 0x8003c8a
[State 0] Inst Executing 0x8003c8c
[State 0] Ex Block pc: 0x8003c8e lr:0x80036c9
[State 0] Inst Executing 0x8003c8e
[State 0] Ex Block pc: 0x8003d4e lr:0x80036c9
[State 0] Inst Executing 0x8003d4e
[State 0] Inst Executing 0x8003d50
[State 0] Ex Block pc: 0x8003d52 lr:0x80036c9
[State 0] Inst Executing 0x8003d52
[State 0] Ex Block pc: 0x8003d5e lr:0x80036c9
[State 0] Inst Executing 0x8003d5e
[State 0] Inst Executing 0x8003d60
[State 0] Ex Block pc: 0x8003d6a lr:0x80036c9
[State 0] Inst Executing 0x8003d6a
[State 0]  pc:0x8003d6a address:0x20013fd8 val:0x200003d0 size:0x4 type:read
[State 0]  pc:0x8003d6a address:0x20013fdc val:0x80036c9 size:0x4 type:read
[State 0] Ex Block pc: 0x80036c8 lr:0x80036c9
[State 0] Inst Executing 0x80036c8
[State 0]  pc:0x80036c8 address:0x20013fe0 val:0x0 size:0x4 type:read
[State 0]  pc:0x80036c8 address:0x20013fe4 val:0x8002adf size:0x4 type:read
[State 0] Ex Block pc: 0x8002ade lr:0x80036c9
[State 0] Inst Executing 0x8002ade
[State 0] Ex Block pc: 0x8002ad0 lr:0x80036c9
[State 0] Inst Executing 0x8002ad0
1 [State 0] uARCUS: External Interrupt:38
1 [State 0] uARCUS: test interrupt_flag 0 request:0 halted: 0 excp_idx: -1
orig vec_enabled: 1
[State 0]  pc:0x8002ad0 address:0x8002bb4 val:0x200003d0 size:0x4 type:read
[State 0] Inst Executing 0x8002ad2
[State 0] onException pc: 0x800369c vec: 0
[State 0] Ex Block pc: 0x8008c18 lr:0xfffffff9 USART2_IRQHandler
[State 0] Inst Executing 0x8008c18
[State 0]  pc:0x8008c18 address:0x20013fc0 val:0x0 size:0x4 type:write
[State 0]  pc:0x8008c18 address:0x20013fc4 val:0xfffffff9 size:0x4 type:write
[State 0] Inst Executing 0x8008c1a
[State 0] Inst Executing 0x8008c1c
[State 0] Ex Block pc: 0x80046bc lr:0x8008c21 HAL_NVIC_ClearPendingIRQ
[State 0] Inst Executing 0x80046bc
[State 0] Inst Executing 0x80046be
[State 0] Ex Block pc: 0x80046c0 lr:0x8008c21
[State 0] Inst Executing 0x80046c0
[State 0] Inst Executing 0x80046c2
[State 0] Inst Executing 0x80046c6
[State 0] Inst Executing 0x80046c8
[State 0] Inst Executing 0x80046cc
[State 0] Inst Executing 0x80046ce
[State 0]  pc:0x80046ce address:0x80046d8 val:0xe000e100 size:0x4 type:read
[State 0] Inst Executing 0x80046d0
[State 0]  pc:0x80046d0 address:0xe000e284 val:0x40 size:0x4 type:write
[State 0] Inst Executing 0x80046d4
[State 0] Ex Block pc: 0x8008c20 lr:0x8008c21
[State 0] Inst Executing 0x8008c20
[State 0]  pc:0x8008c20 address:0x8008c2c val:0x200006d8 size:0x4 type:read
[State 0] Inst Executing 0x8008c22
[State 0]  pc:0x8008c22 address:0x200006dc val:0x20000808 size:0x4 type:read
[State 0] Inst Executing 0x8008c24
[State 0] Ex Block pc: 0x800746e lr:0x8008c29 HAL_UART_IRQHandler
[State 0] Inst Executing 0x800746e
[State 0]  pc:0x800746e address:0x20013fb8 val:0x0 size:0x4 type:write
[State 0]  pc:0x800746e address:0x20013fbc val:0x8008c29 size:0x4 type:write
[State 0] Inst Executing 0x8007470
[State 0] Inst Executing 0x8007472
[State 0] Inst Executing 0x8007474
[State 0]  pc:0x8007474 address:0x20000808 val:0x40004400 size:0x4 type:read
[State 0] Inst Executing 0x8007476
[State 0] Ex Block pc: 0x8007476 lr:0x8008c29
[State 0] Inst Executing 0x8007476
1 [State 0] uARCUS: hardware read pc 0x8007476 addr 0x40004400 size 0x4 original 0x0 new 0x1
[State 0]  pc:0x8007476 address:0x40004400 val:0x1 size:0x4 type:read
[State 0] Inst Executing 0x8007478
1 [State 0] uARCUS: hardware read pc 0x8007478 addr 0x4000440c size 0x4 original 0x0 new 0x0
[State 0]  pc:0x8007478 address:0x4000440c val:0x0 size:0x4 type:read
[State 0] Inst Executing 0x800747a
[State 0] Inst Executing 0x800747e
[State 0] Ex Block pc: 0x8007480 lr:0x8008c29
[State 0] Inst Executing 0x8007480
[State 0] Inst Executing 0x8007484
[State 0] Ex Block pc: 0x800748e lr:0x8008c29
[State 0] Inst Executing 0x800748e
[State 0] Ex Block pc: 0x800748e lr:0x8008c29
[State 0] Inst Executing 0x800748e
1 [State 0] uARCUS: hardware read pc 0x800748e addr 0x40004400 size 0x4 original 0x0 new 0x2
[State 0]  pc:0x800748e address:0x40004400 val:0x2 size:0x4 type:read
[State 0] Inst Executing 0x8007490
1 [State 0] uARCUS: hardware read pc 0x8007490 addr 0x40004414 size 0x4 original 0x0 new 0x0
[State 0]  pc:0x8007490 address:0x40004414 val:0x0 size:0x4 type:read
[State 0] Inst Executing 0x8007492
[State 0] Inst Executing 0x8007496
[State 0] Inst Executing 0x800749a
[State 0] Ex Block pc: 0x800749c lr:0x8008c29
[State 0] Inst Executing 0x800749c
[State 0] Ex Block pc: 0x80074a6 lr:0x8008c29
[State 0] Inst Executing 0x80074a6
[State 0] Ex Block pc: 0x80074a6 lr:0x8008c29
[State 0] Inst Executing 0x80074a6
1 [State 0] uARCUS: hardware read pc 0x80074a6 addr 0x40004400 size 0x4 original 0x0 new 0x4
[State 0]  pc:0x80074a6 address:0x40004400 val:0x4 size:0x4 type:read
[State 0] Inst Executing 0x80074a8
[State 0] Inst Executing 0x80074ac
[State 0] Ex Block pc: 0x80074ae lr:0x8008c29
[State 0] Inst Executing 0x80074ae
[State 0] Ex Block pc: 0x80074b8 lr:0x8008c29
[State 0] Inst Executing 0x80074b8
[State 0] Ex Block pc: 0x80074b8 lr:0x8008c29
[State 0] Inst Executing 0x80074b8
1 [State 0] uARCUS: hardware read pc 0x80074b8 addr 0x40004400 size 0x4 original 0x0 new 0x8
[State 0]  pc:0x80074b8 address:0x40004400 val:0x8 size:0x4 type:read
[State 0] Inst Executing 0x80074ba
[State 0] Inst Executing 0x80074be
[State 0] Ex Block pc: 0x80074c0 lr:0x8008c29
[State 0] Inst Executing 0x80074c0
[State 0] Ex Block pc: 0x80074ca lr:0x8008c29
[State 0] Inst Executing 0x80074ca
[State 0] Ex Block pc: 0x80074ca lr:0x8008c29
[State 0] Inst Executing 0x80074ca
1 [State 0] uARCUS: hardware read pc 0x80074ca addr 0x40004400 size 0x4 original 0x0 new 0x20
[State 0]  pc:0x80074ca address:0x40004400 val:0x20 size:0x4 type:read
[State 0] Inst Executing 0x80074cc
1 [State 0] uARCUS: hardware read pc 0x80074cc addr 0x4000440c size 0x4 original 0x0 new 0x20
[State 0]  pc:0x80074cc address:0x4000440c val:0x20 size:0x4 type:read
[State 0] Inst Executing 0x80074ce
[State 0] Inst Executing 0x80074d2
[State 0] Inst Executing 0x80074d6
[State 0] Ex Block pc: 0x80074d8 lr:0x8008c29
[State 0] Inst Executing 0x80074d8
[State 0] Ex Block pc: 0x8007506 lr:0x8008c29
[State 0] Inst Executing 0x8007506
[State 0] Inst Executing 0x8007508
[State 0] Ex Block pc: 0x80073b8 lr:0x800750d UART_Receive_IT
[State 0] Inst Executing 0x80073b8
[State 0]  pc:0x80073b8 address:0x20013fa8 val:0x20 size:0x4 type:write
[State 0]  pc:0x80073b8 address:0x20013fac val:0x800750d size:0x4 type:write
[State 0] Inst Executing 0x80073ba
[State 0]  pc:0x80073ba address:0x20000841 val:0x32 size:0x1 type:read
[State 0] Inst Executing 0x80073be
[State 0] Inst Executing 0x80073c0
[State 0] Inst Executing 0x80073c2
[State 0] Ex Block pc: 0x80073c4 lr:0x800750d
[State 0] Inst Executing 0x80073c4
[State 0] Inst Executing 0x80073c6
[State 0] Ex Block pc: 0x80073cc lr:0x800750d
[State 0] Inst Executing 0x80073cc
[State 0]  pc:0x80073cc address:0x20000810 val:0x0 size:0x4 type:read
[State 0] Inst Executing 0x80073ce
[State 0] Inst Executing 0x80073d2
[State 0] Ex Block pc: 0x80073d4 lr:0x800750d
[State 0] Inst Executing 0x80073d4
[State 0]  pc:0x80073d4 address:0x20000818 val:0x0 size:0x4 type:read
[State 0] Inst Executing 0x80073d6
[State 0] Inst Executing 0x80073d8
[State 0] Ex Block pc: 0x80073da lr:0x800750d
[State 0] Inst Executing 0x80073da
[State 0]  pc:0x80073da address:0x20000830 val:0x20000849 size:0x4 type:read
[State 0] Inst Executing 0x80073dc
[State 0] Inst Executing 0x80073de
[State 0]  pc:0x80073de address:0x20000830 val:0x2000084a size:0x4 type:write
[State 0] Inst Executing 0x80073e0
[State 0]  pc:0x80073e0 address:0x20000808 val:0x40004400 size:0x4 type:read
[State 0] Inst Executing 0x80073e2
[State 0] Ex Block pc: 0x80073e2 lr:0x800750d
[State 0] Inst Executing 0x80073e2
[State 0] user read pc 0x80073e2 addr 0x40004404 original 0x0 fuzzin 0xf4 ptr 12
[State 0]  pc:0x80073e2 address:0x40004404 val:0xf4 size:0x4 type:read
[State 0] Inst Executing 0x80073e4
[State 0]  pc:0x80073e4 address:0x20000849 val:0xf4 size:0x1 type:write
[State 0] Inst Executing 0x80073e6
[State 0]  pc:0x80073e6 address:0x20000836 val:0x1 size:0x2 type:read
[State 0] Inst Executing 0x80073e8
[State 0] Inst Executing 0x80073ea
[State 0] Inst Executing 0x80073ec
[State 0]  pc:0x80073ec address:0x20000836 val:0x0 size:0x2 type:write
[State 0] Inst Executing 0x80073ee
[State 0] Inst Executing 0x80073f0
[State 0] Ex Block pc: 0x80073f2 lr:0x800750d
[State 0] Inst Executing 0x80073f2
[State 0]  pc:0x80073f2 address:0x20000808 val:0x40004400 size:0x4 type:read
[State 0] Inst Executing 0x80073f4
[State 0] Ex Block pc: 0x80073f4 lr:0x800750d
[State 0] Inst Executing 0x80073f4
1 [State 0] uARCUS: hardware read pc 0x80073f4 addr 0x4000440c size 0x4 original 0x0 new 0x0
[State 0]  pc:0x80073f4 address:0x4000440c val:0x0 size:0x4 type:read
[State 0] Inst Executing 0x80073f6
[State 0] Inst Executing 0x80073fa
[State 0]  pc:0x80073fa address:0x4000440c val:0x0 size:0x4 type:write
[State 0] Inst Executing 0x80073fc
[State 0]  pc:0x80073fc address:0x20000841 val:0x32 size:0x1 type:read
[State 0] Ex Block pc: 0x8007400 lr:0x800750d
[State 0] Inst Executing 0x8007400
[State 0] Inst Executing 0x8007402
[State 0] Inst Executing 0x8007404
[State 0] Ex Block pc: 0x8007462 lr:0x800750d
[State 0] Inst Executing 0x8007462
[State 0] Inst Executing 0x8007464
[State 0]  pc:0x8007464 address:0x20000841 val:0x12 size:0x1 type:write
[State 0] Inst Executing 0x8007468
[State 0] Ex Block pc: 0x8007420 lr:0x800750d
[State 0] Inst Executing 0x8007420
[State 0] Ex Block pc: 0x8008b50 lr:0x8007425 HAL_UART_RxCpltCallback
[State 0] Inst Executing 0x8008b50
[State 0]  pc:0x8008b50 address:0x20013fa0 val:0x12 size:0x4 type:write
[State 0]  pc:0x8008b50 address:0x20013fa4 val:0x8007425 size:0x4 type:write
[State 0] Inst Executing 0x8008b52
[State 0] Ex Block pc: 0x8008b2c lr:0x8008b57 uart_index
[State 0] Inst Executing 0x8008b2c
[State 0] Inst Executing 0x8008b2e
[State 0] Ex Block pc: 0x8008b30 lr:0x8008b57
[State 0] Inst Executing 0x8008b30
[State 0] Inst Executing 0x8008b32
[State 0] Inst Executing 0x8008b34
[State 0] Ex Block pc: 0x8008b36 lr:0x8008b57
[State 0] Inst Executing 0x8008b36
[State 0]  pc:0x8008b36 address:0x8008b4c val:0x200006d8 size:0x4 type:read
[State 0] Inst Executing 0x8008b38
[State 0]  pc:0x8008b38 address:0x200006d8 val:0x0 size:0x4 type:read
[State 0] Inst Executing 0x8008b3c
[State 0] Inst Executing 0x8008b3e
[State 0] Ex Block pc: 0x8008b40 lr:0x8008b57
[State 0] Inst Executing 0x8008b40
[State 0] Inst Executing 0x8008b42
[State 0] Inst Executing 0x8008b44
[State 0] Ex Block pc: 0x8008b32 lr:0x8008b57
[State 0] Inst Executing 0x8008b32
[State 0] Inst Executing 0x8008b34
[State 0] Ex Block pc: 0x8008b36 lr:0x8008b57
[State 0] Inst Executing 0x8008b36
[State 0]  pc:0x8008b36 address:0x8008b4c val:0x200006d8 size:0x4 type:read
[State 0] Inst Executing 0x8008b38
[State 0]  pc:0x8008b38 address:0x200006dc val:0x20000808 size:0x4 type:read
[State 0] Inst Executing 0x8008b3c
[State 0] Inst Executing 0x8008b3e
[State 0] Ex Block pc: 0x8008b4a lr:0x8008b57
[State 0] Inst Executing 0x8008b4a
[State 0] Ex Block pc: 0x8008b56 lr:0x8008b57
[State 0] Inst Executing 0x8008b56
[State 0] Inst Executing 0x8008b58
[State 0] Ex Block pc: 0x8008b5c lr:0x8008b57
[State 0] Inst Executing 0x8008b5c
[State 0]  pc:0x8008b5c address:0x8008b6c val:0x20000688 size:0x4 type:read
[State 0] Inst Executing 0x8008b5e
[State 0]  pc:0x8008b5e address:0x2000068c val:0x8009037 size:0x4 type:read
[State 0] Inst Executing 0x8008b62
[State 0]  pc:0x8008b62 address:0x8008b70 val:0x2000069c size:0x4 type:read
[State 0] Inst Executing 0x8008b64
[State 0]  pc:0x8008b64 address:0x200006a0 val:0x20000804 size:0x4 type:read
[State 0] Inst Executing 0x8008b68
[State 0] Ex Block pc: 0x8009036 lr:0x8008b6b HardwareSerial::_rx_complete_irq(serial_s*)
[State 0] Inst Executing 0x8009036
[State 0]  pc:0x8009036 address:0x20013f98 val:0x20000808 size:0x4 type:write
[State 0]  pc:0x8009036 address:0x20013f9c val:0x8008b6b size:0x4 type:write
[State 0] Inst Executing 0x8009038
[State 0] Inst Executing 0x800903a
[State 0] Inst Executing 0x800903c
[State 0] Inst Executing 0x8009040
[State 0] Ex Block pc: 0x8008a44 lr:0x8009045 uart_getc
[State 0] Inst Executing 0x8008a44
[State 0] Ex Block pc: 0x8008a46 lr:0x8009045
[State 0] Inst Executing 0x8008a46
[State 0]  pc:0x8008a46 address:0x20013f80 val:0x8009037 size:0x4 type:write
[State 0]  pc:0x8008a46 address:0x20013f84 val:0x20000804 size:0x4 type:write
[State 0]  pc:0x8008a46 address:0x20013f88 val:0x0 size:0x4 type:write
[State 0]  pc:0x8008a46 address:0x20013f8c val:0x8009045 size:0x4 type:write
[State 0] Inst Executing 0x8008a48
[State 0] Inst Executing 0x8008a4a
[State 0] Inst Executing 0x8008a4c
[State 0] Ex Block pc: 0x80089fc lr:0x8008a51 serial_rx_active
[State 0] Inst Executing 0x80089fc
[State 0]  pc:0x80089fc address:0x20013f78 val:0x8009037 size:0x4 type:write
[State 0]  pc:0x80089fc address:0x20013f7c val:0x8008a51 size:0x4 type:write
[State 0] Inst Executing 0x80089fe
[State 0]  pc:0x80089fe address:0x20000848 val:0x1 size:0x1 type:read
[State 0] Inst Executing 0x8008a02
[State 0]  pc:0x8008a02 address:0x8008a1c val:0x200006d8 size:0x4 type:read
[State 0] Inst Executing 0x8008a04
[State 0]  pc:0x8008a04 address:0x200006dc val:0x20000808 size:0x4 type:read
[State 0] Inst Executing 0x8008a08
[State 0] Ex Block pc: 0x8007538 lr:0x8008a0d HAL_UART_GetState
[State 0] Inst Executing 0x8007538
[State 0]  pc:0x8007538 address:0x20000841 val:0x12 size:0x1 type:read
[State 0] Inst Executing 0x800753c
[State 0] Ex Block pc: 0x8008a0c lr:0x8008a0d
[State 0] Inst Executing 0x8008a0c
[State 0] Inst Executing 0x8008a10
[State 0] Inst Executing 0x8008a12
[State 0] Inst Executing 0x8008a14
[State 0] Inst Executing 0x8008a16
[State 0] Inst Executing 0x8008a18
[State 0]  pc:0x8008a18 address:0x20013f78 val:0x8009037 size:0x4 type:read
[State 0]  pc:0x8008a18 address:0x20013f7c val:0x8008a51 size:0x4 type:read
[State 0] Ex Block pc: 0x8008a50 lr:0x8008a0d
[State 0] Inst Executing 0x8008a50
[State 0] Ex Block pc: 0x8008a52 lr:0x8008a0d
[State 0] Inst Executing 0x8008a52
[State 0]  pc:0x8008a52 address:0x20000849 val:0xf4 size:0x1 type:read
[State 0] Inst Executing 0x8008a56
[State 0]  pc:0x8008a56 address:0x20013f97 val:0xf4 size:0x1 type:write
[State 0] Inst Executing 0x8008a58
[State 0]  pc:0x8008a58 address:0x20000848 val:0x1 size:0x1 type:read
[State 0] Inst Executing 0x8008a5c
[State 0] Inst Executing 0x8008a5e
[State 0] Inst Executing 0x8008a62
[State 0]  pc:0x8008a62 address:0x8008a7c val:0x200006d8 size:0x4 type:read
[State 0] Inst Executing 0x8008a64
[State 0]  pc:0x8008a64 address:0x200006dc val:0x20000808 size:0x4 type:read
[State 0] Inst Executing 0x8008a68
[State 0] Ex Block pc: 0x8007312 lr:0x8008a6d HAL_UART_Receive_IT
[State 0] Inst Executing 0x8007312
[State 0]  pc:0x8007312 address:0x20000841 val:0x12 size:0x1 type:read
[State 0] Inst Executing 0x8007316
[State 0] Inst Executing 0x8007318
[State 0] Inst Executing 0x800731a
[State 0] Ex Block pc: 0x800731c lr:0x8008a6d
[State 0] Inst Executing 0x800731c
[State 0] Inst Executing 0x800731e
[State 0] Ex Block pc: 0x8007324 lr:0x8008a6d
[State 0] Inst Executing 0x8007324
[State 0] Ex Block pc: 0x8007326 lr:0x8008a6d
[State 0] Inst Executing 0x8007326
[State 0] Ex Block pc: 0x8007328 lr:0x8008a6d
[State 0] Inst Executing 0x8007328
[State 0]  pc:0x8007328 address:0x20000840 val:0x0 size:0x1 type:read
[State 0] Inst Executing 0x800732c
[State 0] Inst Executing 0x800732e
[State 0] Ex Block pc: 0x8007330 lr:0x8008a6d
[State 0] Inst Executing 0x8007330
[State 0] Inst Executing 0x8007332
[State 0]  pc:0x8007332 address:0x20000840 val:0x1 size:0x1 type:write
[State 0] Inst Executing 0x8007336
[State 0]  pc:0x8007336 address:0x20000830 val:0x20000849 size:0x4 type:write
[State 0] Inst Executing 0x8007338
[State 0]  pc:0x8007338 address:0x20000834 val:0x1 size:0x2 type:write
[State 0] Inst Executing 0x800733a
[State 0]  pc:0x800733a address:0x20000836 val:0x1 size:0x2 type:write
[State 0] Inst Executing 0x800733c
[State 0] Inst Executing 0x800733e
[State 0]  pc:0x800733e address:0x20000844 val:0x0 size:0x4 type:write
[State 0] Inst Executing 0x8007340
[State 0]  pc:0x8007340 address:0x20000841 val:0x12 size:0x1 type:read
[State 0] Inst Executing 0x8007344
[State 0] Inst Executing 0x8007346
[State 0] Inst Executing 0x8007348
[State 0] Ex Block pc: 0x8007378 lr:0x8008a6d
[State 0] Inst Executing 0x8007378
[State 0] Inst Executing 0x800737a
[State 0]  pc:0x800737a address:0x20000841 val:0x32 size:0x1 type:write
[State 0] Inst Executing 0x800737e
[State 0] Ex Block pc: 0x8007350 lr:0x8008a6d
[State 0] Inst Executing 0x8007350
[State 0] Inst Executing 0x8007352
[State 0]  pc:0x8007352 address:0x20000840 val:0x0 size:0x1 type:write
[State 0] Inst Executing 0x8007356
[State 0]  pc:0x8007356 address:0x20000808 val:0x40004400 size:0x4 type:read
[State 0] Inst Executing 0x8007358
[State 0] Ex Block pc: 0x8007358 lr:0x8008a6d
[State 0] Inst Executing 0x8007358
1 [State 0] uARCUS: hardware read pc 0x8007358 addr 0x4000440c size 0x4 original 0x0 new 0x0
[State 0]  pc:0x8007358 address:0x4000440c val:0x0 size:0x4 type:read
[State 0] Inst Executing 0x800735a
[State 0] Inst Executing 0x800735e
[State 0]  pc:0x800735e address:0x4000440c val:0x100 size:0x4 type:write
[State 0] Inst Executing 0x8007360
[State 0]  pc:0x8007360 address:0x20000808 val:0x40004400 size:0x4 type:read
[State 0] Inst Executing 0x8007362
1 [State 0] uARCUS: hardware read pc 0x8007362 addr 0x40004414 size 0x4 original 0x0 new 0x0
[State 0]  pc:0x8007362 address:0x40004414 val:0x0 size:0x4 type:read
[State 0] Inst Executing 0x8007364
[State 0] Inst Executing 0x8007368
[State 0]  pc:0x8007368 address:0x40004414 val:0x1 size:0x4 type:write
[State 0] Inst Executing 0x800736a
[State 0]  pc:0x800736a address:0x20000808 val:0x40004400 size:0x4 type:read
[State 0] Inst Executing 0x800736c
1 [State 0] uARCUS: hardware read pc 0x800736c addr 0x4000440c size 0x4 original 0x0 new 0x0
[State 0]  pc:0x800736c address:0x4000440c val:0x0 size:0x4 type:read
[State 0] Inst Executing 0x800736e
[State 0] Inst Executing 0x8007372
[State 0]  pc:0x8007372 address:0x4000440c val:0x20 size:0x4 type:write
[State 0] Inst Executing 0x8007374
[State 0] Inst Executing 0x8007376
[State 0] Ex Block pc: 0x8008a6c lr:0x8008a6d
[State 0] Inst Executing 0x8008a6c
[State 0] Inst Executing 0x8008a6e
[State 0]  pc:0x8008a6e address:0x20013f80 val:0x8009037 size:0x4 type:read
[State 0]  pc:0x8008a6e address:0x20013f84 val:0x20000804 size:0x4 type:read
[State 0]  pc:0x8008a6e address:0x20013f88 val:0x0 size:0x4 type:read
[State 0]  pc:0x8008a6e address:0x20013f8c val:0x8009045 size:0x4 type:read
[State 0] Ex Block pc: 0x8009044 lr:0x8008a6d
[State 0] Inst Executing 0x8009044
[State 0] Ex Block pc: 0x8009046 lr:0x8008a6d
[State 0] Inst Executing 0x8009046
[State 0]  pc:0x8009046 address:0x20000864 val:0xc size:0x2 type:read
[State 0] Inst Executing 0x800904a
[State 0] Inst Executing 0x800904c
[State 0] Inst Executing 0x800904e
[State 0] Inst Executing 0x8009052
[State 0]  pc:0x8009052 address:0x20000866 val:0xc size:0x2 type:read
[State 0] Inst Executing 0x8009056
[State 0] Inst Executing 0x8009058
[State 0] Ex Block pc: 0x800905a lr:0x8008a6d
[State 0] Inst Executing 0x800905a
[State 0]  pc:0x800905a address:0x20000860 val:0x20000741 size:0x4 type:read
[State 0] Inst Executing 0x800905c
[State 0]  pc:0x800905c address:0x20000864 val:0xc size:0x2 type:read
[State 0] Inst Executing 0x8009060
[State 0] Inst Executing 0x8009062
[State 0]  pc:0x8009062 address:0x20013f97 val:0xf4 size:0x1 type:read
[State 0] Inst Executing 0x8009066
[State 0]  pc:0x8009066 address:0x2000074d val:0xf4 size:0x1 type:write
[State 0] Inst Executing 0x8009068
[State 0] Inst Executing 0x800906a
[State 0]  pc:0x800906a address:0x20000864 val:0xd size:0x2 type:write
[State 0] Inst Executing 0x800906e
[State 0] Inst Executing 0x8009070
[State 0]  pc:0x8009070 address:0x20013f98 val:0x20000808 size:0x4 type:read
[State 0]  pc:0x8009070 address:0x20013f9c val:0x8008b6b size:0x4 type:read
[State 0] Ex Block pc: 0x8008b6a lr:0x8008a6d
[State 0] Inst Executing 0x8008b6a
[State 0] Ex Block pc: 0x8008b5a lr:0x8008a6d
[State 0] Inst Executing 0x8008b5a
[State 0]  pc:0x8008b5a address:0x20013fa0 val:0x12 size:0x4 type:read
[State 0]  pc:0x8008b5a address:0x20013fa4 val:0x8007425 size:0x4 type:read
[State 0] Ex Block pc: 0x8007424 lr:0x8008a6d
[State 0] Inst Executing 0x8007424
[State 0] Inst Executing 0x8007426
[State 0]  pc:0x8007426 address:0x20013fa8 val:0x20 size:0x4 type:read
[State 0]  pc:0x8007426 address:0x20013fac val:0x800750d size:0x4 type:read
[State 0] Ex Block pc: 0x800750c lr:0x8008a6d
[State 0] Inst Executing 0x800750c
[State 0] Ex Block pc: 0x80074da lr:0x8008a6d
[State 0] Inst Executing 0x80074da
[State 0]  pc:0x80074da address:0x20000808 val:0x40004400 size:0x4 type:read
[State 0] Inst Executing 0x80074dc
[State 0] Ex Block pc: 0x80074dc lr:0x8008a6d
[State 0] Inst Executing 0x80074dc
1 [State 0] uARCUS: hardware read pc 0x80074dc addr 0x40004400 size 0x4 original 0x0 new 0x0
[State 0]  pc:0x80074dc address:0x40004400 val:0x0 size:0x4 type:read
[State 0] Inst Executing 0x80074de
1 [State 0] uARCUS: hardware read pc 0x80074de addr 0x4000440c size 0x4 original 0x0 new 0x0
[State 0]  pc:0x80074de address:0x4000440c val:0x0 size:0x4 type:read
[State 0] Inst Executing 0x80074e0
[State 0] Inst Executing 0x80074e4
[State 0] Inst Executing 0x80074e8
[State 0] Ex Block pc: 0x80074ec lr:0x8008a6d
[State 0] Inst Executing 0x80074ec
[State 0]  pc:0x80074ec address:0x20000808 val:0x40004400 size:0x4 type:read
[State 0] Inst Executing 0x80074ee
[State 0] Ex Block pc: 0x80074ee lr:0x8008a6d
[State 0] Inst Executing 0x80074ee
1 [State 0] uARCUS: hardware read pc 0x80074ee addr 0x40004400 size 0x4 original 0x0 new 0x0
[State 0]  pc:0x80074ee address:0x40004400 val:0x0 size:0x4 type:read
[State 0] Inst Executing 0x80074f0
1 [State 0] uARCUS: hardware read pc 0x80074f0 addr 0x4000440c size 0x4 original 0x0 new 0x0
[State 0]  pc:0x80074f0 address:0x4000440c val:0x0 size:0x4 type:read
[State 0] Inst Executing 0x80074f2
[State 0] Inst Executing 0x80074f6
[State 0] Inst Executing 0x80074fa
[State 0] Ex Block pc: 0x80074fe lr:0x8008a6d
[State 0] Inst Executing 0x80074fe
[State 0]  pc:0x80074fe address:0x20000844 val:0x0 size:0x4 type:read
[State 0] Inst Executing 0x8007500
[State 0] Ex Block pc: 0x8007502 lr:0x8008a6d
[State 0] Inst Executing 0x8007502
[State 0] Inst Executing 0x8007504
[State 0]  pc:0x8007504 address:0x20013fb8 val:0x0 size:0x4 type:read
[State 0]  pc:0x8007504 address:0x20013fbc val:0x8008c29 size:0x4 type:read
[State 0] Ex Block pc: 0x8008c28 lr:0x8008a6d
[State 0] Inst Executing 0x8008c28
[State 0]  pc:0x8008c28 address:0x20013fc0 val:0x0 size:0x4 type:read
[State 0]  pc:0x8008c28 address:0x20013fc4 val:0xfffffff9 size:0x4 type:read
[State 0] onException pc: 0xfffffff8 vec: 54
1 [State 0] uARCUS: onException exit, irq_no: 54
[State 0] Ex Block pc: 0x800369c lr:0x8002ad7 firmata::FirmataClass::available()
[State 0] Inst Executing 0x800369c
[State 0]  pc:0x800369c address:0x20013fe0 val:0x0 size:0x4 type:write
[State 0]  pc:0x800369c address:0x20013fe4 val:0x8002ad7 size:0x4 type:write
[State 0] Inst Executing 0x800369e
[State 0]  pc:0x800369e address:0x20000490 val:0x20000730 size:0x4 type:read
[State 0] Inst Executing 0x80036a2
[State 0]  pc:0x80036a2 address:0x20000730 val:0x800afd0 size:0x4 type:read
[State 0] Inst Executing 0x80036a4
[State 0]  pc:0x80036a4 address:0x800afd8 val:0x8008fcb size:0x4 type:read
[State 0] Inst Executing 0x80036a6
[State 0] Ex Block pc: 0x8008fca lr:0x80036a9 HardwareSerial::available()
[State 0] Inst Executing 0x8008fca
[State 0]  pc:0x8008fca address:0x20000864 val:0xd size:0x2 type:read
[State 0] Inst Executing 0x8008fce
[State 0] Inst Executing 0x8008fd0
[State 0] Inst Executing 0x8008fd2
[State 0]  pc:0x8008fd2 address:0x20000866 val:0xc size:0x2 type:read
[State 0] Inst Executing 0x8008fd6
[State 0] Inst Executing 0x8008fd8
[State 0] Inst Executing 0x8008fdc
[State 0] Ex Block pc: 0x80036a8 lr:0x80036a9
[State 0] Inst Executing 0x80036a8
[State 0]  pc:0x80036a8 address:0x20013fe0 val:0x0 size:0x4 type:read
[State 0]  pc:0x80036a8 address:0x20013fe4 val:0x8002ad7 size:0x4 type:read
[State 0] Ex Block pc: 0x8002ad6 lr:0x80036a9
[State 0] Inst Executing 0x8002ad6
[State 0] Ex Block pc: 0x8002ad8 lr:0x80036a9
[State 0] Inst Executing 0x8002ad8
[State 0]  pc:0x8002ad8 address:0x8002bb4 val:0x200003d0 size:0x4 type:read
[State 0] Inst Executing 0x8002ada
[State 0] Ex Block pc: 0x80036aa lr:0x8002adf firmata::FirmataClass::processInput()
[State 0] Inst Executing 0x80036aa
[State 0]  pc:0x80036aa address:0x20013fe0 val:0x0 size:0x4 type:write
[State 0]  pc:0x80036aa address:0x20013fe4 val:0x8002adf size:0x4 type:write
[State 0] Inst Executing 0x80036ac
[State 0] Inst Executing 0x80036ae
[State 0]  pc:0x80036ae address:0x20000490 val:0x20000730 size:0x4 type:read
[State 0] Inst Executing 0x80036b2
[State 0]  pc:0x80036b2 address:0x20000730 val:0x800afd0 size:0x4 type:read
[State 0] Inst Executing 0x80036b4
[State 0]  pc:0x80036b4 address:0x800afdc val:0x8008ffb size:0x4 type:read
[State 0] Inst Executing 0x80036b6
[State 0] Ex Block pc: 0x8008ffa lr:0x80036b9 HardwareSerial::read()
[State 0] Inst Executing 0x8008ffa
[State 0]  pc:0x8008ffa address:0x20000864 val:0xd size:0x2 type:read
[State 0] Inst Executing 0x8008ffe
[State 0] Ex Block pc: 0x8009000 lr:0x80036b9
[State 0] Inst Executing 0x8009000
[State 0]  pc:0x8009000 address:0x20000866 val:0xc size:0x2 type:read
[State 0] Inst Executing 0x8009004
[State 0] Inst Executing 0x8009006
[State 0] Ex Block pc: 0x8009008 lr:0x80036b9
[State 0] Inst Executing 0x8009008
[State 0]  pc:0x8009008 address:0x20000860 val:0x20000741 size:0x4 type:read
[State 0] Inst Executing 0x800900c
[State 0]  pc:0x800900c address:0x2000074d val:0xf4 size:0x1 type:read
[State 0] Inst Executing 0x800900e
[State 0] Inst Executing 0x8009010
[State 0] Inst Executing 0x8009014
[State 0]  pc:0x8009014 address:0x20000866 val:0xd size:0x2 type:write
[State 0] Inst Executing 0x8009018
[State 0] Inst Executing 0x800901a
[State 0] Ex Block pc: 0x80036b8 lr:0x80036b9
[State 0] Inst Executing 0x80036b8
[State 0] Inst Executing 0x80036bc
[State 0] Ex Block pc: 0x80036be lr:0x80036b9
[State 0] Inst Executing 0x80036be
[State 0] Inst Executing 0x80036c0
[State 0] Inst Executing 0x80036c4
[State 0] Ex Block pc: 0x8003c50 lr:0x80036c9 firmata::FirmataParser::parse(unsigned
[State 0] Inst Executing 0x8003c50
[State 0]  pc:0x8003c50 address:0x20013fd8 val:0x200003d0 size:0x4 type:write
[State 0]  pc:0x8003c50 address:0x20013fdc val:0x80036c9 size:0x4 type:write
[State 0] Inst Executing 0x8003c52
[State 0] Inst Executing 0x8003c54
[State 0]  pc:0x8003c54 address:0x20000428 val:0x0 size:0x1 type:read
[State 0] Inst Executing 0x8003c56
[State 0] Ex Block pc: 0x8003c74 lr:0x80036c9
[State 0] Inst Executing 0x8003c74
[State 0]  pc:0x8003c74 address:0x20000424 val:0x0 size:0x4 type:read
[State 0] Inst Executing 0x8003c76
[State 0] Ex Block pc: 0x8003c7c lr:0x80036c9
[State 0] Inst Executing 0x8003c7c
[State 0] Inst Executing 0x8003c7e
[State 0] Ex Block pc: 0x8003c8a lr:0x80036c9
[State 0] Inst Executing 0x8003c8a
[State 0] Inst Executing 0x8003c8c
[State 0] Ex Block pc: 0x8003c8e lr:0x80036c9
[State 0] Inst Executing 0x8003c8e
[State 0] Ex Block pc: 0x8003c90 lr:0x80036c9
[State 0] Inst Executing 0x8003c90
[State 0] Inst Executing 0x8003c92
[State 0] Ex Block pc: 0x8003c94 lr:0x80036c9
[State 0] Inst Executing 0x8003c94
[State 0] Ex Block pc: 0x8003d6c lr:0x80036c9
[State 0] Inst Executing 0x8003d6c
[State 0] Inst Executing 0x8003d70
[State 0] Inst Executing 0x8003d72
[State 0] Ex Block pc: 0x8003d62 lr:0x80036c9
[State 0] Inst Executing 0x8003d62
[State 0] Inst Executing 0x8003d64
[State 0]  pc:0x8003d64 address:0x20000424 val:0x2 size:0x4 type:write
[State 0] Inst Executing 0x8003d66
[State 0]  pc:0x8003d66 address:0x20000420 val:0xf4 size:0x1 type:write
[State 0] Inst Executing 0x8003d68
[State 0]  pc:0x8003d68 address:0x20013fd8 val:0x200003d0 size:0x4 type:read
[State 0]  pc:0x8003d68 address:0x20013fdc val:0x80036c9 size:0x4 type:read
[State 0] Ex Block pc: 0x80036c8 lr:0x80036c9
[State 0] Inst Executing 0x80036c8
[State 0]  pc:0x80036c8 address:0x20013fe0 val:0x0 size:0x4 type:read
[State 0]  pc:0x80036c8 address:0x20013fe4 val:0x8002adf size:0x4 type:read
[State 0] Ex Block pc: 0x8002ade lr:0x80036c9
[State 0] Inst Executing 0x8002ade
[State 0] Ex Block pc: 0x8002ad0 lr:0x80036c9
[State 0] Inst Executing 0x8002ad0
1 [State 0] uARCUS: External Interrupt:38
1 [State 0] uARCUS: test interrupt_flag 0 request:0 halted: 0 excp_idx: -1
orig vec_enabled: 1
[State 0]  pc:0x8002ad0 address:0x8002bb4 val:0x200003d0 size:0x4 type:read
[State 0] Inst Executing 0x8002ad2
[State 0] onException pc: 0x800369c vec: 0
[State 0] Ex Block pc: 0x8008c18 lr:0xfffffff9 USART2_IRQHandler
[State 0] Inst Executing 0x8008c18
[State 0]  pc:0x8008c18 address:0x20013fc0 val:0x2 size:0x4 type:write
[State 0]  pc:0x8008c18 address:0x20013fc4 val:0xfffffff9 size:0x4 type:write
[State 0] Inst Executing 0x8008c1a
[State 0] Inst Executing 0x8008c1c
[State 0] Ex Block pc: 0x80046bc lr:0x8008c21 HAL_NVIC_ClearPendingIRQ
[State 0] Inst Executing 0x80046bc
[State 0] Inst Executing 0x80046be
[State 0] Ex Block pc: 0x80046c0 lr:0x8008c21
[State 0] Inst Executing 0x80046c0
[State 0] Inst Executing 0x80046c2
[State 0] Inst Executing 0x80046c6
[State 0] Inst Executing 0x80046c8
[State 0] Inst Executing 0x80046cc
[State 0] Inst Executing 0x80046ce
[State 0]  pc:0x80046ce address:0x80046d8 val:0xe000e100 size:0x4 type:read
[State 0] Inst Executing 0x80046d0
[State 0]  pc:0x80046d0 address:0xe000e284 val:0x40 size:0x4 type:write
[State 0] Inst Executing 0x80046d4
[State 0] Ex Block pc: 0x8008c20 lr:0x8008c21
[State 0] Inst Executing 0x8008c20
[State 0]  pc:0x8008c20 address:0x8008c2c val:0x200006d8 size:0x4 type:read
[State 0] Inst Executing 0x8008c22
[State 0]  pc:0x8008c22 address:0x200006dc val:0x20000808 size:0x4 type:read
[State 0] Inst Executing 0x8008c24
[State 0] Ex Block pc: 0x800746e lr:0x8008c29 HAL_UART_IRQHandler
[State 0] Inst Executing 0x800746e
[State 0]  pc:0x800746e address:0x20013fb8 val:0x0 size:0x4 type:write
[State 0]  pc:0x800746e address:0x20013fbc val:0x8008c29 size:0x4 type:write
[State 0] Inst Executing 0x8007470
[State 0] Inst Executing 0x8007472
[State 0] Inst Executing 0x8007474
[State 0]  pc:0x8007474 address:0x20000808 val:0x40004400 size:0x4 type:read
[State 0] Inst Executing 0x8007476
[State 0] Ex Block pc: 0x8007476 lr:0x8008c29
[State 0] Inst Executing 0x8007476
1 [State 0] uARCUS: hardware read pc 0x8007476 addr 0x40004400 size 0x4 original 0x0 new 0x1
[State 0]  pc:0x8007476 address:0x40004400 val:0x1 size:0x4 type:read
[State 0] Inst Executing 0x8007478
1 [State 0] uARCUS: hardware read pc 0x8007478 addr 0x4000440c size 0x4 original 0x0 new 0x0
[State 0]  pc:0x8007478 address:0x4000440c val:0x0 size:0x4 type:read
[State 0] Inst Executing 0x800747a
[State 0] Inst Executing 0x800747e
[State 0] Ex Block pc: 0x8007480 lr:0x8008c29
[State 0] Inst Executing 0x8007480
[State 0] Inst Executing 0x8007484
[State 0] Ex Block pc: 0x800748e lr:0x8008c29
[State 0] Inst Executing 0x800748e
[State 0] Ex Block pc: 0x800748e lr:0x8008c29
[State 0] Inst Executing 0x800748e
1 [State 0] uARCUS: hardware read pc 0x800748e addr 0x40004400 size 0x4 original 0x0 new 0x2
[State 0]  pc:0x800748e address:0x40004400 val:0x2 size:0x4 type:read
[State 0] Inst Executing 0x8007490
1 [State 0] uARCUS: hardware read pc 0x8007490 addr 0x40004414 size 0x4 original 0x0 new 0x0
[State 0]  pc:0x8007490 address:0x40004414 val:0x0 size:0x4 type:read
[State 0] Inst Executing 0x8007492
[State 0] Inst Executing 0x8007496
[State 0] Inst Executing 0x800749a
[State 0] Ex Block pc: 0x800749c lr:0x8008c29
[State 0] Inst Executing 0x800749c
[State 0] Ex Block pc: 0x80074a6 lr:0x8008c29
[State 0] Inst Executing 0x80074a6
[State 0] Ex Block pc: 0x80074a6 lr:0x8008c29
[State 0] Inst Executing 0x80074a6
1 [State 0] uARCUS: hardware read pc 0x80074a6 addr 0x40004400 size 0x4 original 0x0 new 0x4
[State 0]  pc:0x80074a6 address:0x40004400 val:0x4 size:0x4 type:read
[State 0] Inst Executing 0x80074a8
[State 0] Inst Executing 0x80074ac
[State 0] Ex Block pc: 0x80074ae lr:0x8008c29
[State 0] Inst Executing 0x80074ae
[State 0] Ex Block pc: 0x80074b8 lr:0x8008c29
[State 0] Inst Executing 0x80074b8
[State 0] Ex Block pc: 0x80074b8 lr:0x8008c29
[State 0] Inst Executing 0x80074b8
1 [State 0] uARCUS: hardware read pc 0x80074b8 addr 0x40004400 size 0x4 original 0x0 new 0x8
[State 0]  pc:0x80074b8 address:0x40004400 val:0x8 size:0x4 type:read
[State 0] Inst Executing 0x80074ba
[State 0] Inst Executing 0x80074be
[State 0] Ex Block pc: 0x80074c0 lr:0x8008c29
[State 0] Inst Executing 0x80074c0
[State 0] Ex Block pc: 0x80074ca lr:0x8008c29
[State 0] Inst Executing 0x80074ca
[State 0] Ex Block pc: 0x80074ca lr:0x8008c29
[State 0] Inst Executing 0x80074ca
1 [State 0] uARCUS: hardware read pc 0x80074ca addr 0x40004400 size 0x4 original 0x0 new 0x20
[State 0]  pc:0x80074ca address:0x40004400 val:0x20 size:0x4 type:read
[State 0] Inst Executing 0x80074cc
1 [State 0] uARCUS: hardware read pc 0x80074cc addr 0x4000440c size 0x4 original 0x0 new 0x20
[State 0]  pc:0x80074cc address:0x4000440c val:0x20 size:0x4 type:read
[State 0] Inst Executing 0x80074ce
[State 0] Inst Executing 0x80074d2
[State 0] Inst Executing 0x80074d6
[State 0] Ex Block pc: 0x80074d8 lr:0x8008c29
[State 0] Inst Executing 0x80074d8
[State 0] Ex Block pc: 0x8007506 lr:0x8008c29
[State 0] Inst Executing 0x8007506
[State 0] Inst Executing 0x8007508
[State 0] Ex Block pc: 0x80073b8 lr:0x800750d UART_Receive_IT
[State 0] Inst Executing 0x80073b8
[State 0]  pc:0x80073b8 address:0x20013fa8 val:0x20 size:0x4 type:write
[State 0]  pc:0x80073b8 address:0x20013fac val:0x800750d size:0x4 type:write
[State 0] Inst Executing 0x80073ba
[State 0]  pc:0x80073ba address:0x20000841 val:0x32 size:0x1 type:read
[State 0] Inst Executing 0x80073be
[State 0] Inst Executing 0x80073c0
[State 0] Inst Executing 0x80073c2
[State 0] Ex Block pc: 0x80073c4 lr:0x800750d
[State 0] Inst Executing 0x80073c4
[State 0] Inst Executing 0x80073c6
[State 0] Ex Block pc: 0x80073cc lr:0x800750d
[State 0] Inst Executing 0x80073cc
[State 0]  pc:0x80073cc address:0x20000810 val:0x0 size:0x4 type:read
[State 0] Inst Executing 0x80073ce
[State 0] Inst Executing 0x80073d2
[State 0] Ex Block pc: 0x80073d4 lr:0x800750d
[State 0] Inst Executing 0x80073d4
[State 0]  pc:0x80073d4 address:0x20000818 val:0x0 size:0x4 type:read
[State 0] Inst Executing 0x80073d6
[State 0] Inst Executing 0x80073d8
[State 0] Ex Block pc: 0x80073da lr:0x800750d
[State 0] Inst Executing 0x80073da
[State 0]  pc:0x80073da address:0x20000830 val:0x20000849 size:0x4 type:read
[State 0] Inst Executing 0x80073dc
[State 0] Inst Executing 0x80073de
[State 0]  pc:0x80073de address:0x20000830 val:0x2000084a size:0x4 type:write
[State 0] Inst Executing 0x80073e0
[State 0]  pc:0x80073e0 address:0x20000808 val:0x40004400 size:0x4 type:read
[State 0] Inst Executing 0x80073e2
[State 0] Ex Block pc: 0x80073e2 lr:0x800750d
[State 0] Inst Executing 0x80073e2
[State 0] user read pc 0x80073e2 addr 0x40004404 original 0x0 fuzzin 0x6c ptr 13
[State 0]  pc:0x80073e2 address:0x40004404 val:0x6c size:0x4 type:read
[State 0] Inst Executing 0x80073e4
[State 0]  pc:0x80073e4 address:0x20000849 val:0x6c size:0x1 type:write
[State 0] Inst Executing 0x80073e6
[State 0]  pc:0x80073e6 address:0x20000836 val:0x1 size:0x2 type:read
[State 0] Inst Executing 0x80073e8
[State 0] Inst Executing 0x80073ea
[State 0] Inst Executing 0x80073ec
[State 0]  pc:0x80073ec address:0x20000836 val:0x0 size:0x2 type:write
[State 0] Inst Executing 0x80073ee
[State 0] Inst Executing 0x80073f0
[State 0] Ex Block pc: 0x80073f2 lr:0x800750d
[State 0] Inst Executing 0x80073f2
[State 0]  pc:0x80073f2 address:0x20000808 val:0x40004400 size:0x4 type:read
[State 0] Inst Executing 0x80073f4
[State 0] Ex Block pc: 0x80073f4 lr:0x800750d
[State 0] Inst Executing 0x80073f4
1 [State 0] uARCUS: hardware read pc 0x80073f4 addr 0x4000440c size 0x4 original 0x0 new 0x0
[State 0]  pc:0x80073f4 address:0x4000440c val:0x0 size:0x4 type:read
[State 0] Inst Executing 0x80073f6
[State 0] Inst Executing 0x80073fa
[State 0]  pc:0x80073fa address:0x4000440c val:0x0 size:0x4 type:write
[State 0] Inst Executing 0x80073fc
[State 0]  pc:0x80073fc address:0x20000841 val:0x32 size:0x1 type:read
[State 0] Ex Block pc: 0x8007400 lr:0x800750d
[State 0] Inst Executing 0x8007400
[State 0] Inst Executing 0x8007402
[State 0] Inst Executing 0x8007404
[State 0] Ex Block pc: 0x8007462 lr:0x800750d
[State 0] Inst Executing 0x8007462
[State 0] Inst Executing 0x8007464
[State 0]  pc:0x8007464 address:0x20000841 val:0x12 size:0x1 type:write
[State 0] Inst Executing 0x8007468
[State 0] Ex Block pc: 0x8007420 lr:0x800750d
[State 0] Inst Executing 0x8007420
[State 0] Ex Block pc: 0x8008b50 lr:0x8007425 HAL_UART_RxCpltCallback
[State 0] Inst Executing 0x8008b50
[State 0]  pc:0x8008b50 address:0x20013fa0 val:0x12 size:0x4 type:write
[State 0]  pc:0x8008b50 address:0x20013fa4 val:0x8007425 size:0x4 type:write
[State 0] Inst Executing 0x8008b52
[State 0] Ex Block pc: 0x8008b2c lr:0x8008b57 uart_index
[State 0] Inst Executing 0x8008b2c
[State 0] Inst Executing 0x8008b2e
[State 0] Ex Block pc: 0x8008b30 lr:0x8008b57
[State 0] Inst Executing 0x8008b30
[State 0] Inst Executing 0x8008b32
[State 0] Inst Executing 0x8008b34
[State 0] Ex Block pc: 0x8008b36 lr:0x8008b57
[State 0] Inst Executing 0x8008b36
[State 0]  pc:0x8008b36 address:0x8008b4c val:0x200006d8 size:0x4 type:read
[State 0] Inst Executing 0x8008b38
[State 0]  pc:0x8008b38 address:0x200006d8 val:0x0 size:0x4 type:read
[State 0] Inst Executing 0x8008b3c
[State 0] Inst Executing 0x8008b3e
[State 0] Ex Block pc: 0x8008b40 lr:0x8008b57
[State 0] Inst Executing 0x8008b40
[State 0] Inst Executing 0x8008b42
[State 0] Inst Executing 0x8008b44
[State 0] Ex Block pc: 0x8008b32 lr:0x8008b57
[State 0] Inst Executing 0x8008b32
[State 0] Inst Executing 0x8008b34
[State 0] Ex Block pc: 0x8008b36 lr:0x8008b57
[State 0] Inst Executing 0x8008b36
[State 0]  pc:0x8008b36 address:0x8008b4c val:0x200006d8 size:0x4 type:read
[State 0] Inst Executing 0x8008b38
[State 0]  pc:0x8008b38 address:0x200006dc val:0x20000808 size:0x4 type:read
[State 0] Inst Executing 0x8008b3c
[State 0] Inst Executing 0x8008b3e
[State 0] Ex Block pc: 0x8008b4a lr:0x8008b57
[State 0] Inst Executing 0x8008b4a
[State 0] Ex Block pc: 0x8008b56 lr:0x8008b57
[State 0] Inst Executing 0x8008b56
[State 0] Inst Executing 0x8008b58
[State 0] Ex Block pc: 0x8008b5c lr:0x8008b57
[State 0] Inst Executing 0x8008b5c
[State 0]  pc:0x8008b5c address:0x8008b6c val:0x20000688 size:0x4 type:read
[State 0] Inst Executing 0x8008b5e
[State 0]  pc:0x8008b5e address:0x2000068c val:0x8009037 size:0x4 type:read
[State 0] Inst Executing 0x8008b62
[State 0]  pc:0x8008b62 address:0x8008b70 val:0x2000069c size:0x4 type:read
[State 0] Inst Executing 0x8008b64
[State 0]  pc:0x8008b64 address:0x200006a0 val:0x20000804 size:0x4 type:read
[State 0] Inst Executing 0x8008b68
[State 0] Ex Block pc: 0x8009036 lr:0x8008b6b HardwareSerial::_rx_complete_irq(serial_s*)
[State 0] Inst Executing 0x8009036
[State 0]  pc:0x8009036 address:0x20013f98 val:0x20000808 size:0x4 type:write
[State 0]  pc:0x8009036 address:0x20013f9c val:0x8008b6b size:0x4 type:write
[State 0] Inst Executing 0x8009038
[State 0] Inst Executing 0x800903a
[State 0] Inst Executing 0x800903c
[State 0] Inst Executing 0x8009040
[State 0] Ex Block pc: 0x8008a44 lr:0x8009045 uart_getc
[State 0] Inst Executing 0x8008a44
[State 0] Ex Block pc: 0x8008a46 lr:0x8009045
[State 0] Inst Executing 0x8008a46
[State 0]  pc:0x8008a46 address:0x20013f80 val:0x8009037 size:0x4 type:write
[State 0]  pc:0x8008a46 address:0x20013f84 val:0x20000804 size:0x4 type:write
[State 0]  pc:0x8008a46 address:0x20013f88 val:0x0 size:0x4 type:write
[State 0]  pc:0x8008a46 address:0x20013f8c val:0x8009045 size:0x4 type:write
[State 0] Inst Executing 0x8008a48
[State 0] Inst Executing 0x8008a4a
[State 0] Inst Executing 0x8008a4c
[State 0] Ex Block pc: 0x80089fc lr:0x8008a51 serial_rx_active
[State 0] Inst Executing 0x80089fc
[State 0]  pc:0x80089fc address:0x20013f78 val:0x8009037 size:0x4 type:write
[State 0]  pc:0x80089fc address:0x20013f7c val:0x8008a51 size:0x4 type:write
[State 0] Inst Executing 0x80089fe
[State 0]  pc:0x80089fe address:0x20000848 val:0x1 size:0x1 type:read
[State 0] Inst Executing 0x8008a02
[State 0]  pc:0x8008a02 address:0x8008a1c val:0x200006d8 size:0x4 type:read
[State 0] Inst Executing 0x8008a04
[State 0]  pc:0x8008a04 address:0x200006dc val:0x20000808 size:0x4 type:read
[State 0] Inst Executing 0x8008a08
[State 0] Ex Block pc: 0x8007538 lr:0x8008a0d HAL_UART_GetState
[State 0] Inst Executing 0x8007538
[State 0]  pc:0x8007538 address:0x20000841 val:0x12 size:0x1 type:read
[State 0] Inst Executing 0x800753c
[State 0] Ex Block pc: 0x8008a0c lr:0x8008a0d
[State 0] Inst Executing 0x8008a0c
[State 0] Inst Executing 0x8008a10
[State 0] Inst Executing 0x8008a12
[State 0] Inst Executing 0x8008a14
[State 0] Inst Executing 0x8008a16
[State 0] Inst Executing 0x8008a18
[State 0]  pc:0x8008a18 address:0x20013f78 val:0x8009037 size:0x4 type:read
[State 0]  pc:0x8008a18 address:0x20013f7c val:0x8008a51 size:0x4 type:read
[State 0] Ex Block pc: 0x8008a50 lr:0x8008a0d
[State 0] Inst Executing 0x8008a50
[State 0] Ex Block pc: 0x8008a52 lr:0x8008a0d
[State 0] Inst Executing 0x8008a52
[State 0]  pc:0x8008a52 address:0x20000849 val:0x6c size:0x1 type:read
[State 0] Inst Executing 0x8008a56
[State 0]  pc:0x8008a56 address:0x20013f97 val:0x6c size:0x1 type:write
[State 0] Inst Executing 0x8008a58
[State 0]  pc:0x8008a58 address:0x20000848 val:0x1 size:0x1 type:read
[State 0] Inst Executing 0x8008a5c
[State 0] Inst Executing 0x8008a5e
[State 0] Inst Executing 0x8008a62
[State 0]  pc:0x8008a62 address:0x8008a7c val:0x200006d8 size:0x4 type:read
[State 0] Inst Executing 0x8008a64
[State 0]  pc:0x8008a64 address:0x200006dc val:0x20000808 size:0x4 type:read
[State 0] Inst Executing 0x8008a68
[State 0] Ex Block pc: 0x8007312 lr:0x8008a6d HAL_UART_Receive_IT
[State 0] Inst Executing 0x8007312
[State 0]  pc:0x8007312 address:0x20000841 val:0x12 size:0x1 type:read
[State 0] Inst Executing 0x8007316
[State 0] Inst Executing 0x8007318
[State 0] Inst Executing 0x800731a
[State 0] Ex Block pc: 0x800731c lr:0x8008a6d
[State 0] Inst Executing 0x800731c
[State 0] Inst Executing 0x800731e
[State 0] Ex Block pc: 0x8007324 lr:0x8008a6d
[State 0] Inst Executing 0x8007324
[State 0] Ex Block pc: 0x8007326 lr:0x8008a6d
[State 0] Inst Executing 0x8007326
[State 0] Ex Block pc: 0x8007328 lr:0x8008a6d
[State 0] Inst Executing 0x8007328
[State 0]  pc:0x8007328 address:0x20000840 val:0x0 size:0x1 type:read
[State 0] Inst Executing 0x800732c
[State 0] Inst Executing 0x800732e
[State 0] Ex Block pc: 0x8007330 lr:0x8008a6d
[State 0] Inst Executing 0x8007330
[State 0] Inst Executing 0x8007332
[State 0]  pc:0x8007332 address:0x20000840 val:0x1 size:0x1 type:write
[State 0] Inst Executing 0x8007336
[State 0]  pc:0x8007336 address:0x20000830 val:0x20000849 size:0x4 type:write
[State 0] Inst Executing 0x8007338
[State 0]  pc:0x8007338 address:0x20000834 val:0x1 size:0x2 type:write
[State 0] Inst Executing 0x800733a
[State 0]  pc:0x800733a address:0x20000836 val:0x1 size:0x2 type:write
[State 0] Inst Executing 0x800733c
[State 0] Inst Executing 0x800733e
[State 0]  pc:0x800733e address:0x20000844 val:0x0 size:0x4 type:write
[State 0] Inst Executing 0x8007340
[State 0]  pc:0x8007340 address:0x20000841 val:0x12 size:0x1 type:read
[State 0] Inst Executing 0x8007344
[State 0] Inst Executing 0x8007346
[State 0] Inst Executing 0x8007348
[State 0] Ex Block pc: 0x8007378 lr:0x8008a6d
[State 0] Inst Executing 0x8007378
[State 0] Inst Executing 0x800737a
[State 0]  pc:0x800737a address:0x20000841 val:0x32 size:0x1 type:write
[State 0] Inst Executing 0x800737e
[State 0] Ex Block pc: 0x8007350 lr:0x8008a6d
[State 0] Inst Executing 0x8007350
[State 0] Inst Executing 0x8007352
[State 0]  pc:0x8007352 address:0x20000840 val:0x0 size:0x1 type:write
[State 0] Inst Executing 0x8007356
[State 0]  pc:0x8007356 address:0x20000808 val:0x40004400 size:0x4 type:read
[State 0] Inst Executing 0x8007358
[State 0] Ex Block pc: 0x8007358 lr:0x8008a6d
[State 0] Inst Executing 0x8007358
1 [State 0] uARCUS: hardware read pc 0x8007358 addr 0x4000440c size 0x4 original 0x0 new 0x0
[State 0]  pc:0x8007358 address:0x4000440c val:0x0 size:0x4 type:read
[State 0] Inst Executing 0x800735a
[State 0] Inst Executing 0x800735e
[State 0]  pc:0x800735e address:0x4000440c val:0x100 size:0x4 type:write
[State 0] Inst Executing 0x8007360
[State 0]  pc:0x8007360 address:0x20000808 val:0x40004400 size:0x4 type:read
[State 0] Inst Executing 0x8007362
1 [State 0] uARCUS: hardware read pc 0x8007362 addr 0x40004414 size 0x4 original 0x0 new 0x0
[State 0]  pc:0x8007362 address:0x40004414 val:0x0 size:0x4 type:read
[State 0] Inst Executing 0x8007364
[State 0] Inst Executing 0x8007368
[State 0]  pc:0x8007368 address:0x40004414 val:0x1 size:0x4 type:write
[State 0] Inst Executing 0x800736a
[State 0]  pc:0x800736a address:0x20000808 val:0x40004400 size:0x4 type:read
[State 0] Inst Executing 0x800736c
1 [State 0] uARCUS: hardware read pc 0x800736c addr 0x4000440c size 0x4 original 0x0 new 0x0
[State 0]  pc:0x800736c address:0x4000440c val:0x0 size:0x4 type:read
[State 0] Inst Executing 0x800736e
[State 0] Inst Executing 0x8007372
[State 0]  pc:0x8007372 address:0x4000440c val:0x20 size:0x4 type:write
[State 0] Inst Executing 0x8007374
[State 0] Inst Executing 0x8007376
[State 0] Ex Block pc: 0x8008a6c lr:0x8008a6d
[State 0] Inst Executing 0x8008a6c
[State 0] Inst Executing 0x8008a6e
[State 0]  pc:0x8008a6e address:0x20013f80 val:0x8009037 size:0x4 type:read
[State 0]  pc:0x8008a6e address:0x20013f84 val:0x20000804 size:0x4 type:read
[State 0]  pc:0x8008a6e address:0x20013f88 val:0x0 size:0x4 type:read
[State 0]  pc:0x8008a6e address:0x20013f8c val:0x8009045 size:0x4 type:read
[State 0] Ex Block pc: 0x8009044 lr:0x8008a6d
[State 0] Inst Executing 0x8009044
[State 0] Ex Block pc: 0x8009046 lr:0x8008a6d
[State 0] Inst Executing 0x8009046
[State 0]  pc:0x8009046 address:0x20000864 val:0xd size:0x2 type:read
[State 0] Inst Executing 0x800904a
[State 0] Inst Executing 0x800904c
[State 0] Inst Executing 0x800904e
[State 0] Inst Executing 0x8009052
[State 0]  pc:0x8009052 address:0x20000866 val:0xd size:0x2 type:read
[State 0] Inst Executing 0x8009056
[State 0] Inst Executing 0x8009058
[State 0] Ex Block pc: 0x800905a lr:0x8008a6d
[State 0] Inst Executing 0x800905a
[State 0]  pc:0x800905a address:0x20000860 val:0x20000741 size:0x4 type:read
[State 0] Inst Executing 0x800905c
[State 0]  pc:0x800905c address:0x20000864 val:0xd size:0x2 type:read
[State 0] Inst Executing 0x8009060
[State 0] Inst Executing 0x8009062
[State 0]  pc:0x8009062 address:0x20013f97 val:0x6c size:0x1 type:read
[State 0] Inst Executing 0x8009066
[State 0]  pc:0x8009066 address:0x2000074e val:0x6c size:0x1 type:write
[State 0] Inst Executing 0x8009068
[State 0] Inst Executing 0x800906a
[State 0]  pc:0x800906a address:0x20000864 val:0xe size:0x2 type:write
[State 0] Inst Executing 0x800906e
[State 0] Inst Executing 0x8009070
[State 0]  pc:0x8009070 address:0x20013f98 val:0x20000808 size:0x4 type:read
[State 0]  pc:0x8009070 address:0x20013f9c val:0x8008b6b size:0x4 type:read
[State 0] Ex Block pc: 0x8008b6a lr:0x8008a6d
[State 0] Inst Executing 0x8008b6a
[State 0] Ex Block pc: 0x8008b5a lr:0x8008a6d
[State 0] Inst Executing 0x8008b5a
[State 0]  pc:0x8008b5a address:0x20013fa0 val:0x12 size:0x4 type:read
[State 0]  pc:0x8008b5a address:0x20013fa4 val:0x8007425 size:0x4 type:read
[State 0] Ex Block pc: 0x8007424 lr:0x8008a6d
[State 0] Inst Executing 0x8007424
[State 0] Inst Executing 0x8007426
[State 0]  pc:0x8007426 address:0x20013fa8 val:0x20 size:0x4 type:read
[State 0]  pc:0x8007426 address:0x20013fac val:0x800750d size:0x4 type:read
[State 0] Ex Block pc: 0x800750c lr:0x8008a6d
[State 0] Inst Executing 0x800750c
[State 0] Ex Block pc: 0x80074da lr:0x8008a6d
[State 0] Inst Executing 0x80074da
[State 0]  pc:0x80074da address:0x20000808 val:0x40004400 size:0x4 type:read
[State 0] Inst Executing 0x80074dc
[State 0] Ex Block pc: 0x80074dc lr:0x8008a6d
[State 0] Inst Executing 0x80074dc
1 [State 0] uARCUS: hardware read pc 0x80074dc addr 0x40004400 size 0x4 original 0x0 new 0x0
[State 0]  pc:0x80074dc address:0x40004400 val:0x0 size:0x4 type:read
[State 0] Inst Executing 0x80074de
1 [State 0] uARCUS: hardware read pc 0x80074de addr 0x4000440c size 0x4 original 0x0 new 0x0
[State 0]  pc:0x80074de address:0x4000440c val:0x0 size:0x4 type:read
[State 0] Inst Executing 0x80074e0
[State 0] Inst Executing 0x80074e4
[State 0] Inst Executing 0x80074e8
[State 0] Ex Block pc: 0x80074ec lr:0x8008a6d
[State 0] Inst Executing 0x80074ec
[State 0]  pc:0x80074ec address:0x20000808 val:0x40004400 size:0x4 type:read
[State 0] Inst Executing 0x80074ee
[State 0] Ex Block pc: 0x80074ee lr:0x8008a6d
[State 0] Inst Executing 0x80074ee
1 [State 0] uARCUS: hardware read pc 0x80074ee addr 0x40004400 size 0x4 original 0x0 new 0x0
[State 0]  pc:0x80074ee address:0x40004400 val:0x0 size:0x4 type:read
[State 0] Inst Executing 0x80074f0
1 [State 0] uARCUS: hardware read pc 0x80074f0 addr 0x4000440c size 0x4 original 0x0 new 0x0
[State 0]  pc:0x80074f0 address:0x4000440c val:0x0 size:0x4 type:read
[State 0] Inst Executing 0x80074f2
[State 0] Inst Executing 0x80074f6
[State 0] Inst Executing 0x80074fa
[State 0] Ex Block pc: 0x80074fe lr:0x8008a6d
[State 0] Inst Executing 0x80074fe
[State 0]  pc:0x80074fe address:0x20000844 val:0x0 size:0x4 type:read
[State 0] Inst Executing 0x8007500
[State 0] Ex Block pc: 0x8007502 lr:0x8008a6d
[State 0] Inst Executing 0x8007502
[State 0] Inst Executing 0x8007504
[State 0]  pc:0x8007504 address:0x20013fb8 val:0x0 size:0x4 type:read
[State 0]  pc:0x8007504 address:0x20013fbc val:0x8008c29 size:0x4 type:read
[State 0] Ex Block pc: 0x8008c28 lr:0x8008a6d
[State 0] Inst Executing 0x8008c28
[State 0]  pc:0x8008c28 address:0x20013fc0 val:0x2 size:0x4 type:read
[State 0]  pc:0x8008c28 address:0x20013fc4 val:0xfffffff9 size:0x4 type:read
[State 0] onException pc: 0xfffffff8 vec: 54
1 [State 0] uARCUS: onException exit, irq_no: 54
[State 0] Ex Block pc: 0x800369c lr:0x8002ad7 firmata::FirmataClass::available()
[State 0] Inst Executing 0x800369c
[State 0]  pc:0x800369c address:0x20013fe0 val:0x2 size:0x4 type:write
[State 0]  pc:0x800369c address:0x20013fe4 val:0x8002ad7 size:0x4 type:write
[State 0] Inst Executing 0x800369e
[State 0]  pc:0x800369e address:0x20000490 val:0x20000730 size:0x4 type:read
[State 0] Inst Executing 0x80036a2
[State 0]  pc:0x80036a2 address:0x20000730 val:0x800afd0 size:0x4 type:read
[State 0] Inst Executing 0x80036a4
[State 0]  pc:0x80036a4 address:0x800afd8 val:0x8008fcb size:0x4 type:read
[State 0] Inst Executing 0x80036a6
[State 0] Ex Block pc: 0x8008fca lr:0x80036a9 HardwareSerial::available()
[State 0] Inst Executing 0x8008fca
[State 0]  pc:0x8008fca address:0x20000864 val:0xe size:0x2 type:read
[State 0] Inst Executing 0x8008fce
[State 0] Inst Executing 0x8008fd0
[State 0] Inst Executing 0x8008fd2
[State 0]  pc:0x8008fd2 address:0x20000866 val:0xd size:0x2 type:read
[State 0] Inst Executing 0x8008fd6
[State 0] Inst Executing 0x8008fd8
[State 0] Inst Executing 0x8008fdc
[State 0] Ex Block pc: 0x80036a8 lr:0x80036a9
[State 0] Inst Executing 0x80036a8
[State 0]  pc:0x80036a8 address:0x20013fe0 val:0x2 size:0x4 type:read
[State 0]  pc:0x80036a8 address:0x20013fe4 val:0x8002ad7 size:0x4 type:read
[State 0] Ex Block pc: 0x8002ad6 lr:0x80036a9
[State 0] Inst Executing 0x8002ad6
[State 0] Ex Block pc: 0x8002ad8 lr:0x80036a9
[State 0] Inst Executing 0x8002ad8
[State 0]  pc:0x8002ad8 address:0x8002bb4 val:0x200003d0 size:0x4 type:read
[State 0] Inst Executing 0x8002ada
[State 0] Ex Block pc: 0x80036aa lr:0x8002adf firmata::FirmataClass::processInput()
[State 0] Inst Executing 0x80036aa
[State 0]  pc:0x80036aa address:0x20013fe0 val:0x0 size:0x4 type:write
[State 0]  pc:0x80036aa address:0x20013fe4 val:0x8002adf size:0x4 type:write
[State 0] Inst Executing 0x80036ac
[State 0] Inst Executing 0x80036ae
[State 0]  pc:0x80036ae address:0x20000490 val:0x20000730 size:0x4 type:read
[State 0] Inst Executing 0x80036b2
[State 0]  pc:0x80036b2 address:0x20000730 val:0x800afd0 size:0x4 type:read
[State 0] Inst Executing 0x80036b4
[State 0]  pc:0x80036b4 address:0x800afdc val:0x8008ffb size:0x4 type:read
[State 0] Inst Executing 0x80036b6
[State 0] Ex Block pc: 0x8008ffa lr:0x80036b9 HardwareSerial::read()
[State 0] Inst Executing 0x8008ffa
[State 0]  pc:0x8008ffa address:0x20000864 val:0xe size:0x2 type:read
[State 0] Inst Executing 0x8008ffe
[State 0] Ex Block pc: 0x8009000 lr:0x80036b9
[State 0] Inst Executing 0x8009000
[State 0]  pc:0x8009000 address:0x20000866 val:0xd size:0x2 type:read
[State 0] Inst Executing 0x8009004
[State 0] Inst Executing 0x8009006
[State 0] Ex Block pc: 0x8009008 lr:0x80036b9
[State 0] Inst Executing 0x8009008
[State 0]  pc:0x8009008 address:0x20000860 val:0x20000741 size:0x4 type:read
[State 0] Inst Executing 0x800900c
[State 0]  pc:0x800900c address:0x2000074e val:0x6c size:0x1 type:read
[State 0] Inst Executing 0x800900e
[State 0] Inst Executing 0x8009010
[State 0] Inst Executing 0x8009014
[State 0]  pc:0x8009014 address:0x20000866 val:0xe size:0x2 type:write
[State 0] Inst Executing 0x8009018
[State 0] Inst Executing 0x800901a
[State 0] Ex Block pc: 0x80036b8 lr:0x80036b9
[State 0] Inst Executing 0x80036b8
[State 0] Inst Executing 0x80036bc
[State 0] Ex Block pc: 0x80036be lr:0x80036b9
[State 0] Inst Executing 0x80036be
[State 0] Inst Executing 0x80036c0
[State 0] Inst Executing 0x80036c4
[State 0] Ex Block pc: 0x8003c50 lr:0x80036c9 firmata::FirmataParser::parse(unsigned
[State 0] Inst Executing 0x8003c50
[State 0]  pc:0x8003c50 address:0x20013fd8 val:0x200003d0 size:0x4 type:write
[State 0]  pc:0x8003c50 address:0x20013fdc val:0x80036c9 size:0x4 type:write
[State 0] Inst Executing 0x8003c52
[State 0] Inst Executing 0x8003c54
[State 0]  pc:0x8003c54 address:0x20000428 val:0x0 size:0x1 type:read
[State 0] Inst Executing 0x8003c56
[State 0] Ex Block pc: 0x8003c74 lr:0x80036c9
[State 0] Inst Executing 0x8003c74
[State 0]  pc:0x8003c74 address:0x20000424 val:0x2 size:0x4 type:read
[State 0] Inst Executing 0x8003c76
[State 0] Ex Block pc: 0x8003c78 lr:0x80036c9
[State 0] Inst Executing 0x8003c78
[State 0] Inst Executing 0x8003c7a
[State 0] Ex Block pc: 0x8003ca2 lr:0x80036c9
[State 0] Inst Executing 0x8003ca2
[State 0] Inst Executing 0x8003ca4
[State 0]  pc:0x8003ca4 address:0x20000424 val:0x1 size:0x4 type:write
[State 0] Inst Executing 0x8003ca6
[State 0] Ex Block pc: 0x8003b52 lr:0x8003cab firmata::FirmataParser::bufferDataAtPosition(unsigned
[State 0] Inst Executing 0x8003b52
[State 0]  pc:0x8003b52 address:0x20013fc8 val:0x20000414 size:0x4 type:write
[State 0]  pc:0x8003b52 address:0x20013fcc val:0x0 size:0x4 type:write
[State 0]  pc:0x8003b52 address:0x20013fd0 val:0x0 size:0x4 type:write
[State 0]  pc:0x8003b52 address:0x20013fd4 val:0x8003cab size:0x4 type:write
[State 0] Inst Executing 0x8003b54
[State 0] Inst Executing 0x8003b56
[State 0] Inst Executing 0x8003b58
[State 0] Inst Executing 0x8003b5a
[State 0]  pc:0x8003b5a address:0x2000041c val:0x40 size:0x4 type:read
[State 0] Inst Executing 0x8003b5c
[State 0] Inst Executing 0x8003b5e
[State 0] Inst Executing 0x8003b60
[State 0] Inst Executing 0x8003b62
[State 0] Inst Executing 0x8003b64
[State 0] Ex Block pc: 0x8003b7c lr:0x8003cab
[State 0] Inst Executing 0x8003b7c
[State 0] Ex Block pc: 0x8003b7e lr:0x8003cab
[State 0] Inst Executing 0x8003b7e
[State 0]  pc:0x8003b7e address:0x20000418 val:0x200003d0 size:0x4 type:read
[State 0] Inst Executing 0x8003b80
[State 0]  pc:0x8003b80 address:0x200003d1 val:0x6c size:0x1 type:write
[State 0] Inst Executing 0x8003b82
[State 0]  pc:0x8003b82 address:0x20013fc8 val:0x20000414 size:0x4 type:read
[State 0]  pc:0x8003b82 address:0x20013fcc val:0x0 size:0x4 type:read
[State 0]  pc:0x8003b82 address:0x20013fd0 val:0x0 size:0x4 type:read
[State 0]  pc:0x8003b82 address:0x20013fd4 val:0x8003cab size:0x4 type:read
[State 0] Ex Block pc: 0x8003caa lr:0x8003cab
[State 0] Inst Executing 0x8003caa
[State 0]  pc:0x8003caa address:0x20000424 val:0x1 size:0x4 type:read
[State 0] Inst Executing 0x8003cac
[State 0] Inst Executing 0x8003cae
[State 0] Ex Block pc: 0x8003d92 lr:0x8003cab
[State 0] Inst Executing 0x8003d92
[State 0]  pc:0x8003d92 address:0x20013fd8 val:0x200003d0 size:0x4 type:read
[State 0]  pc:0x8003d92 address:0x20013fdc val:0x80036c9 size:0x4 type:read
[State 0] Ex Block pc: 0x80036c8 lr:0x8003cab
[State 0] Inst Executing 0x80036c8
[State 0]  pc:0x80036c8 address:0x20013fe0 val:0x0 size:0x4 type:read
[State 0]  pc:0x80036c8 address:0x20013fe4 val:0x8002adf size:0x4 type:read
[State 0] Ex Block pc: 0x8002ade lr:0x8003cab
[State 0] Inst Executing 0x8002ade
[State 0] Ex Block pc: 0x8002ad0 lr:0x8003cab
[State 0] Inst Executing 0x8002ad0
1 [State 0] uARCUS: External Interrupt:38
1 [State 0] uARCUS: test interrupt_flag 0 request:0 halted: 0 excp_idx: -1
orig vec_enabled: 1
[State 0]  pc:0x8002ad0 address:0x8002bb4 val:0x200003d0 size:0x4 type:read
[State 0] Inst Executing 0x8002ad2
[State 0] onException pc: 0x800369c vec: 0
[State 0] Ex Block pc: 0x8008c18 lr:0xfffffff9 USART2_IRQHandler
[State 0] Inst Executing 0x8008c18
[State 0]  pc:0x8008c18 address:0x20013fc0 val:0x1 size:0x4 type:write
[State 0]  pc:0x8008c18 address:0x20013fc4 val:0xfffffff9 size:0x4 type:write
[State 0] Inst Executing 0x8008c1a
[State 0] Inst Executing 0x8008c1c
[State 0] Ex Block pc: 0x80046bc lr:0x8008c21 HAL_NVIC_ClearPendingIRQ
[State 0] Inst Executing 0x80046bc
[State 0] Inst Executing 0x80046be
[State 0] Ex Block pc: 0x80046c0 lr:0x8008c21
[State 0] Inst Executing 0x80046c0
[State 0] Inst Executing 0x80046c2
[State 0] Inst Executing 0x80046c6
[State 0] Inst Executing 0x80046c8
[State 0] Inst Executing 0x80046cc
[State 0] Inst Executing 0x80046ce
[State 0]  pc:0x80046ce address:0x80046d8 val:0xe000e100 size:0x4 type:read
[State 0] Inst Executing 0x80046d0
[State 0]  pc:0x80046d0 address:0xe000e284 val:0x40 size:0x4 type:write
[State 0] Inst Executing 0x80046d4
[State 0] Ex Block pc: 0x8008c20 lr:0x8008c21
[State 0] Inst Executing 0x8008c20
[State 0]  pc:0x8008c20 address:0x8008c2c val:0x200006d8 size:0x4 type:read
[State 0] Inst Executing 0x8008c22
[State 0]  pc:0x8008c22 address:0x200006dc val:0x20000808 size:0x4 type:read
[State 0] Inst Executing 0x8008c24
[State 0] Ex Block pc: 0x800746e lr:0x8008c29 HAL_UART_IRQHandler
[State 0] Inst Executing 0x800746e
[State 0]  pc:0x800746e address:0x20013fb8 val:0x0 size:0x4 type:write
[State 0]  pc:0x800746e address:0x20013fbc val:0x8008c29 size:0x4 type:write
[State 0] Inst Executing 0x8007470
[State 0] Inst Executing 0x8007472
[State 0] Inst Executing 0x8007474
[State 0]  pc:0x8007474 address:0x20000808 val:0x40004400 size:0x4 type:read
[State 0] Inst Executing 0x8007476
[State 0] Ex Block pc: 0x8007476 lr:0x8008c29
[State 0] Inst Executing 0x8007476
1 [State 0] uARCUS: hardware read pc 0x8007476 addr 0x40004400 size 0x4 original 0x0 new 0x1
[State 0]  pc:0x8007476 address:0x40004400 val:0x1 size:0x4 type:read
[State 0] Inst Executing 0x8007478
1 [State 0] uARCUS: hardware read pc 0x8007478 addr 0x4000440c size 0x4 original 0x0 new 0x0
[State 0]  pc:0x8007478 address:0x4000440c val:0x0 size:0x4 type:read
[State 0] Inst Executing 0x800747a
[State 0] Inst Executing 0x800747e
[State 0] Ex Block pc: 0x8007480 lr:0x8008c29
[State 0] Inst Executing 0x8007480
[State 0] Inst Executing 0x8007484
[State 0] Ex Block pc: 0x800748e lr:0x8008c29
[State 0] Inst Executing 0x800748e
[State 0] Ex Block pc: 0x800748e lr:0x8008c29
[State 0] Inst Executing 0x800748e
1 [State 0] uARCUS: hardware read pc 0x800748e addr 0x40004400 size 0x4 original 0x0 new 0x2
[State 0]  pc:0x800748e address:0x40004400 val:0x2 size:0x4 type:read
[State 0] Inst Executing 0x8007490
1 [State 0] uARCUS: hardware read pc 0x8007490 addr 0x40004414 size 0x4 original 0x0 new 0x0
[State 0]  pc:0x8007490 address:0x40004414 val:0x0 size:0x4 type:read
[State 0] Inst Executing 0x8007492
[State 0] Inst Executing 0x8007496
[State 0] Inst Executing 0x800749a
[State 0] Ex Block pc: 0x800749c lr:0x8008c29
[State 0] Inst Executing 0x800749c
[State 0] Ex Block pc: 0x80074a6 lr:0x8008c29
[State 0] Inst Executing 0x80074a6
[State 0] Ex Block pc: 0x80074a6 lr:0x8008c29
[State 0] Inst Executing 0x80074a6
1 [State 0] uARCUS: hardware read pc 0x80074a6 addr 0x40004400 size 0x4 original 0x0 new 0x4
[State 0]  pc:0x80074a6 address:0x40004400 val:0x4 size:0x4 type:read
[State 0] Inst Executing 0x80074a8
[State 0] Inst Executing 0x80074ac
[State 0] Ex Block pc: 0x80074ae lr:0x8008c29
[State 0] Inst Executing 0x80074ae
[State 0] Ex Block pc: 0x80074b8 lr:0x8008c29
[State 0] Inst Executing 0x80074b8
[State 0] Ex Block pc: 0x80074b8 lr:0x8008c29
[State 0] Inst Executing 0x80074b8
1 [State 0] uARCUS: hardware read pc 0x80074b8 addr 0x40004400 size 0x4 original 0x0 new 0x8
[State 0]  pc:0x80074b8 address:0x40004400 val:0x8 size:0x4 type:read
[State 0] Inst Executing 0x80074ba
[State 0] Inst Executing 0x80074be
[State 0] Ex Block pc: 0x80074c0 lr:0x8008c29
[State 0] Inst Executing 0x80074c0
[State 0] Ex Block pc: 0x80074ca lr:0x8008c29
[State 0] Inst Executing 0x80074ca
[State 0] Ex Block pc: 0x80074ca lr:0x8008c29
[State 0] Inst Executing 0x80074ca
1 [State 0] uARCUS: hardware read pc 0x80074ca addr 0x40004400 size 0x4 original 0x0 new 0x20
[State 0]  pc:0x80074ca address:0x40004400 val:0x20 size:0x4 type:read
[State 0] Inst Executing 0x80074cc
1 [State 0] uARCUS: hardware read pc 0x80074cc addr 0x4000440c size 0x4 original 0x0 new 0x20
[State 0]  pc:0x80074cc address:0x4000440c val:0x20 size:0x4 type:read
[State 0] Inst Executing 0x80074ce
[State 0] Inst Executing 0x80074d2
[State 0] Inst Executing 0x80074d6
[State 0] Ex Block pc: 0x80074d8 lr:0x8008c29
[State 0] Inst Executing 0x80074d8
[State 0] Ex Block pc: 0x8007506 lr:0x8008c29
[State 0] Inst Executing 0x8007506
[State 0] Inst Executing 0x8007508
[State 0] Ex Block pc: 0x80073b8 lr:0x800750d UART_Receive_IT
[State 0] Inst Executing 0x80073b8
[State 0]  pc:0x80073b8 address:0x20013fa8 val:0x20 size:0x4 type:write
[State 0]  pc:0x80073b8 address:0x20013fac val:0x800750d size:0x4 type:write
[State 0] Inst Executing 0x80073ba
[State 0]  pc:0x80073ba address:0x20000841 val:0x32 size:0x1 type:read
[State 0] Inst Executing 0x80073be
[State 0] Inst Executing 0x80073c0
[State 0] Inst Executing 0x80073c2
[State 0] Ex Block pc: 0x80073c4 lr:0x800750d
[State 0] Inst Executing 0x80073c4
[State 0] Inst Executing 0x80073c6
[State 0] Ex Block pc: 0x80073cc lr:0x800750d
[State 0] Inst Executing 0x80073cc
[State 0]  pc:0x80073cc address:0x20000810 val:0x0 size:0x4 type:read
[State 0] Inst Executing 0x80073ce
[State 0] Inst Executing 0x80073d2
[State 0] Ex Block pc: 0x80073d4 lr:0x800750d
[State 0] Inst Executing 0x80073d4
[State 0]  pc:0x80073d4 address:0x20000818 val:0x0 size:0x4 type:read
[State 0] Inst Executing 0x80073d6
[State 0] Inst Executing 0x80073d8
[State 0] Ex Block pc: 0x80073da lr:0x800750d
[State 0] Inst Executing 0x80073da
[State 0]  pc:0x80073da address:0x20000830 val:0x20000849 size:0x4 type:read
[State 0] Inst Executing 0x80073dc
[State 0] Inst Executing 0x80073de
[State 0]  pc:0x80073de address:0x20000830 val:0x2000084a size:0x4 type:write
[State 0] Inst Executing 0x80073e0
[State 0]  pc:0x80073e0 address:0x20000808 val:0x40004400 size:0x4 type:read
[State 0] Inst Executing 0x80073e2
[State 0] Ex Block pc: 0x80073e2 lr:0x800750d
[State 0] Inst Executing 0x80073e2
[State 0] user read pc 0x80073e2 addr 0x40004404 original 0x0 fuzzin 0x21 ptr 14
[State 0]  pc:0x80073e2 address:0x40004404 val:0x21 size:0x4 type:read
[State 0] Inst Executing 0x80073e4
[State 0]  pc:0x80073e4 address:0x20000849 val:0x21 size:0x1 type:write
[State 0] Inst Executing 0x80073e6
[State 0]  pc:0x80073e6 address:0x20000836 val:0x1 size:0x2 type:read
[State 0] Inst Executing 0x80073e8
[State 0] Inst Executing 0x80073ea
[State 0] Inst Executing 0x80073ec
[State 0]  pc:0x80073ec address:0x20000836 val:0x0 size:0x2 type:write
[State 0] Inst Executing 0x80073ee
[State 0] Inst Executing 0x80073f0
[State 0] Ex Block pc: 0x80073f2 lr:0x800750d
[State 0] Inst Executing 0x80073f2
[State 0]  pc:0x80073f2 address:0x20000808 val:0x40004400 size:0x4 type:read
[State 0] Inst Executing 0x80073f4
[State 0] Ex Block pc: 0x80073f4 lr:0x800750d
[State 0] Inst Executing 0x80073f4
1 [State 0] uARCUS: hardware read pc 0x80073f4 addr 0x4000440c size 0x4 original 0x0 new 0x0
[State 0]  pc:0x80073f4 address:0x4000440c val:0x0 size:0x4 type:read
[State 0] Inst Executing 0x80073f6
[State 0] Inst Executing 0x80073fa
[State 0]  pc:0x80073fa address:0x4000440c val:0x0 size:0x4 type:write
[State 0] Inst Executing 0x80073fc
[State 0]  pc:0x80073fc address:0x20000841 val:0x32 size:0x1 type:read
[State 0] Ex Block pc: 0x8007400 lr:0x800750d
[State 0] Inst Executing 0x8007400
[State 0] Inst Executing 0x8007402
[State 0] Inst Executing 0x8007404
[State 0] Ex Block pc: 0x8007462 lr:0x800750d
[State 0] Inst Executing 0x8007462
[State 0] Inst Executing 0x8007464
[State 0]  pc:0x8007464 address:0x20000841 val:0x12 size:0x1 type:write
[State 0] Inst Executing 0x8007468
[State 0] Ex Block pc: 0x8007420 lr:0x800750d
[State 0] Inst Executing 0x8007420
[State 0] Ex Block pc: 0x8008b50 lr:0x8007425 HAL_UART_RxCpltCallback
[State 0] Inst Executing 0x8008b50
[State 0]  pc:0x8008b50 address:0x20013fa0 val:0x12 size:0x4 type:write
[State 0]  pc:0x8008b50 address:0x20013fa4 val:0x8007425 size:0x4 type:write
[State 0] Inst Executing 0x8008b52
[State 0] Ex Block pc: 0x8008b2c lr:0x8008b57 uart_index
[State 0] Inst Executing 0x8008b2c
[State 0] Inst Executing 0x8008b2e
[State 0] Ex Block pc: 0x8008b30 lr:0x8008b57
[State 0] Inst Executing 0x8008b30
[State 0] Inst Executing 0x8008b32
[State 0] Inst Executing 0x8008b34
[State 0] Ex Block pc: 0x8008b36 lr:0x8008b57
[State 0] Inst Executing 0x8008b36
[State 0]  pc:0x8008b36 address:0x8008b4c val:0x200006d8 size:0x4 type:read
[State 0] Inst Executing 0x8008b38
[State 0]  pc:0x8008b38 address:0x200006d8 val:0x0 size:0x4 type:read
[State 0] Inst Executing 0x8008b3c
[State 0] Inst Executing 0x8008b3e
[State 0] Ex Block pc: 0x8008b40 lr:0x8008b57
[State 0] Inst Executing 0x8008b40
[State 0] Inst Executing 0x8008b42
[State 0] Inst Executing 0x8008b44
[State 0] Ex Block pc: 0x8008b32 lr:0x8008b57
[State 0] Inst Executing 0x8008b32
[State 0] Inst Executing 0x8008b34
[State 0] Ex Block pc: 0x8008b36 lr:0x8008b57
[State 0] Inst Executing 0x8008b36
[State 0]  pc:0x8008b36 address:0x8008b4c val:0x200006d8 size:0x4 type:read
[State 0] Inst Executing 0x8008b38
[State 0]  pc:0x8008b38 address:0x200006dc val:0x20000808 size:0x4 type:read
[State 0] Inst Executing 0x8008b3c
[State 0] Inst Executing 0x8008b3e
[State 0] Ex Block pc: 0x8008b4a lr:0x8008b57
[State 0] Inst Executing 0x8008b4a
[State 0] Ex Block pc: 0x8008b56 lr:0x8008b57
[State 0] Inst Executing 0x8008b56
[State 0] Inst Executing 0x8008b58
[State 0] Ex Block pc: 0x8008b5c lr:0x8008b57
[State 0] Inst Executing 0x8008b5c
[State 0]  pc:0x8008b5c address:0x8008b6c val:0x20000688 size:0x4 type:read
[State 0] Inst Executing 0x8008b5e
[State 0]  pc:0x8008b5e address:0x2000068c val:0x8009037 size:0x4 type:read
[State 0] Inst Executing 0x8008b62
[State 0]  pc:0x8008b62 address:0x8008b70 val:0x2000069c size:0x4 type:read
[State 0] Inst Executing 0x8008b64
[State 0]  pc:0x8008b64 address:0x200006a0 val:0x20000804 size:0x4 type:read
[State 0] Inst Executing 0x8008b68
[State 0] Ex Block pc: 0x8009036 lr:0x8008b6b HardwareSerial::_rx_complete_irq(serial_s*)
[State 0] Inst Executing 0x8009036
[State 0]  pc:0x8009036 address:0x20013f98 val:0x20000808 size:0x4 type:write
[State 0]  pc:0x8009036 address:0x20013f9c val:0x8008b6b size:0x4 type:write
[State 0] Inst Executing 0x8009038
[State 0] Inst Executing 0x800903a
[State 0] Inst Executing 0x800903c
[State 0] Inst Executing 0x8009040
[State 0] Ex Block pc: 0x8008a44 lr:0x8009045 uart_getc
[State 0] Inst Executing 0x8008a44
[State 0] Ex Block pc: 0x8008a46 lr:0x8009045
[State 0] Inst Executing 0x8008a46
[State 0]  pc:0x8008a46 address:0x20013f80 val:0x8009037 size:0x4 type:write
[State 0]  pc:0x8008a46 address:0x20013f84 val:0x20000804 size:0x4 type:write
[State 0]  pc:0x8008a46 address:0x20013f88 val:0x0 size:0x4 type:write
[State 0]  pc:0x8008a46 address:0x20013f8c val:0x8009045 size:0x4 type:write
[State 0] Inst Executing 0x8008a48
[State 0] Inst Executing 0x8008a4a
[State 0] Inst Executing 0x8008a4c
[State 0] Ex Block pc: 0x80089fc lr:0x8008a51 serial_rx_active
[State 0] Inst Executing 0x80089fc
[State 0]  pc:0x80089fc address:0x20013f78 val:0x8009037 size:0x4 type:write
[State 0]  pc:0x80089fc address:0x20013f7c val:0x8008a51 size:0x4 type:write
[State 0] Inst Executing 0x80089fe
[State 0]  pc:0x80089fe address:0x20000848 val:0x1 size:0x1 type:read
[State 0] Inst Executing 0x8008a02
[State 0]  pc:0x8008a02 address:0x8008a1c val:0x200006d8 size:0x4 type:read
[State 0] Inst Executing 0x8008a04
[State 0]  pc:0x8008a04 address:0x200006dc val:0x20000808 size:0x4 type:read
[State 0] Inst Executing 0x8008a08
[State 0] Ex Block pc: 0x8007538 lr:0x8008a0d HAL_UART_GetState
[State 0] Inst Executing 0x8007538
[State 0]  pc:0x8007538 address:0x20000841 val:0x12 size:0x1 type:read
[State 0] Inst Executing 0x800753c
[State 0] Ex Block pc: 0x8008a0c lr:0x8008a0d
[State 0] Inst Executing 0x8008a0c
[State 0] Inst Executing 0x8008a10
[State 0] Inst Executing 0x8008a12
[State 0] Inst Executing 0x8008a14
[State 0] Inst Executing 0x8008a16
[State 0] Inst Executing 0x8008a18
[State 0]  pc:0x8008a18 address:0x20013f78 val:0x8009037 size:0x4 type:read
[State 0]  pc:0x8008a18 address:0x20013f7c val:0x8008a51 size:0x4 type:read
[State 0] Ex Block pc: 0x8008a50 lr:0x8008a0d
[State 0] Inst Executing 0x8008a50
[State 0] Ex Block pc: 0x8008a52 lr:0x8008a0d
[State 0] Inst Executing 0x8008a52
[State 0]  pc:0x8008a52 address:0x20000849 val:0x21 size:0x1 type:read
[State 0] Inst Executing 0x8008a56
[State 0]  pc:0x8008a56 address:0x20013f97 val:0x21 size:0x1 type:write
[State 0] Inst Executing 0x8008a58
[State 0]  pc:0x8008a58 address:0x20000848 val:0x1 size:0x1 type:read
[State 0] Inst Executing 0x8008a5c
[State 0] Inst Executing 0x8008a5e
[State 0] Inst Executing 0x8008a62
[State 0]  pc:0x8008a62 address:0x8008a7c val:0x200006d8 size:0x4 type:read
[State 0] Inst Executing 0x8008a64
[State 0]  pc:0x8008a64 address:0x200006dc val:0x20000808 size:0x4 type:read
[State 0] Inst Executing 0x8008a68
[State 0] Ex Block pc: 0x8007312 lr:0x8008a6d HAL_UART_Receive_IT
[State 0] Inst Executing 0x8007312
[State 0]  pc:0x8007312 address:0x20000841 val:0x12 size:0x1 type:read
[State 0] Inst Executing 0x8007316
[State 0] Inst Executing 0x8007318
[State 0] Inst Executing 0x800731a
[State 0] Ex Block pc: 0x800731c lr:0x8008a6d
[State 0] Inst Executing 0x800731c
[State 0] Inst Executing 0x800731e
[State 0] Ex Block pc: 0x8007324 lr:0x8008a6d
[State 0] Inst Executing 0x8007324
[State 0] Ex Block pc: 0x8007326 lr:0x8008a6d
[State 0] Inst Executing 0x8007326
[State 0] Ex Block pc: 0x8007328 lr:0x8008a6d
[State 0] Inst Executing 0x8007328
[State 0]  pc:0x8007328 address:0x20000840 val:0x0 size:0x1 type:read
[State 0] Inst Executing 0x800732c
[State 0] Inst Executing 0x800732e
[State 0] Ex Block pc: 0x8007330 lr:0x8008a6d
[State 0] Inst Executing 0x8007330
[State 0] Inst Executing 0x8007332
[State 0]  pc:0x8007332 address:0x20000840 val:0x1 size:0x1 type:write
[State 0] Inst Executing 0x8007336
[State 0]  pc:0x8007336 address:0x20000830 val:0x20000849 size:0x4 type:write
[State 0] Inst Executing 0x8007338
[State 0]  pc:0x8007338 address:0x20000834 val:0x1 size:0x2 type:write
[State 0] Inst Executing 0x800733a
[State 0]  pc:0x800733a address:0x20000836 val:0x1 size:0x2 type:write
[State 0] Inst Executing 0x800733c
[State 0] Inst Executing 0x800733e
[State 0]  pc:0x800733e address:0x20000844 val:0x0 size:0x4 type:write
[State 0] Inst Executing 0x8007340
[State 0]  pc:0x8007340 address:0x20000841 val:0x12 size:0x1 type:read
[State 0] Inst Executing 0x8007344
[State 0] Inst Executing 0x8007346
[State 0] Inst Executing 0x8007348
[State 0] Ex Block pc: 0x8007378 lr:0x8008a6d
[State 0] Inst Executing 0x8007378
[State 0] Inst Executing 0x800737a
[State 0]  pc:0x800737a address:0x20000841 val:0x32 size:0x1 type:write
[State 0] Inst Executing 0x800737e
[State 0] Ex Block pc: 0x8007350 lr:0x8008a6d
[State 0] Inst Executing 0x8007350
[State 0] Inst Executing 0x8007352
[State 0]  pc:0x8007352 address:0x20000840 val:0x0 size:0x1 type:write
[State 0] Inst Executing 0x8007356
[State 0]  pc:0x8007356 address:0x20000808 val:0x40004400 size:0x4 type:read
[State 0] Inst Executing 0x8007358
[State 0] Ex Block pc: 0x8007358 lr:0x8008a6d
[State 0] Inst Executing 0x8007358
1 [State 0] uARCUS: hardware read pc 0x8007358 addr 0x4000440c size 0x4 original 0x0 new 0x0
[State 0]  pc:0x8007358 address:0x4000440c val:0x0 size:0x4 type:read
[State 0] Inst Executing 0x800735a
[State 0] Inst Executing 0x800735e
[State 0]  pc:0x800735e address:0x4000440c val:0x100 size:0x4 type:write
[State 0] Inst Executing 0x8007360
[State 0]  pc:0x8007360 address:0x20000808 val:0x40004400 size:0x4 type:read
[State 0] Inst Executing 0x8007362
1 [State 0] uARCUS: hardware read pc 0x8007362 addr 0x40004414 size 0x4 original 0x0 new 0x0
[State 0]  pc:0x8007362 address:0x40004414 val:0x0 size:0x4 type:read
[State 0] Inst Executing 0x8007364
[State 0] Inst Executing 0x8007368
[State 0]  pc:0x8007368 address:0x40004414 val:0x1 size:0x4 type:write
[State 0] Inst Executing 0x800736a
[State 0]  pc:0x800736a address:0x20000808 val:0x40004400 size:0x4 type:read
[State 0] Inst Executing 0x800736c
1 [State 0] uARCUS: hardware read pc 0x800736c addr 0x4000440c size 0x4 original 0x0 new 0x0
[State 0]  pc:0x800736c address:0x4000440c val:0x0 size:0x4 type:read
[State 0] Inst Executing 0x800736e
[State 0] Inst Executing 0x8007372
[State 0]  pc:0x8007372 address:0x4000440c val:0x20 size:0x4 type:write
[State 0] Inst Executing 0x8007374
[State 0] Inst Executing 0x8007376
[State 0] Ex Block pc: 0x8008a6c lr:0x8008a6d
[State 0] Inst Executing 0x8008a6c
[State 0] Inst Executing 0x8008a6e
[State 0]  pc:0x8008a6e address:0x20013f80 val:0x8009037 size:0x4 type:read
[State 0]  pc:0x8008a6e address:0x20013f84 val:0x20000804 size:0x4 type:read
[State 0]  pc:0x8008a6e address:0x20013f88 val:0x0 size:0x4 type:read
[State 0]  pc:0x8008a6e address:0x20013f8c val:0x8009045 size:0x4 type:read
[State 0] Ex Block pc: 0x8009044 lr:0x8008a6d
[State 0] Inst Executing 0x8009044
[State 0] Ex Block pc: 0x8009046 lr:0x8008a6d
[State 0] Inst Executing 0x8009046
[State 0]  pc:0x8009046 address:0x20000864 val:0xe size:0x2 type:read
[State 0] Inst Executing 0x800904a
[State 0] Inst Executing 0x800904c
[State 0] Inst Executing 0x800904e
[State 0] Inst Executing 0x8009052
[State 0]  pc:0x8009052 address:0x20000866 val:0xe size:0x2 type:read
[State 0] Inst Executing 0x8009056
[State 0] Inst Executing 0x8009058
[State 0] Ex Block pc: 0x800905a lr:0x8008a6d
[State 0] Inst Executing 0x800905a
[State 0]  pc:0x800905a address:0x20000860 val:0x20000741 size:0x4 type:read
[State 0] Inst Executing 0x800905c
[State 0]  pc:0x800905c address:0x20000864 val:0xe size:0x2 type:read
[State 0] Inst Executing 0x8009060
[State 0] Inst Executing 0x8009062
[State 0]  pc:0x8009062 address:0x20013f97 val:0x21 size:0x1 type:read
[State 0] Inst Executing 0x8009066
[State 0]  pc:0x8009066 address:0x2000074f val:0x21 size:0x1 type:write
[State 0] Inst Executing 0x8009068
[State 0] Inst Executing 0x800906a
[State 0]  pc:0x800906a address:0x20000864 val:0xf size:0x2 type:write
[State 0] Inst Executing 0x800906e
[State 0] Inst Executing 0x8009070
[State 0]  pc:0x8009070 address:0x20013f98 val:0x20000808 size:0x4 type:read
[State 0]  pc:0x8009070 address:0x20013f9c val:0x8008b6b size:0x4 type:read
[State 0] Ex Block pc: 0x8008b6a lr:0x8008a6d
[State 0] Inst Executing 0x8008b6a
[State 0] Ex Block pc: 0x8008b5a lr:0x8008a6d
[State 0] Inst Executing 0x8008b5a
[State 0]  pc:0x8008b5a address:0x20013fa0 val:0x12 size:0x4 type:read
[State 0]  pc:0x8008b5a address:0x20013fa4 val:0x8007425 size:0x4 type:read
[State 0] Ex Block pc: 0x8007424 lr:0x8008a6d
[State 0] Inst Executing 0x8007424
[State 0] Inst Executing 0x8007426
[State 0]  pc:0x8007426 address:0x20013fa8 val:0x20 size:0x4 type:read
[State 0]  pc:0x8007426 address:0x20013fac val:0x800750d size:0x4 type:read
[State 0] Ex Block pc: 0x800750c lr:0x8008a6d
[State 0] Inst Executing 0x800750c
[State 0] Ex Block pc: 0x80074da lr:0x8008a6d
[State 0] Inst Executing 0x80074da
[State 0]  pc:0x80074da address:0x20000808 val:0x40004400 size:0x4 type:read
[State 0] Inst Executing 0x80074dc
[State 0] Ex Block pc: 0x80074dc lr:0x8008a6d
[State 0] Inst Executing 0x80074dc
1 [State 0] uARCUS: hardware read pc 0x80074dc addr 0x40004400 size 0x4 original 0x0 new 0x0
[State 0]  pc:0x80074dc address:0x40004400 val:0x0 size:0x4 type:read
[State 0] Inst Executing 0x80074de
1 [State 0] uARCUS: hardware read pc 0x80074de addr 0x4000440c size 0x4 original 0x0 new 0x0
[State 0]  pc:0x80074de address:0x4000440c val:0x0 size:0x4 type:read
[State 0] Inst Executing 0x80074e0
[State 0] Inst Executing 0x80074e4
[State 0] Inst Executing 0x80074e8
[State 0] Ex Block pc: 0x80074ec lr:0x8008a6d
[State 0] Inst Executing 0x80074ec
[State 0]  pc:0x80074ec address:0x20000808 val:0x40004400 size:0x4 type:read
[State 0] Inst Executing 0x80074ee
[State 0] Ex Block pc: 0x80074ee lr:0x8008a6d
[State 0] Inst Executing 0x80074ee
1 [State 0] uARCUS: hardware read pc 0x80074ee addr 0x40004400 size 0x4 original 0x0 new 0x0
[State 0]  pc:0x80074ee address:0x40004400 val:0x0 size:0x4 type:read
[State 0] Inst Executing 0x80074f0
1 [State 0] uARCUS: hardware read pc 0x80074f0 addr 0x4000440c size 0x4 original 0x0 new 0x0
[State 0]  pc:0x80074f0 address:0x4000440c val:0x0 size:0x4 type:read
[State 0] Inst Executing 0x80074f2
[State 0] Inst Executing 0x80074f6
[State 0] Inst Executing 0x80074fa
[State 0] Ex Block pc: 0x80074fe lr:0x8008a6d
[State 0] Inst Executing 0x80074fe
[State 0]  pc:0x80074fe address:0x20000844 val:0x0 size:0x4 type:read
[State 0] Inst Executing 0x8007500
[State 0] Ex Block pc: 0x8007502 lr:0x8008a6d
[State 0] Inst Executing 0x8007502
[State 0] Inst Executing 0x8007504
[State 0]  pc:0x8007504 address:0x20013fb8 val:0x0 size:0x4 type:read
[State 0]  pc:0x8007504 address:0x20013fbc val:0x8008c29 size:0x4 type:read
[State 0] Ex Block pc: 0x8008c28 lr:0x8008a6d
[State 0] Inst Executing 0x8008c28
[State 0]  pc:0x8008c28 address:0x20013fc0 val:0x1 size:0x4 type:read
[State 0]  pc:0x8008c28 address:0x20013fc4 val:0xfffffff9 size:0x4 type:read
[State 0] onException pc: 0xfffffff8 vec: 54
1 [State 0] uARCUS: onException exit, irq_no: 54
[State 0] Ex Block pc: 0x800369c lr:0x8002ad7 firmata::FirmataClass::available()
[State 0] Inst Executing 0x800369c
[State 0]  pc:0x800369c address:0x20013fe0 val:0x1 size:0x4 type:write
[State 0]  pc:0x800369c address:0x20013fe4 val:0x8002ad7 size:0x4 type:write
[State 0] Inst Executing 0x800369e
[State 0]  pc:0x800369e address:0x20000490 val:0x20000730 size:0x4 type:read
[State 0] Inst Executing 0x80036a2
[State 0]  pc:0x80036a2 address:0x20000730 val:0x800afd0 size:0x4 type:read
[State 0] Inst Executing 0x80036a4
[State 0]  pc:0x80036a4 address:0x800afd8 val:0x8008fcb size:0x4 type:read
[State 0] Inst Executing 0x80036a6
[State 0] Ex Block pc: 0x8008fca lr:0x80036a9 HardwareSerial::available()
[State 0] Inst Executing 0x8008fca
[State 0]  pc:0x8008fca address:0x20000864 val:0xf size:0x2 type:read
[State 0] Inst Executing 0x8008fce
[State 0] Inst Executing 0x8008fd0
[State 0] Inst Executing 0x8008fd2
[State 0]  pc:0x8008fd2 address:0x20000866 val:0xe size:0x2 type:read
[State 0] Inst Executing 0x8008fd6
[State 0] Inst Executing 0x8008fd8
[State 0] Inst Executing 0x8008fdc
[State 0] Ex Block pc: 0x80036a8 lr:0x80036a9
[State 0] Inst Executing 0x80036a8
[State 0]  pc:0x80036a8 address:0x20013fe0 val:0x1 size:0x4 type:read
[State 0]  pc:0x80036a8 address:0x20013fe4 val:0x8002ad7 size:0x4 type:read
[State 0] Ex Block pc: 0x8002ad6 lr:0x80036a9
[State 0] Inst Executing 0x8002ad6
[State 0] Ex Block pc: 0x8002ad8 lr:0x80036a9
[State 0] Inst Executing 0x8002ad8
[State 0]  pc:0x8002ad8 address:0x8002bb4 val:0x200003d0 size:0x4 type:read
[State 0] Inst Executing 0x8002ada
[State 0] Ex Block pc: 0x80036aa lr:0x8002adf firmata::FirmataClass::processInput()
[State 0] Inst Executing 0x80036aa
[State 0]  pc:0x80036aa address:0x20013fe0 val:0x0 size:0x4 type:write
[State 0]  pc:0x80036aa address:0x20013fe4 val:0x8002adf size:0x4 type:write
[State 0] Inst Executing 0x80036ac
[State 0] Inst Executing 0x80036ae
[State 0]  pc:0x80036ae address:0x20000490 val:0x20000730 size:0x4 type:read
[State 0] Inst Executing 0x80036b2
[State 0]  pc:0x80036b2 address:0x20000730 val:0x800afd0 size:0x4 type:read
[State 0] Inst Executing 0x80036b4
[State 0]  pc:0x80036b4 address:0x800afdc val:0x8008ffb size:0x4 type:read
[State 0] Inst Executing 0x80036b6
[State 0] Ex Block pc: 0x8008ffa lr:0x80036b9 HardwareSerial::read()
[State 0] Inst Executing 0x8008ffa
[State 0]  pc:0x8008ffa address:0x20000864 val:0xf size:0x2 type:read
[State 0] Inst Executing 0x8008ffe
[State 0] Ex Block pc: 0x8009000 lr:0x80036b9
[State 0] Inst Executing 0x8009000
[State 0]  pc:0x8009000 address:0x20000866 val:0xe size:0x2 type:read
[State 0] Inst Executing 0x8009004
[State 0] Inst Executing 0x8009006
[State 0] Ex Block pc: 0x8009008 lr:0x80036b9
[State 0] Inst Executing 0x8009008
[State 0]  pc:0x8009008 address:0x20000860 val:0x20000741 size:0x4 type:read
[State 0] Inst Executing 0x800900c
[State 0]  pc:0x800900c address:0x2000074f val:0x21 size:0x1 type:read
[State 0] Inst Executing 0x800900e
[State 0] Inst Executing 0x8009010
[State 0] Inst Executing 0x8009014
[State 0]  pc:0x8009014 address:0x20000866 val:0xf size:0x2 type:write
[State 0] Inst Executing 0x8009018
[State 0] Inst Executing 0x800901a
[State 0] Ex Block pc: 0x80036b8 lr:0x80036b9
[State 0] Inst Executing 0x80036b8
[State 0] Inst Executing 0x80036bc
[State 0] Ex Block pc: 0x80036be lr:0x80036b9
[State 0] Inst Executing 0x80036be
[State 0] Inst Executing 0x80036c0
[State 0] Inst Executing 0x80036c4
[State 0] Ex Block pc: 0x8003c50 lr:0x80036c9 firmata::FirmataParser::parse(unsigned
[State 0] Inst Executing 0x8003c50
[State 0]  pc:0x8003c50 address:0x20013fd8 val:0x200003d0 size:0x4 type:write
[State 0]  pc:0x8003c50 address:0x20013fdc val:0x80036c9 size:0x4 type:write
[State 0] Inst Executing 0x8003c52
[State 0] Inst Executing 0x8003c54
[State 0]  pc:0x8003c54 address:0x20000428 val:0x0 size:0x1 type:read
[State 0] Inst Executing 0x8003c56
[State 0] Ex Block pc: 0x8003c74 lr:0x80036c9
[State 0] Inst Executing 0x8003c74
[State 0]  pc:0x8003c74 address:0x20000424 val:0x1 size:0x4 type:read
[State 0] Inst Executing 0x8003c76
[State 0] Ex Block pc: 0x8003c78 lr:0x80036c9
[State 0] Inst Executing 0x8003c78
[State 0] Inst Executing 0x8003c7a
[State 0] Ex Block pc: 0x8003ca2 lr:0x80036c9
[State 0] Inst Executing 0x8003ca2
[State 0] Inst Executing 0x8003ca4
[State 0]  pc:0x8003ca4 address:0x20000424 val:0x0 size:0x4 type:write
[State 0] Inst Executing 0x8003ca6
[State 0] Ex Block pc: 0x8003b52 lr:0x8003cab firmata::FirmataParser::bufferDataAtPosition(unsigned
[State 0] Inst Executing 0x8003b52
[State 0]  pc:0x8003b52 address:0x20013fc8 val:0x20000414 size:0x4 type:write
[State 0]  pc:0x8003b52 address:0x20013fcc val:0x0 size:0x4 type:write
[State 0]  pc:0x8003b52 address:0x20013fd0 val:0x0 size:0x4 type:write
[State 0]  pc:0x8003b52 address:0x20013fd4 val:0x8003cab size:0x4 type:write
[State 0] Inst Executing 0x8003b54
[State 0] Inst Executing 0x8003b56
[State 0] Inst Executing 0x8003b58
[State 0] Inst Executing 0x8003b5a
[State 0]  pc:0x8003b5a address:0x2000041c val:0x40 size:0x4 type:read
[State 0] Inst Executing 0x8003b5c
[State 0] Inst Executing 0x8003b5e
[State 0] Inst Executing 0x8003b60
[State 0] Inst Executing 0x8003b62
[State 0] Inst Executing 0x8003b64
[State 0] Ex Block pc: 0x8003b7c lr:0x8003cab
[State 0] Inst Executing 0x8003b7c
[State 0] Ex Block pc: 0x8003b7e lr:0x8003cab
[State 0] Inst Executing 0x8003b7e
[State 0]  pc:0x8003b7e address:0x20000418 val:0x200003d0 size:0x4 type:read
[State 0] Inst Executing 0x8003b80
[State 0]  pc:0x8003b80 address:0x200003d0 val:0x21 size:0x1 type:write
[State 0] Inst Executing 0x8003b82
[State 0]  pc:0x8003b82 address:0x20013fc8 val:0x20000414 size:0x4 type:read
[State 0]  pc:0x8003b82 address:0x20013fcc val:0x0 size:0x4 type:read
[State 0]  pc:0x8003b82 address:0x20013fd0 val:0x0 size:0x4 type:read
[State 0]  pc:0x8003b82 address:0x20013fd4 val:0x8003cab size:0x4 type:read
[State 0] Ex Block pc: 0x8003caa lr:0x8003cab
[State 0] Inst Executing 0x8003caa
[State 0]  pc:0x8003caa address:0x20000424 val:0x0 size:0x4 type:read
[State 0] Inst Executing 0x8003cac
[State 0] Inst Executing 0x8003cae
[State 0] Ex Block pc: 0x8003cb0 lr:0x8003cab
[State 0] Inst Executing 0x8003cb0
[State 0]  pc:0x8003cb0 address:0x20000420 val:0xf4 size:0x1 type:read
[State 0] Inst Executing 0x8003cb2
[State 0] Inst Executing 0x8003cb4
[State 0] Ex Block pc: 0x8003cb6 lr:0x8003cab
[State 0] Inst Executing 0x8003cb6
[State 0] Inst Executing 0x8003cb8
[State 0] Ex Block pc: 0x8003cba lr:0x8003cab
[State 0] Inst Executing 0x8003cba
[State 0] Ex Block pc: 0x8003cbc lr:0x8003cab
[State 0] Inst Executing 0x8003cbc
[State 0] Inst Executing 0x8003cbe
[State 0] Ex Block pc: 0x8003d18 lr:0x8003cab
[State 0] Inst Executing 0x8003d18
[State 0]  pc:0x8003d18 address:0x20000470 val:0x800342d size:0x4 type:read
[State 0] Inst Executing 0x8003d1a
[State 0] Inst Executing 0x8003d1c
[State 0] Callind block start_pc:0x8003d1e end_pc: 0x8003d26
[State 0] Ex Block pc: 0x8003d1e lr:0x8003cab
[State 0] Inst Executing 0x8003d1e
[State 0]  pc:0x8003d1e address:0x20000418 val:0x200003d0 size:0x4 type:read
[State 0] Inst Executing 0x8003d20
[State 0]  pc:0x8003d20 address:0x200003d0 val:0x21 size:0x1 type:read
[State 0] Inst Executing 0x8003d22
[State 0]  pc:0x8003d22 address:0x200003d1 val:0x6c size:0x1 type:read
[State 0] Inst Executing 0x8003d24
[State 0]  pc:0x8003d24 address:0x20000440 val:0x0 size:0x4 type:read
[State 0] Inst Executing 0x8003d26
[State 0] Ex Block pc: 0x800342c lr:0x8003d29 firmata::FirmataClass::staticPinModeCallback(void*,
[State 0] Inst Executing 0x800342c
[State 0]  pc:0x800342c address:0x20013fd0 val:0x800342d size:0x4 type:write
[State 0]  pc:0x800342c address:0x20013fd4 val:0x8003d29 size:0x4 type:write
[State 0] Inst Executing 0x800342e
[State 0]  pc:0x800342e address:0x800343c val:0x200005ec size:0x4 type:read
[State 0] Inst Executing 0x8003430
[State 0]  pc:0x8003430 address:0x200005ec val:0x8000641 size:0x4 type:read
[State 0] Inst Executing 0x8003432
[State 0] Callind block start_pc:0x8003434 end_pc: 0x8003438
[State 0] Ex Block pc: 0x8003434 lr:0x8003d29
[State 0] Inst Executing 0x8003434
[State 0] Inst Executing 0x8003436
[State 0] Inst Executing 0x8003438
[State 0] Ex Block pc: 0x8000640 lr:0x800343b setPinModeCallback(unsigned
[State 0] Inst Executing 0x8000640
[State 0]  pc:0x8000640 address:0x20013fc0 val:0x20000414 size:0x4 type:write
[State 0]  pc:0x8000640 address:0x20013fc4 val:0x0 size:0x4 type:write
[State 0]  pc:0x8000640 address:0x20013fc8 val:0x0 size:0x4 type:write
[State 0]  pc:0x8000640 address:0x20013fcc val:0x800343b size:0x4 type:write
[State 0] Inst Executing 0x8000642
[State 0] Inst Executing 0x8000644
[State 0] Inst Executing 0x8000646
[State 0] Inst Executing 0x8000648
[State 0]  pc:0x8000648 address:0x80008bc val:0x200003d0 size:0x4 type:read
[State 0] Inst Executing 0x800064a
[State 0] Ex Block pc: 0x8003778 lr:0x800064f firmata::FirmataClass::getPinMode(unsigned
[State 0] Inst Executing 0x8003778
[State 0] Inst Executing 0x800377a
[State 0]  pc:0x800377a address:0x20000508 val:0x0 size:0x1 type:read
[State 0] Inst Executing 0x800377e
[State 0] Ex Block pc: 0x800064e lr:0x800064f
[State 0] Inst Executing 0x800064e
[State 0] Inst Executing 0x8000650
[State 0] Ex Block pc: 0x8000654 lr:0x800064f
[State 0] Inst Executing 0x8000654
[State 0] Inst Executing 0x8000656
[State 0]  pc:0x8000656 address:0x80008bc val:0x200003d0 size:0x4 type:read
[State 0] Inst Executing 0x8000658
[State 0] Ex Block pc: 0x8003778 lr:0x800065d firmata::FirmataClass::getPinMode(unsigned
[State 0] Inst Executing 0x8003778
[State 0] Inst Executing 0x800377a
[State 0]  pc:0x800377a address:0x20000508 val:0x0 size:0x1 type:read
[State 0] Inst Executing 0x800377e
[State 0] Ex Block pc: 0x800065c lr:0x800065d
[State 0] Inst Executing 0x800065c
[State 0] Inst Executing 0x800065e
[State 0] Ex Block pc: 0x8000660 lr:0x800065d
[State 0] Inst Executing 0x8000660
[State 0] Inst Executing 0x8000662
[State 0] Ex Block pc: 0x8000664 lr:0x800065d
[State 0] Inst Executing 0x8000664
[State 0] Inst Executing 0x8000666
[State 0] Ex Block pc: 0x80006a8 lr:0x800065d
[State 0] Inst Executing 0x80006a8
[State 0] Inst Executing 0x80006aa
[State 0] Ex Block pc: 0x80006b8 lr:0x800065d
[State 0] Inst Executing 0x80006b8
[State 0] Inst Executing 0x80006bc
[State 0] Inst Executing 0x80006be
[State 0] Inst Executing 0x80006c0
[State 0] Ex Block pc: 0x8000712 lr:0x800065d
[State 0] Inst Executing 0x8000712
[State 0] Inst Executing 0x8000714
[State 0] Ex Block pc: 0x8000722 lr:0x800065d
[State 0] Inst Executing 0x8000722
[State 0] Inst Executing 0x8000724
[State 0] Ex Block pc: 0x8000756 lr:0x800065d
[State 0] Inst Executing 0x8000756
[State 0] Inst Executing 0x8000758
[State 0] Ex Block pc: 0x8000794 lr:0x800065d
[State 0] Inst Executing 0x8000794
[State 0] Inst Executing 0x8000796
[State 0] Inst Executing 0x8000798
[State 0]  pc:0x8000798 address:0x80008bc val:0x200003d0 size:0x4 type:read
[State 0] Inst Executing 0x800079a
[State 0] Ex Block pc: 0x800379c lr:0x800079f firmata::FirmataClass::setPinState(unsigned
[State 0] Inst Executing 0x800379c
[State 0] Inst Executing 0x800379e
[State 0] Inst Executing 0x80037a2
[State 0]  pc:0x80037a2 address:0x2000068c val:0x0 size:0x4 type:write
[State 0] Inst Executing 0x80037a4
[State 0] Ex Block pc: 0x800079e lr:0x800079f
[State 0] Inst Executing 0x800079e
[State 0] Inst Executing 0x80007a0
[State 0] Ex Block pc: 0x8000a82 lr:0x800079f
[State 0] Inst Executing 0x8000a82
[State 0]  pc:0x8000a82 address:0x8000aa8 val:0x800a9c0 size:0x4 type:read
[State 0] Inst Executing 0x8000a84
[State 0]  pc:0x8000a84 address:0x8000a8c val:0x200003d0 size:0x4 type:read
[State 0] Inst Executing 0x8000a86
[State 0] Ex Block pc: 0x80036ec lr:0x8000a8b firmata::FirmataClass::sendString(char
[State 0] Inst Executing 0x80036ec
[State 0]  pc:0x80036ec address:0x20013fb8 val:0x0 size:0x4 type:write
[State 0]  pc:0x80036ec address:0x20013fbc val:0x8000a8b size:0x4 type:write
[State 0] Inst Executing 0x80036ee
[State 0] Inst Executing 0x80036f0
[State 0] Ex Block pc: 0x8003a7e lr:0x80036f5 firmata::FirmataMarshaller::sendString(char
[State 0] Inst Executing 0x8003a7e
[State 0]  pc:0x8003a7e address:0x20013fa8 val:0x0 size:0x4 type:write
[State 0]  pc:0x8003a7e address:0x20013fac val:0x6c size:0x4 type:write
[State 0]  pc:0x8003a7e address:0x20013fb0 val:0x21 size:0x4 type:write
[State 0]  pc:0x8003a7e address:0x20013fb4 val:0x80036f5 size:0x4 type:write
[State 0] Inst Executing 0x8003a80
[State 0] Inst Executing 0x8003a82
[State 0] Inst Executing 0x8003a84
[State 0] Inst Executing 0x8003a86
[State 0] Ex Block pc: 0x80001a8 lr:0x8003a8b strlen
[State 0] Inst Executing 0x80001a8
[State 0] Inst Executing 0x80001aa
[State 0]  pc:0x80001aa address:0x800a9c0 val:0x55 size:0x1 type:read
[State 0] Inst Executing 0x80001ae
[State 0] Inst Executing 0x80001b0
[State 0] Ex Block pc: 0x80001aa lr:0x8003a8b
[State 0] Inst Executing 0x80001aa
[State 0]  pc:0x80001aa address:0x800a9c1 val:0x6e size:0x1 type:read
[State 0] Inst Executing 0x80001ae
[State 0] Inst Executing 0x80001b0
[State 0] Ex Block pc: 0x80001aa lr:0x8003a8b
[State 0] Inst Executing 0x80001aa
[State 0]  pc:0x80001aa address:0x800a9c2 val:0x6b size:0x1 type:read
[State 0] Inst Executing 0x80001ae
[State 0] Inst Executing 0x80001b0
[State 0] Ex Block pc: 0x80001aa lr:0x8003a8b
[State 0] Inst Executing 0x80001aa
[State 0]  pc:0x80001aa address:0x800a9c3 val:0x6e size:0x1 type:read
[State 0] Inst Executing 0x80001ae
[State 0] Inst Executing 0x80001b0
[State 0] Ex Block pc: 0x80001aa lr:0x8003a8b
[State 0] Inst Executing 0x80001aa
[State 0]  pc:0x80001aa address:0x800a9c4 val:0x6f size:0x1 type:read
[State 0] Inst Executing 0x80001ae
[State 0] Inst Executing 0x80001b0
[State 0] Ex Block pc: 0x80001aa lr:0x8003a8b
[State 0] Inst Executing 0x80001aa
[State 0]  pc:0x80001aa address:0x800a9c5 val:0x77 size:0x1 type:read
[State 0] Inst Executing 0x80001ae
[State 0] Inst Executing 0x80001b0
[State 0] Ex Block pc: 0x80001aa lr:0x8003a8b
[State 0] Inst Executing 0x80001aa
[State 0]  pc:0x80001aa address:0x800a9c6 val:0x6e size:0x1 type:read
[State 0] Inst Executing 0x80001ae
[State 0] Inst Executing 0x80001b0
[State 0] Ex Block pc: 0x80001aa lr:0x8003a8b
[State 0] Inst Executing 0x80001aa
[State 0]  pc:0x80001aa address:0x800a9c7 val:0x20 size:0x1 type:read
[State 0] Inst Executing 0x80001ae
[State 0] Inst Executing 0x80001b0
[State 0] Ex Block pc: 0x80001aa lr:0x8003a8b
[State 0] Inst Executing 0x80001aa
[State 0]  pc:0x80001aa address:0x800a9c8 val:0x70 size:0x1 type:read
[State 0] Inst Executing 0x80001ae
[State 0] Inst Executing 0x80001b0
[State 0] Ex Block pc: 0x80001aa lr:0x8003a8b
[State 0] Inst Executing 0x80001aa
[State 0]  pc:0x80001aa address:0x800a9c9 val:0x69 size:0x1 type:read
[State 0] Inst Executing 0x80001ae
[State 0] Inst Executing 0x80001b0
[State 0] Ex Block pc: 0x80001aa lr:0x8003a8b
[State 0] Inst Executing 0x80001aa
[State 0]  pc:0x80001aa address:0x800a9ca val:0x6e size:0x1 type:read
[State 0] Inst Executing 0x80001ae
[State 0] Inst Executing 0x80001b0
[State 0] Ex Block pc: 0x80001aa lr:0x8003a8b
[State 0] Inst Executing 0x80001aa
[State 0]  pc:0x80001aa address:0x800a9cb val:0x20 size:0x1 type:read
[State 0] Inst Executing 0x80001ae
[State 0] Inst Executing 0x80001b0
[State 0] Ex Block pc: 0x80001aa lr:0x8003a8b
[State 0] Inst Executing 0x80001aa
[State 0]  pc:0x80001aa address:0x800a9cc val:0x6d size:0x1 type:read
[State 0] Inst Executing 0x80001ae
[State 0] Inst Executing 0x80001b0
[State 0] Ex Block pc: 0x80001aa lr:0x8003a8b
[State 0] Inst Executing 0x80001aa
[State 0]  pc:0x80001aa address:0x800a9cd val:0x6f size:0x1 type:read
[State 0] Inst Executing 0x80001ae
[State 0] Inst Executing 0x80001b0
[State 0] Ex Block pc: 0x80001aa lr:0x8003a8b
[State 0] Inst Executing 0x80001aa
[State 0]  pc:0x80001aa address:0x800a9ce val:0x64 size:0x1 type:read
[State 0] Inst Executing 0x80001ae
[State 0] Inst Executing 0x80001b0
[State 0] Ex Block pc: 0x80001aa lr:0x8003a8b
[State 0] Inst Executing 0x80001aa
[State 0]  pc:0x80001aa address:0x800a9cf val:0x65 size:0x1 type:read
[State 0] Inst Executing 0x80001ae
[State 0] Inst Executing 0x80001b0
[State 0] Ex Block pc: 0x80001aa lr:0x8003a8b
[State 0] Inst Executing 0x80001aa
[State 0]  pc:0x80001aa address:0x800a9d0 val:0x0 size:0x1 type:read
[State 0] Inst Executing 0x80001ae
[State 0] Inst Executing 0x80001b0
[State 0] Ex Block pc: 0x80001b2 lr:0x8003a8b
[State 0] Inst Executing 0x80001b2
[State 0] Inst Executing 0x80001b4
[State 0] Inst Executing 0x80001b6
[State 0] Ex Block pc: 0x8003a8a lr:0x8003a8b
[State 0] Inst Executing 0x8003a8a
[State 0] Inst Executing 0x8003a8c
[State 0] Inst Executing 0x8003a8e
[State 0] Inst Executing 0x8003a90
[State 0] Inst Executing 0x8003a92
[State 0] Ex Block pc: 0x8003a36 lr:0x8003a97 firmata::FirmataMarshaller::sendSysex(unsigned
[State 0] Inst Executing 0x8003a36
[State 0]  pc:0x8003a36 address:0x20013f90 val:0x800a9c0 size:0x4 type:write
[State 0]  pc:0x8003a36 address:0x20013f94 val:0x20000410 size:0x4 type:write
[State 0]  pc:0x8003a36 address:0x20013f98 val:0x3e size:0x4 type:write
[State 0]  pc:0x8003a36 address:0x20013f9c val:0x0 size:0x4 type:write
[State 0]  pc:0x8003a36 address:0x20013fa0 val:0x0 size:0x4 type:write
[State 0]  pc:0x8003a36 address:0x20013fa4 val:0x8003a97 size:0x4 type:write
[State 0] Inst Executing 0x8003a3a
[State 0]  pc:0x8003a3a address:0x20000410 val:0x20000730 size:0x4 type:read
[State 0] Inst Executing 0x8003a3c
[State 0] Callind block start_pc:0x8003a3e end_pc: 0x8003a4e
[State 0] Ex Block pc: 0x8003a3e lr:0x8003a97
[State 0] Inst Executing 0x8003a3e
[State 0] Inst Executing 0x8003a40
[State 0] Inst Executing 0x8003a42
[State 0] Inst Executing 0x8003a44
[State 0] Inst Executing 0x8003a46
[State 0]  pc:0x8003a46 address:0x20000730 val:0x800afd0 size:0x4 type:read
[State 0] Inst Executing 0x8003a48
[State 0]  pc:0x8003a48 address:0x800afd0 val:0x8009075 size:0x4 type:read
[State 0] Inst Executing 0x8003a4a
[State 0] Inst Executing 0x8003a4c
[State 0] Inst Executing 0x8003a4e
[State 0] Ex Block pc: 0x8009074 lr:0x8003a51 HardwareSerial::write(unsigned
[State 0] Inst Executing 0x8009074
[State 0]  pc:0x8009074 address:0x20013f80 val:0x20000730 size:0x4 type:write
[State 0]  pc:0x8009074 address:0x20013f84 val:0x20000410 size:0x4 type:write
[State 0]  pc:0x8009074 address:0x20013f88 val:0x10 size:0x4 type:write
[State 0]  pc:0x8009074 address:0x20013f8c val:0x8003a51 size:0x4 type:write
[State 0] Inst Executing 0x8009076
[State 0] Inst Executing 0x8009078
[State 0]  pc:0x8009078 address:0x20000740 val:0x1 size:0x1 type:write
[State 0] Inst Executing 0x800907a
[State 0]  pc:0x800907a address:0x2000086c val:0x2e size:0x2 type:read
[State 0] Inst Executing 0x800907e
[State 0] Inst Executing 0x8009080
[State 0] Inst Executing 0x8009082
[State 0] Inst Executing 0x8009086
[State 0] Inst Executing 0x800908a
[State 0] Inst Executing 0x800908c
[State 0] Inst Executing 0x800908e
[State 0] Inst Executing 0x8009090
[State 0]  pc:0x8009090 address:0x2000086e val:0x0 size:0x2 type:read
[State 0] Inst Executing 0x8009094
[State 0] Inst Executing 0x8009096
[State 0] Inst Executing 0x8009098
[State 0] Inst Executing 0x800909a
[State 0] Ex Block pc: 0x800909c lr:0x8003a51
[State 0] Inst Executing 0x800909c
[State 0]  pc:0x800909c address:0x20000868 val:0x20000781 size:0x4 type:read
[State 0] Inst Executing 0x80090a0
[State 0]  pc:0x80090a0 address:0x200007af val:0xf0 size:0x1 type:write
[State 0] Inst Executing 0x80090a2
[State 0]  pc:0x80090a2 address:0x2000086c val:0x2f size:0x2 type:write
[State 0] Inst Executing 0x80090a6
[State 0] Inst Executing 0x80090aa
[State 0] Inst Executing 0x80090ac
[State 0] Ex Block pc: 0x8008a20 lr:0x80090b1 serial_tx_active
[State 0] Inst Executing 0x8008a20
[State 0]  pc:0x8008a20 address:0x20013f78 val:0x20000781 size:0x4 type:write
[State 0]  pc:0x8008a20 address:0x20013f7c val:0x80090b1 size:0x4 type:write
[State 0] Inst Executing 0x8008a22
[State 0]  pc:0x8008a22 address:0x20000848 val:0x1 size:0x1 type:read
[State 0] Inst Executing 0x8008a26
[State 0]  pc:0x8008a26 address:0x8008a40 val:0x200006d8 size:0x4 type:read
[State 0] Inst Executing 0x8008a28
[State 0]  pc:0x8008a28 address:0x200006dc val:0x20000808 size:0x4 type:read
[State 0] Inst Executing 0x8008a2c
[State 0] Ex Block pc: 0x8007538 lr:0x8008a31 HAL_UART_GetState
[State 0] Inst Executing 0x8007538
[State 0]  pc:0x8007538 address:0x20000841 val:0x32 size:0x1 type:read
[State 0] Inst Executing 0x800753c
[State 0] Ex Block pc: 0x8008a30 lr:0x8008a31
[State 0] Inst Executing 0x8008a30
[State 0] Inst Executing 0x8008a34
[State 0] Inst Executing 0x8008a36
[State 0] Inst Executing 0x8008a38
[State 0] Inst Executing 0x8008a3a
[State 0] Inst Executing 0x8008a3c
[State 0]  pc:0x8008a3c address:0x20013f78 val:0x20000781 size:0x4 type:read
[State 0]  pc:0x8008a3c address:0x20013f7c val:0x80090b1 size:0x4 type:read
[State 0] Ex Block pc: 0x80090b0 lr:0x8008a31
[State 0] Inst Executing 0x80090b0
[State 0] Ex Block pc: 0x80090b2 lr:0x8008a31
[State 0] Inst Executing 0x80090b2
[State 0] Inst Executing 0x80090b4
[State 0]  pc:0x80090b4 address:0x20013f80 val:0x20000730 size:0x4 type:read
[State 0]  pc:0x80090b4 address:0x20013f84 val:0x20000410 size:0x4 type:read
[State 0]  pc:0x80090b4 address:0x20013f88 val:0x10 size:0x4 type:read
[State 0]  pc:0x80090b4 address:0x20013f8c val:0x8003a51 size:0x4 type:read
[State 0] Callind block start_pc:0x8003a50 end_pc: 0x8003a58
[State 0] Ex Block pc: 0x8003a50 lr:0x8008a31
[State 0] Inst Executing 0x8003a50
[State 0]  pc:0x8003a50 address:0x20000410 val:0x20000730 size:0x4 type:read
[State 0] Inst Executing 0x8003a52
[State 0]  pc:0x8003a52 address:0x20000730 val:0x800afd0 size:0x4 type:read
[State 0] Inst Executing 0x8003a54
[State 0]  pc:0x8003a54 address:0x800afd0 val:0x8009075 size:0x4 type:read
[State 0] Inst Executing 0x8003a56
[State 0] Inst Executing 0x8003a58
[State 0] Ex Block pc: 0x8009074 lr:0x8003a5b HardwareSerial::write(unsigned
[State 0] Inst Executing 0x8009074
[State 0]  pc:0x8009074 address:0x20013f80 val:0x20000730 size:0x4 type:write
[State 0]  pc:0x8009074 address:0x20013f84 val:0x20000410 size:0x4 type:write
[State 0]  pc:0x8009074 address:0x20013f88 val:0x10 size:0x4 type:write
[State 0]  pc:0x8009074 address:0x20013f8c val:0x8003a5b size:0x4 type:write
[State 0] Inst Executing 0x8009076
[State 0] Inst Executing 0x8009078
[State 0]  pc:0x8009078 address:0x20000740 val:0x1 size:0x1 type:write
[State 0] Inst Executing 0x800907a
[State 0]  pc:0x800907a address:0x2000086c val:0x2f size:0x2 type:read
[State 0] Inst Executing 0x800907e
[State 0] Inst Executing 0x8009080
[State 0] Inst Executing 0x8009082
[State 0] Inst Executing 0x8009086
[State 0] Inst Executing 0x800908a
[State 0] Inst Executing 0x800908c
[State 0] Inst Executing 0x800908e
[State 0] Inst Executing 0x8009090
[State 0]  pc:0x8009090 address:0x2000086e val:0x0 size:0x2 type:read
[State 0] Inst Executing 0x8009094
[State 0] Inst Executing 0x8009096
[State 0] Inst Executing 0x8009098
[State 0] Inst Executing 0x800909a
[State 0] Ex Block pc: 0x800909c lr:0x8003a5b
[State 0] Inst Executing 0x800909c
[State 0]  pc:0x800909c address:0x20000868 val:0x20000781 size:0x4 type:read
[State 0] Inst Executing 0x80090a0
[State 0]  pc:0x80090a0 address:0x200007b0 val:0x71 size:0x1 type:write
[State 0] Inst Executing 0x80090a2
[State 0]  pc:0x80090a2 address:0x2000086c val:0x30 size:0x2 type:write
[State 0] Inst Executing 0x80090a6
[State 0] Inst Executing 0x80090aa
[State 0] Inst Executing 0x80090ac
[State 0] Ex Block pc: 0x8008a20 lr:0x80090b1 serial_tx_active
[State 0] Inst Executing 0x8008a20
[State 0]  pc:0x8008a20 address:0x20013f78 val:0x20000781 size:0x4 type:write
[State 0]  pc:0x8008a20 address:0x20013f7c val:0x80090b1 size:0x4 type:write
[State 0] Inst Executing 0x8008a22
[State 0]  pc:0x8008a22 address:0x20000848 val:0x1 size:0x1 type:read
[State 0] Inst Executing 0x8008a26
[State 0]  pc:0x8008a26 address:0x8008a40 val:0x200006d8 size:0x4 type:read
[State 0] Inst Executing 0x8008a28
[State 0]  pc:0x8008a28 address:0x200006dc val:0x20000808 size:0x4 type:read
[State 0] Inst Executing 0x8008a2c
[State 0] Ex Block pc: 0x8007538 lr:0x8008a31 HAL_UART_GetState
[State 0] Inst Executing 0x8007538
[State 0]  pc:0x8007538 address:0x20000841 val:0x32 size:0x1 type:read
[State 0] Inst Executing 0x800753c
[State 0] Ex Block pc: 0x8008a30 lr:0x8008a31
[State 0] Inst Executing 0x8008a30
[State 0] Inst Executing 0x8008a34
[State 0] Inst Executing 0x8008a36
[State 0] Inst Executing 0x8008a38
[State 0] Inst Executing 0x8008a3a
[State 0] Inst Executing 0x8008a3c
[State 0]  pc:0x8008a3c address:0x20013f78 val:0x20000781 size:0x4 type:read
[State 0]  pc:0x8008a3c address:0x20013f7c val:0x80090b1 size:0x4 type:read
[State 0] Ex Block pc: 0x80090b0 lr:0x8008a31
[State 0] Inst Executing 0x80090b0
[State 0] Ex Block pc: 0x80090b2 lr:0x8008a31
[State 0] Inst Executing 0x80090b2
[State 0] Inst Executing 0x80090b4
[State 0]  pc:0x80090b4 address:0x20013f80 val:0x20000730 size:0x4 type:read
[State 0]  pc:0x80090b4 address:0x20013f84 val:0x20000410 size:0x4 type:read
[State 0]  pc:0x80090b4 address:0x20013f88 val:0x10 size:0x4 type:read
[State 0]  pc:0x80090b4 address:0x20013f8c val:0x8003a5b size:0x4 type:read
[State 0] Ex Block pc: 0x8003a5a lr:0x8008a31
[State 0] Inst Executing 0x8003a5a
[State 0] Inst Executing 0x8003a5c
[State 0] Inst Executing 0x8003a5e
[State 0] Ex Block pc: 0x8003a60 lr:0x8008a31
[State 0] Inst Executing 0x8003a60
[State 0] Inst Executing 0x8003a62
[State 0] Inst Executing 0x8003a64
[State 0] Inst Executing 0x8003a66
[State 0] Inst Executing 0x8003a68
[State 0] Ex Block pc: 0x8003856 lr:0x8003a6d firmata::FirmataMarshaller::encodeByteStream(unsigned
[State 0] Inst Executing 0x8003856
[State 0]  pc:0x8003856 address:0x20013f68 val:0x0 size:0x4 type:write
[State 0]  pc:0x8003856 address:0x20013f6c val:0x0 size:0x4 type:write
[State 0]  pc:0x8003856 address:0x20013f70 val:0x20000410 size:0x4 type:write
[State 0]  pc:0x8003856 address:0x20013f74 val:0x10 size:0x4 type:write
[State 0]  pc:0x8003856 address:0x20013f78 val:0x800a9c0 size:0x4 type:write
[State 0]  pc:0x8003856 address:0x20013f7c val:0x71 size:0x4 type:write
[State 0]  pc:0x8003856 address:0x20013f80 val:0x0 size:0x4 type:write
[State 0]  pc:0x8003856 address:0x20013f84 val:0x0 size:0x4 type:write
[State 0]  pc:0x8003856 address:0x20013f88 val:0x0 size:0x4 type:write
[State 0]  pc:0x8003856 address:0x20013f8c val:0x8003a6d size:0x4 type:write
[State 0] Inst Executing 0x800385a
[State 0] Inst Executing 0x800385c
[State 0] Inst Executing 0x800385e
[State 0] Inst Executing 0x8003860
[State 0]  pc:0x8003860 address:0x800a9c0 val:0x55 size:0x1 type:read
[State 0] Inst Executing 0x8003862
[State 0] Inst Executing 0x8003864
[State 0] Ex Block pc: 0x8003866 lr:0x8003a6d
[State 0] Inst Executing 0x8003866
[State 0] Inst Executing 0x800386a
[State 0] Inst Executing 0x800386e
[State 0] Inst Executing 0x8003870
[State 0] Inst Executing 0x8003872
[State 0] Ex Block pc: 0x8003878 lr:0x8003a6d
[State 0] Inst Executing 0x8003878
[State 0] Inst Executing 0x800387a
[State 0] Ex Block pc: 0x800387c lr:0x8003a6d
[State 0] Inst Executing 0x800387c
[State 0] Inst Executing 0x800387e
[State 0] Callind block start_pc:0x8003880 end_pc: 0x8003894
[State 0] Ex Block pc: 0x8003880 lr:0x8003a6d
[State 0] Inst Executing 0x8003880
[State 0]  pc:0x8003880 address:0x800a9c0 val:0x55 size:0x1 type:read
[State 0] Inst Executing 0x8003884
[State 0] Inst Executing 0x8003886
[State 0] Inst Executing 0x8003888
[State 0]  pc:0x8003888 address:0x20000410 val:0x20000730 size:0x4 type:read
[State 0] Inst Executing 0x800388c
[State 0]  pc:0x800388c address:0x20000730 val:0x800afd0 size:0x4 type:read
[State 0] Inst Executing 0x800388e
[State 0]  pc:0x800388e address:0x800afd0 val:0x8009075 size:0x4 type:read
[State 0] Inst Executing 0x8003890
[State 0] Inst Executing 0x8003894
[State 0] Ex Block pc: 0x8009074 lr:0x8003897 HardwareSerial::write(unsigned
[State 0] Inst Executing 0x8009074
[State 0]  pc:0x8009074 address:0x20013f58 val:0x55 size:0x4 type:write
[State 0]  pc:0x8009074 address:0x20013f5c val:0x0 size:0x4 type:write
[State 0]  pc:0x8009074 address:0x20013f60 val:0x0 size:0x4 type:write
[State 0]  pc:0x8009074 address:0x20013f64 val:0x8003897 size:0x4 type:write
[State 0] Inst Executing 0x8009076
[State 0] Inst Executing 0x8009078
[State 0]  pc:0x8009078 address:0x20000740 val:0x1 size:0x1 type:write
[State 0] Inst Executing 0x800907a
[State 0]  pc:0x800907a address:0x2000086c val:0x30 size:0x2 type:read
[State 0] Inst Executing 0x800907e
[State 0] Inst Executing 0x8009080
[State 0] Inst Executing 0x8009082
[State 0] Inst Executing 0x8009086
[State 0] Inst Executing 0x800908a
[State 0] Inst Executing 0x800908c
[State 0] Inst Executing 0x800908e
[State 0] Inst Executing 0x8009090
[State 0]  pc:0x8009090 address:0x2000086e val:0x0 size:0x2 type:read
[State 0] Inst Executing 0x8009094
[State 0] Inst Executing 0x8009096
[State 0] Inst Executing 0x8009098
[State 0] Inst Executing 0x800909a
[State 0] Ex Block pc: 0x800909c lr:0x8003897
[State 0] Inst Executing 0x800909c
[State 0]  pc:0x800909c address:0x20000868 val:0x20000781 size:0x4 type:read
[State 0] Inst Executing 0x80090a0
[State 0]  pc:0x80090a0 address:0x200007b1 val:0x55 size:0x1 type:write
[State 0] Inst Executing 0x80090a2
[State 0]  pc:0x80090a2 address:0x2000086c val:0x31 size:0x2 type:write
[State 0] Inst Executing 0x80090a6
[State 0] Inst Executing 0x80090aa
[State 0] Inst Executing 0x80090ac
[State 0] Ex Block pc: 0x8008a20 lr:0x80090b1 serial_tx_active
[State 0] Inst Executing 0x8008a20
[State 0]  pc:0x8008a20 address:0x20013f50 val:0x20000781 size:0x4 type:write
[State 0]  pc:0x8008a20 address:0x20013f54 val:0x80090b1 size:0x4 type:write
[State 0] Inst Executing 0x8008a22
[State 0]  pc:0x8008a22 address:0x20000848 val:0x1 size:0x1 type:read
[State 0] Inst Executing 0x8008a26
[State 0]  pc:0x8008a26 address:0x8008a40 val:0x200006d8 size:0x4 type:read
[State 0] Inst Executing 0x8008a28
[State 0]  pc:0x8008a28 address:0x200006dc val:0x20000808 size:0x4 type:read
[State 0] Inst Executing 0x8008a2c
[State 0] Ex Block pc: 0x8007538 lr:0x8008a31 HAL_UART_GetState
[State 0] Inst Executing 0x8007538
[State 0]  pc:0x8007538 address:0x20000841 val:0x32 size:0x1 type:read
[State 0] Inst Executing 0x800753c
[State 0] Ex Block pc: 0x8008a30 lr:0x8008a31
[State 0] Inst Executing 0x8008a30
[State 0] Inst Executing 0x8008a34
[State 0] Inst Executing 0x8008a36
[State 0] Inst Executing 0x8008a38
[State 0] Inst Executing 0x8008a3a
[State 0] Inst Executing 0x8008a3c
[State 0]  pc:0x8008a3c address:0x20013f50 val:0x20000781 size:0x4 type:read
[State 0]  pc:0x8008a3c address:0x20013f54 val:0x80090b1 size:0x4 type:read
[State 0] Ex Block pc: 0x80090b0 lr:0x8008a31
[State 0] Inst Executing 0x80090b0
[State 0] Ex Block pc: 0x80090b2 lr:0x8008a31
[State 0] Inst Executing 0x80090b2
[State 0] Inst Executing 0x80090b4
[State 0]  pc:0x80090b4 address:0x20013f58 val:0x55 size:0x4 type:read
[State 0]  pc:0x80090b4 address:0x20013f5c val:0x0 size:0x4 type:read
[State 0]  pc:0x80090b4 address:0x20013f60 val:0x0 size:0x4 type:read
[State 0]  pc:0x80090b4 address:0x20013f64 val:0x8003897 size:0x4 type:read
[State 0] Ex Block pc: 0x8003896 lr:0x8008a31
[State 0] Inst Executing 0x8003896
[State 0] Inst Executing 0x8003898
[State 0]  pc:0x8003898 address:0x800a9c0 val:0x55 size:0x1 type:read
[State 0] Inst Executing 0x800389c
[State 0] Inst Executing 0x80038a0
[State 0] Inst Executing 0x80038a2
[State 0] Inst Executing 0x80038a4
[State 0] Inst Executing 0x80038a6
[State 0] Inst Executing 0x80038a8
[State 0] Ex Block pc: 0x8003874 lr:0x8008a31
[State 0] Inst Executing 0x8003874
[State 0] Inst Executing 0x8003878
[State 0] Inst Executing 0x800387a
[State 0] Ex Block pc: 0x80038c4 lr:0x8008a31
[State 0] Inst Executing 0x80038c4
[State 0] Ex Block pc: 0x80038c6 lr:0x8008a31
[State 0] Inst Executing 0x80038c6
[State 0] Inst Executing 0x80038c8
[State 0] Callind block start_pc:0x80038ce end_pc: 0x80038de
[State 0] Ex Block pc: 0x80038ce lr:0x8008a31
[State 0] Inst Executing 0x80038ce
[State 0]  pc:0x80038ce address:0x20000410 val:0x20000730 size:0x4 type:read
[State 0] Inst Executing 0x80038d2
[State 0]  pc:0x80038d2 address:0x20000730 val:0x800afd0 size:0x4 type:read
[State 0] Inst Executing 0x80038d4
[State 0]  pc:0x80038d4 address:0x800afd0 val:0x8009075 size:0x4 type:read
[State 0] Inst Executing 0x80038d6
[State 0] Inst Executing 0x80038d8
[State 0] Inst Executing 0x80038da
[State 0] Inst Executing 0x80038dc
[State 0] Inst Executing 0x80038de
[State 0] Ex Block pc: 0x8009074 lr:0x80038e1 HardwareSerial::write(unsigned
[State 0] Inst Executing 0x8009074
[State 0]  pc:0x8009074 address:0x20013f58 val:0x0 size:0x4 type:write
[State 0]  pc:0x8009074 address:0x20013f5c val:0x1 size:0x4 type:write
[State 0]  pc:0x8009074 address:0x20013f60 val:0x1 size:0x4 type:write
[State 0]  pc:0x8009074 address:0x20013f64 val:0x80038e1 size:0x4 type:write
[State 0] Inst Executing 0x8009076
[State 0] Inst Executing 0x8009078
[State 0]  pc:0x8009078 address:0x20000740 val:0x1 size:0x1 type:write
[State 0] Inst Executing 0x800907a
[State 0]  pc:0x800907a address:0x2000086c val:0x31 size:0x2 type:read
[State 0] Inst Executing 0x800907e
[State 0] Inst Executing 0x8009080
[State 0] Inst Executing 0x8009082
[State 0] Inst Executing 0x8009086
[State 0] Inst Executing 0x800908a
[State 0] Inst Executing 0x800908c
[State 0] Inst Executing 0x800908e
[State 0] Inst Executing 0x8009090
[State 0]  pc:0x8009090 address:0x2000086e val:0x0 size:0x2 type:read
[State 0] Inst Executing 0x8009094
[State 0] Inst Executing 0x8009096
[State 0] Inst Executing 0x8009098
[State 0] Inst Executing 0x800909a
[State 0] Ex Block pc: 0x800909c lr:0x80038e1
[State 0] Inst Executing 0x800909c
[State 0]  pc:0x800909c address:0x20000868 val:0x20000781 size:0x4 type:read
[State 0] Inst Executing 0x80090a0
[State 0]  pc:0x80090a0 address:0x200007b2 val:0x0 size:0x1 type:write
[State 0] Inst Executing 0x80090a2
[State 0]  pc:0x80090a2 address:0x2000086c val:0x32 size:0x2 type:write
[State 0] Inst Executing 0x80090a6
[State 0] Inst Executing 0x80090aa
[State 0] Inst Executing 0x80090ac
[State 0] Ex Block pc: 0x8008a20 lr:0x80090b1 serial_tx_active
[State 0] Inst Executing 0x8008a20
[State 0]  pc:0x8008a20 address:0x20013f50 val:0x20000781 size:0x4 type:write
[State 0]  pc:0x8008a20 address:0x20013f54 val:0x80090b1 size:0x4 type:write
[State 0] Inst Executing 0x8008a22
[State 0]  pc:0x8008a22 address:0x20000848 val:0x1 size:0x1 type:read
[State 0] Inst Executing 0x8008a26
[State 0]  pc:0x8008a26 address:0x8008a40 val:0x200006d8 size:0x4 type:read
[State 0] Inst Executing 0x8008a28
[State 0]  pc:0x8008a28 address:0x200006dc val:0x20000808 size:0x4 type:read
[State 0] Inst Executing 0x8008a2c
[State 0] Ex Block pc: 0x8007538 lr:0x8008a31 HAL_UART_GetState
[State 0] Inst Executing 0x8007538
[State 0]  pc:0x8007538 address:0x20000841 val:0x32 size:0x1 type:read
[State 0] Inst Executing 0x800753c
[State 0] Ex Block pc: 0x8008a30 lr:0x8008a31
[State 0] Inst Executing 0x8008a30
[State 0] Inst Executing 0x8008a34
[State 0] Inst Executing 0x8008a36
[State 0] Inst Executing 0x8008a38
[State 0] Inst Executing 0x8008a3a
[State 0] Inst Executing 0x8008a3c
[State 0]  pc:0x8008a3c address:0x20013f50 val:0x20000781 size:0x4 type:read
[State 0]  pc:0x8008a3c address:0x20013f54 val:0x80090b1 size:0x4 type:read
[State 0] Ex Block pc: 0x80090b0 lr:0x8008a31
[State 0] Inst Executing 0x80090b0
[State 0] Ex Block pc: 0x80090b2 lr:0x8008a31
[State 0] Inst Executing 0x80090b2
[State 0] Inst Executing 0x80090b4
[State 0]  pc:0x80090b4 address:0x20013f58 val:0x0 size:0x4 type:read
[State 0]  pc:0x80090b4 address:0x20013f5c val:0x1 size:0x4 type:read
[State 0]  pc:0x80090b4 address:0x20013f60 val:0x1 size:0x4 type:read
[State 0]  pc:0x80090b4 address:0x20013f64 val:0x80038e1 size:0x4 type:read
[State 0] Ex Block pc: 0x80038e0 lr:0x8008a31
[State 0] Inst Executing 0x80038e0
[State 0] Ex Block pc: 0x80038ca lr:0x8008a31
[State 0] Inst Executing 0x80038ca
[State 0]  pc:0x80038ca address:0x20013f68 val:0x0 size:0x4 type:read
[State 0]  pc:0x80038ca address:0x20013f6c val:0x0 size:0x4 type:read
[State 0]  pc:0x80038ca address:0x20013f70 val:0x20000410 size:0x4 type:read
[State 0]  pc:0x80038ca address:0x20013f74 val:0x10 size:0x4 type:read
[State 0]  pc:0x80038ca address:0x20013f78 val:0x800a9c0 size:0x4 type:read
[State 0]  pc:0x80038ca address:0x20013f7c val:0x71 size:0x4 type:read
[State 0]  pc:0x80038ca address:0x20013f80 val:0x0 size:0x4 type:read
[State 0]  pc:0x80038ca address:0x20013f84 val:0x0 size:0x4 type:read
[State 0]  pc:0x80038ca address:0x20013f88 val:0x0 size:0x4 type:read
[State 0]  pc:0x80038ca address:0x20013f8c val:0x8003a6d size:0x4 type:read
[State 0] Ex Block pc: 0x8003a6c lr:0x8008a31
[State 0] Inst Executing 0x8003a6c
[State 0] Inst Executing 0x8003a6e
[State 0] Ex Block pc: 0x8003a5c lr:0x8008a31
[State 0] Inst Executing 0x8003a5c
[State 0] Inst Executing 0x8003a5e
[State 0] Ex Block pc: 0x8003a60 lr:0x8008a31
[State 0] Inst Executing 0x8003a60
[State 0] Inst Executing 0x8003a62
[State 0] Inst Executing 0x8003a64
[State 0] Inst Executing 0x8003a66
[State 0] Inst Executing 0x8003a68
[State 0] Ex Block pc: 0x8003856 lr:0x8003a6d firmata::FirmataMarshaller::encodeByteStream(unsigned
[State 0] Inst Executing 0x8003856
[State 0]  pc:0x8003856 address:0x20013f68 val:0x0 size:0x4 type:write
[State 0]  pc:0x8003856 address:0x20013f6c val:0x1 size:0x4 type:write
[State 0]  pc:0x8003856 address:0x20013f70 val:0x20000410 size:0x4 type:write
[State 0]  pc:0x8003856 address:0x20013f74 val:0x10 size:0x4 type:write
[State 0]  pc:0x8003856 address:0x20013f78 val:0x800a9c0 size:0x4 type:write
[State 0]  pc:0x8003856 address:0x20013f7c val:0x71 size:0x4 type:write
[State 0]  pc:0x8003856 address:0x20013f80 val:0x0 size:0x4 type:write
[State 0]  pc:0x8003856 address:0x20013f84 val:0x0 size:0x4 type:write
[State 0]  pc:0x8003856 address:0x20013f88 val:0x0 size:0x4 type:write
[State 0]  pc:0x8003856 address:0x20013f8c val:0x8003a6d size:0x4 type:write
[State 0] Inst Executing 0x800385a
[State 0] Inst Executing 0x800385c
[State 0] Inst Executing 0x800385e
[State 0] Inst Executing 0x8003860
[State 0]  pc:0x8003860 address:0x800a9c1 val:0x6e size:0x1 type:read
[State 0] Inst Executing 0x8003862
[State 0] Inst Executing 0x8003864
[State 0] Ex Block pc: 0x8003866 lr:0x8003a6d
[State 0] Inst Executing 0x8003866
[State 0] Inst Executing 0x800386a
[State 0] Inst Executing 0x800386e
[State 0] Inst Executing 0x8003870
[State 0] Inst Executing 0x8003872
[State 0] Ex Block pc: 0x8003878 lr:0x8003a6d
[State 0] Inst Executing 0x8003878
[State 0] Inst Executing 0x800387a
[State 0] Ex Block pc: 0x800387c lr:0x8003a6d
[State 0] Inst Executing 0x800387c
[State 0] Inst Executing 0x800387e
[State 0] Ex Block pc: 0x8003880 lr:0x8003a6d
[State 0] Inst Executing 0x8003880
[State 0]  pc:0x8003880 address:0x800a9c1 val:0x6e size:0x1 type:read
[State 0] Inst Executing 0x8003884
[State 0] Inst Executing 0x8003886
[State 0] Inst Executing 0x8003888
[State 0]  pc:0x8003888 address:0x20000410 val:0x20000730 size:0x4 type:read
[State 0] Inst Executing 0x800388c
[State 0]  pc:0x800388c address:0x20000730 val:0x800afd0 size:0x4 type:read
[State 0] Inst Executing 0x800388e
[State 0]  pc:0x800388e address:0x800afd0 val:0x8009075 size:0x4 type:read
[State 0] Inst Executing 0x8003890
[State 0] Inst Executing 0x8003894
[State 0] Ex Block pc: 0x8009074 lr:0x8003897 HardwareSerial::write(unsigned
[State 0] Inst Executing 0x8009074
[State 0]  pc:0x8009074 address:0x20013f58 val:0x6e size:0x4 type:write
[State 0]  pc:0x8009074 address:0x20013f5c val:0x0 size:0x4 type:write
[State 0]  pc:0x8009074 address:0x20013f60 val:0x0 size:0x4 type:write
[State 0]  pc:0x8009074 address:0x20013f64 val:0x8003897 size:0x4 type:write
[State 0] Inst Executing 0x8009076
[State 0] Inst Executing 0x8009078
[State 0]  pc:0x8009078 address:0x20000740 val:0x1 size:0x1 type:write
[State 0] Inst Executing 0x800907a
[State 0]  pc:0x800907a address:0x2000086c val:0x32 size:0x2 type:read
[State 0] Inst Executing 0x800907e
[State 0] Inst Executing 0x8009080
[State 0] Inst Executing 0x8009082
[State 0] Inst Executing 0x8009086
[State 0] Inst Executing 0x800908a
[State 0] Inst Executing 0x800908c
[State 0] Inst Executing 0x800908e
[State 0] Inst Executing 0x8009090
[State 0]  pc:0x8009090 address:0x2000086e val:0x0 size:0x2 type:read
[State 0] Inst Executing 0x8009094
[State 0] Inst Executing 0x8009096
[State 0] Inst Executing 0x8009098
[State 0] Inst Executing 0x800909a
[State 0] Ex Block pc: 0x800909c lr:0x8003897
[State 0] Inst Executing 0x800909c
[State 0]  pc:0x800909c address:0x20000868 val:0x20000781 size:0x4 type:read
[State 0] Inst Executing 0x80090a0
[State 0]  pc:0x80090a0 address:0x200007b3 val:0x6e size:0x1 type:write
[State 0] Inst Executing 0x80090a2
[State 0]  pc:0x80090a2 address:0x2000086c val:0x33 size:0x2 type:write
[State 0] Inst Executing 0x80090a6
[State 0] Inst Executing 0x80090aa
[State 0] Inst Executing 0x80090ac
[State 0] Ex Block pc: 0x8008a20 lr:0x80090b1 serial_tx_active
[State 0] Inst Executing 0x8008a20
[State 0]  pc:0x8008a20 address:0x20013f50 val:0x20000781 size:0x4 type:write
[State 0]  pc:0x8008a20 address:0x20013f54 val:0x80090b1 size:0x4 type:write
[State 0] Inst Executing 0x8008a22
[State 0]  pc:0x8008a22 address:0x20000848 val:0x1 size:0x1 type:read
[State 0] Inst Executing 0x8008a26
[State 0]  pc:0x8008a26 address:0x8008a40 val:0x200006d8 size:0x4 type:read
[State 0] Inst Executing 0x8008a28
[State 0]  pc:0x8008a28 address:0x200006dc val:0x20000808 size:0x4 type:read
[State 0] Inst Executing 0x8008a2c
[State 0] Ex Block pc: 0x8007538 lr:0x8008a31 HAL_UART_GetState
[State 0] Inst Executing 0x8007538
[State 0]  pc:0x8007538 address:0x20000841 val:0x32 size:0x1 type:read
[State 0] Inst Executing 0x800753c
[State 0] Ex Block pc: 0x8008a30 lr:0x8008a31
[State 0] Inst Executing 0x8008a30
[State 0] Inst Executing 0x8008a34
[State 0] Inst Executing 0x8008a36
[State 0] Inst Executing 0x8008a38
[State 0] Inst Executing 0x8008a3a
[State 0] Inst Executing 0x8008a3c
[State 0]  pc:0x8008a3c address:0x20013f50 val:0x20000781 size:0x4 type:read
[State 0]  pc:0x8008a3c address:0x20013f54 val:0x80090b1 size:0x4 type:read
[State 0] Ex Block pc: 0x80090b0 lr:0x8008a31
[State 0] Inst Executing 0x80090b0
[State 0] Ex Block pc: 0x80090b2 lr:0x8008a31
[State 0] Inst Executing 0x80090b2
[State 0] Inst Executing 0x80090b4
[State 0]  pc:0x80090b4 address:0x20013f58 val:0x6e size:0x4 type:read
[State 0]  pc:0x80090b4 address:0x20013f5c val:0x0 size:0x4 type:read
[State 0]  pc:0x80090b4 address:0x20013f60 val:0x0 size:0x4 type:read
[State 0]  pc:0x80090b4 address:0x20013f64 val:0x8003897 size:0x4 type:read
[State 0] Ex Block pc: 0x8003896 lr:0x8008a31
[State 0] Inst Executing 0x8003896
[State 0] Inst Executing 0x8003898
[State 0]  pc:0x8003898 address:0x800a9c1 val:0x6e size:0x1 type:read
[State 0] Inst Executing 0x800389c
[State 0] Inst Executing 0x80038a0
[State 0] Inst Executing 0x80038a2
[State 0] Inst Executing 0x80038a4
[State 0] Inst Executing 0x80038a6
[State 0] Inst Executing 0x80038a8
[State 0] Ex Block pc: 0x8003874 lr:0x8008a31
[State 0] Inst Executing 0x8003874
[State 0] Inst Executing 0x8003878
[State 0] Inst Executing 0x800387a
[State 0] Ex Block pc: 0x80038c4 lr:0x8008a31
[State 0] Inst Executing 0x80038c4
[State 0] Ex Block pc: 0x80038c6 lr:0x8008a31
[State 0] Inst Executing 0x80038c6
[State 0] Inst Executing 0x80038c8
[State 0] Ex Block pc: 0x80038ce lr:0x8008a31
[State 0] Inst Executing 0x80038ce
[State 0]  pc:0x80038ce address:0x20000410 val:0x20000730 size:0x4 type:read
[State 0] Inst Executing 0x80038d2
[State 0]  pc:0x80038d2 address:0x20000730 val:0x800afd0 size:0x4 type:read
[State 0] Inst Executing 0x80038d4
[State 0]  pc:0x80038d4 address:0x800afd0 val:0x8009075 size:0x4 type:read
[State 0] Inst Executing 0x80038d6
[State 0] Inst Executing 0x80038d8
[State 0] Inst Executing 0x80038da
[State 0] Inst Executing 0x80038dc
[State 0] Inst Executing 0x80038de
[State 0] Ex Block pc: 0x8009074 lr:0x80038e1 HardwareSerial::write(unsigned
[State 0] Inst Executing 0x8009074
[State 0]  pc:0x8009074 address:0x20013f58 val:0x0 size:0x4 type:write
[State 0]  pc:0x8009074 address:0x20013f5c val:0x1 size:0x4 type:write
[State 0]  pc:0x8009074 address:0x20013f60 val:0x1 size:0x4 type:write
[State 0]  pc:0x8009074 address:0x20013f64 val:0x80038e1 size:0x4 type:write
[State 0] Inst Executing 0x8009076
[State 0] Inst Executing 0x8009078
[State 0]  pc:0x8009078 address:0x20000740 val:0x1 size:0x1 type:write
[State 0] Inst Executing 0x800907a
[State 0]  pc:0x800907a address:0x2000086c val:0x33 size:0x2 type:read
[State 0] Inst Executing 0x800907e
[State 0] Inst Executing 0x8009080
[State 0] Inst Executing 0x8009082
[State 0] Inst Executing 0x8009086
[State 0] Inst Executing 0x800908a
[State 0] Inst Executing 0x800908c
[State 0] Inst Executing 0x800908e
[State 0] Inst Executing 0x8009090
[State 0]  pc:0x8009090 address:0x2000086e val:0x0 size:0x2 type:read
[State 0] Inst Executing 0x8009094
[State 0] Inst Executing 0x8009096
[State 0] Inst Executing 0x8009098
[State 0] Inst Executing 0x800909a
[State 0] Ex Block pc: 0x800909c lr:0x80038e1
[State 0] Inst Executing 0x800909c
[State 0]  pc:0x800909c address:0x20000868 val:0x20000781 size:0x4 type:read
[State 0] Inst Executing 0x80090a0
[State 0]  pc:0x80090a0 address:0x200007b4 val:0x0 size:0x1 type:write
[State 0] Inst Executing 0x80090a2
[State 0]  pc:0x80090a2 address:0x2000086c val:0x34 size:0x2 type:write
[State 0] Inst Executing 0x80090a6
[State 0] Inst Executing 0x80090aa
[State 0] Inst Executing 0x80090ac
[State 0] Ex Block pc: 0x8008a20 lr:0x80090b1 serial_tx_active
[State 0] Inst Executing 0x8008a20
[State 0]  pc:0x8008a20 address:0x20013f50 val:0x20000781 size:0x4 type:write
[State 0]  pc:0x8008a20 address:0x20013f54 val:0x80090b1 size:0x4 type:write
[State 0] Inst Executing 0x8008a22
[State 0]  pc:0x8008a22 address:0x20000848 val:0x1 size:0x1 type:read
[State 0] Inst Executing 0x8008a26
[State 0]  pc:0x8008a26 address:0x8008a40 val:0x200006d8 size:0x4 type:read
[State 0] Inst Executing 0x8008a28
[State 0]  pc:0x8008a28 address:0x200006dc val:0x20000808 size:0x4 type:read
[State 0] Inst Executing 0x8008a2c
[State 0] Ex Block pc: 0x8007538 lr:0x8008a31 HAL_UART_GetState
[State 0] Inst Executing 0x8007538
[State 0]  pc:0x8007538 address:0x20000841 val:0x32 size:0x1 type:read
[State 0] Inst Executing 0x800753c
[State 0] Ex Block pc: 0x8008a30 lr:0x8008a31
[State 0] Inst Executing 0x8008a30
[State 0] Inst Executing 0x8008a34
[State 0] Inst Executing 0x8008a36
[State 0] Inst Executing 0x8008a38
[State 0] Inst Executing 0x8008a3a
[State 0] Inst Executing 0x8008a3c
[State 0]  pc:0x8008a3c address:0x20013f50 val:0x20000781 size:0x4 type:read
[State 0]  pc:0x8008a3c address:0x20013f54 val:0x80090b1 size:0x4 type:read
[State 0] Ex Block pc: 0x80090b0 lr:0x8008a31
[State 0] Inst Executing 0x80090b0
[State 0] Ex Block pc: 0x80090b2 lr:0x8008a31
[State 0] Inst Executing 0x80090b2
[State 0] Inst Executing 0x80090b4
[State 0]  pc:0x80090b4 address:0x20013f58 val:0x0 size:0x4 type:read
[State 0]  pc:0x80090b4 address:0x20013f5c val:0x1 size:0x4 type:read
[State 0]  pc:0x80090b4 address:0x20013f60 val:0x1 size:0x4 type:read
[State 0]  pc:0x80090b4 address:0x20013f64 val:0x80038e1 size:0x4 type:read
[State 0] Ex Block pc: 0x80038e0 lr:0x8008a31
[State 0] Inst Executing 0x80038e0
[State 0] Ex Block pc: 0x80038ca lr:0x8008a31
[State 0] Inst Executing 0x80038ca
[State 0]  pc:0x80038ca address:0x20013f68 val:0x0 size:0x4 type:read
[State 0]  pc:0x80038ca address:0x20013f6c val:0x1 size:0x4 type:read
[State 0]  pc:0x80038ca address:0x20013f70 val:0x20000410 size:0x4 type:read
[State 0]  pc:0x80038ca address:0x20013f74 val:0x10 size:0x4 type:read
[State 0]  pc:0x80038ca address:0x20013f78 val:0x800a9c0 size:0x4 type:read
[State 0]  pc:0x80038ca address:0x20013f7c val:0x71 size:0x4 type:read
[State 0]  pc:0x80038ca address:0x20013f80 val:0x0 size:0x4 type:read
[State 0]  pc:0x80038ca address:0x20013f84 val:0x0 size:0x4 type:read
[State 0]  pc:0x80038ca address:0x20013f88 val:0x0 size:0x4 type:read
[State 0]  pc:0x80038ca address:0x20013f8c val:0x8003a6d size:0x4 type:read
[State 0] Ex Block pc: 0x8003a6c lr:0x8008a31
[State 0] Inst Executing 0x8003a6c
[State 0] Inst Executing 0x8003a6e
[State 0] Ex Block pc: 0x8003a5c lr:0x8008a31
[State 0] Inst Executing 0x8003a5c
[State 0] Inst Executing 0x8003a5e
[State 0] Ex Block pc: 0x8003a60 lr:0x8008a31
[State 0] Inst Executing 0x8003a60
[State 0] Inst Executing 0x8003a62
[State 0] Inst Executing 0x8003a64
[State 0] Inst Executing 0x8003a66
[State 0] Inst Executing 0x8003a68
[State 0] Ex Block pc: 0x8003856 lr:0x8003a6d firmata::FirmataMarshaller::encodeByteStream(unsigned
[State 0] Inst Executing 0x8003856
[State 0]  pc:0x8003856 address:0x20013f68 val:0x0 size:0x4 type:write
[State 0]  pc:0x8003856 address:0x20013f6c val:0x2 size:0x4 type:write
[State 0]  pc:0x8003856 address:0x20013f70 val:0x20000410 size:0x4 type:write
[State 0]  pc:0x8003856 address:0x20013f74 val:0x10 size:0x4 type:write
[State 0]  pc:0x8003856 address:0x20013f78 val:0x800a9c0 size:0x4 type:write
[State 0]  pc:0x8003856 address:0x20013f7c val:0x71 size:0x4 type:write
[State 0]  pc:0x8003856 address:0x20013f80 val:0x0 size:0x4 type:write
[State 0]  pc:0x8003856 address:0x20013f84 val:0x0 size:0x4 type:write
[State 0]  pc:0x8003856 address:0x20013f88 val:0x0 size:0x4 type:write
[State 0]  pc:0x8003856 address:0x20013f8c val:0x8003a6d size:0x4 type:write
[State 0] Inst Executing 0x800385a
[State 0] Inst Executing 0x800385c
[State 0] Inst Executing 0x800385e
[State 0] Inst Executing 0x8003860
[State 0]  pc:0x8003860 address:0x800a9c2 val:0x6b size:0x1 type:read
[State 0] Inst Executing 0x8003862
[State 0] Inst Executing 0x8003864
[State 0] Ex Block pc: 0x8003866 lr:0x8003a6d
[State 0] Inst Executing 0x8003866
[State 0] Inst Executing 0x800386a
[State 0] Inst Executing 0x800386e
[State 0] Inst Executing 0x8003870
[State 0] Inst Executing 0x8003872
[State 0] Ex Block pc: 0x8003878 lr:0x8003a6d
[State 0] Inst Executing 0x8003878
[State 0] Inst Executing 0x800387a
[State 0] Ex Block pc: 0x800387c lr:0x8003a6d
[State 0] Inst Executing 0x800387c
[State 0] Inst Executing 0x800387e
[State 0] Ex Block pc: 0x8003880 lr:0x8003a6d
[State 0] Inst Executing 0x8003880
[State 0]  pc:0x8003880 address:0x800a9c2 val:0x6b size:0x1 type:read
[State 0] Inst Executing 0x8003884
[State 0] Inst Executing 0x8003886
[State 0] Inst Executing 0x8003888
[State 0]  pc:0x8003888 address:0x20000410 val:0x20000730 size:0x4 type:read
[State 0] Inst Executing 0x800388c
[State 0]  pc:0x800388c address:0x20000730 val:0x800afd0 size:0x4 type:read
[State 0] Inst Executing 0x800388e
[State 0]  pc:0x800388e address:0x800afd0 val:0x8009075 size:0x4 type:read
[State 0] Inst Executing 0x8003890
[State 0] Inst Executing 0x8003894
[State 0] Ex Block pc: 0x8009074 lr:0x8003897 HardwareSerial::write(unsigned
[State 0] Inst Executing 0x8009074
[State 0]  pc:0x8009074 address:0x20013f58 val:0x6b size:0x4 type:write
[State 0]  pc:0x8009074 address:0x20013f5c val:0x0 size:0x4 type:write
[State 0]  pc:0x8009074 address:0x20013f60 val:0x0 size:0x4 type:write
[State 0]  pc:0x8009074 address:0x20013f64 val:0x8003897 size:0x4 type:write
[State 0] Inst Executing 0x8009076
[State 0] Inst Executing 0x8009078
[State 0]  pc:0x8009078 address:0x20000740 val:0x1 size:0x1 type:write
[State 0] Inst Executing 0x800907a
[State 0]  pc:0x800907a address:0x2000086c val:0x34 size:0x2 type:read
[State 0] Inst Executing 0x800907e
[State 0] Inst Executing 0x8009080
[State 0] Inst Executing 0x8009082
[State 0] Inst Executing 0x8009086
[State 0] Inst Executing 0x800908a
[State 0] Inst Executing 0x800908c
[State 0] Inst Executing 0x800908e
[State 0] Inst Executing 0x8009090
[State 0]  pc:0x8009090 address:0x2000086e val:0x0 size:0x2 type:read
[State 0] Inst Executing 0x8009094
[State 0] Inst Executing 0x8009096
[State 0] Inst Executing 0x8009098
[State 0] Inst Executing 0x800909a
[State 0] Ex Block pc: 0x800909c lr:0x8003897
[State 0] Inst Executing 0x800909c
[State 0]  pc:0x800909c address:0x20000868 val:0x20000781 size:0x4 type:read
[State 0] Inst Executing 0x80090a0
[State 0]  pc:0x80090a0 address:0x200007b5 val:0x6b size:0x1 type:write
[State 0] Inst Executing 0x80090a2
[State 0]  pc:0x80090a2 address:0x2000086c val:0x35 size:0x2 type:write
[State 0] Inst Executing 0x80090a6
[State 0] Inst Executing 0x80090aa
[State 0] Inst Executing 0x80090ac
[State 0] Ex Block pc: 0x8008a20 lr:0x80090b1 serial_tx_active
[State 0] Inst Executing 0x8008a20
[State 0]  pc:0x8008a20 address:0x20013f50 val:0x20000781 size:0x4 type:write
[State 0]  pc:0x8008a20 address:0x20013f54 val:0x80090b1 size:0x4 type:write
[State 0] Inst Executing 0x8008a22
[State 0]  pc:0x8008a22 address:0x20000848 val:0x1 size:0x1 type:read
[State 0] Inst Executing 0x8008a26
[State 0]  pc:0x8008a26 address:0x8008a40 val:0x200006d8 size:0x4 type:read
[State 0] Inst Executing 0x8008a28
[State 0]  pc:0x8008a28 address:0x200006dc val:0x20000808 size:0x4 type:read
[State 0] Inst Executing 0x8008a2c
[State 0] Ex Block pc: 0x8007538 lr:0x8008a31 HAL_UART_GetState
[State 0] Inst Executing 0x8007538
[State 0]  pc:0x8007538 address:0x20000841 val:0x32 size:0x1 type:read
[State 0] Inst Executing 0x800753c
[State 0] Ex Block pc: 0x8008a30 lr:0x8008a31
[State 0] Inst Executing 0x8008a30
[State 0] Inst Executing 0x8008a34
[State 0] Inst Executing 0x8008a36
[State 0] Inst Executing 0x8008a38
[State 0] Inst Executing 0x8008a3a
[State 0] Inst Executing 0x8008a3c
[State 0]  pc:0x8008a3c address:0x20013f50 val:0x20000781 size:0x4 type:read
[State 0]  pc:0x8008a3c address:0x20013f54 val:0x80090b1 size:0x4 type:read
[State 0] Ex Block pc: 0x80090b0 lr:0x8008a31
[State 0] Inst Executing 0x80090b0
[State 0] Ex Block pc: 0x80090b2 lr:0x8008a31
[State 0] Inst Executing 0x80090b2
[State 0] Inst Executing 0x80090b4
[State 0]  pc:0x80090b4 address:0x20013f58 val:0x6b size:0x4 type:read
[State 0]  pc:0x80090b4 address:0x20013f5c val:0x0 size:0x4 type:read
[State 0]  pc:0x80090b4 address:0x20013f60 val:0x0 size:0x4 type:read
[State 0]  pc:0x80090b4 address:0x20013f64 val:0x8003897 size:0x4 type:read
[State 0] Ex Block pc: 0x8003896 lr:0x8008a31
[State 0] Inst Executing 0x8003896
[State 0] Inst Executing 0x8003898
[State 0]  pc:0x8003898 address:0x800a9c2 val:0x6b size:0x1 type:read
[State 0] Inst Executing 0x800389c
[State 0] Inst Executing 0x80038a0
[State 0] Inst Executing 0x80038a2
[State 0] Inst Executing 0x80038a4
[State 0] Inst Executing 0x80038a6
[State 0] Inst Executing 0x80038a8
[State 0] Ex Block pc: 0x8003874 lr:0x8008a31
[State 0] Inst Executing 0x8003874
[State 0] Inst Executing 0x8003878
[State 0] Inst Executing 0x800387a
[State 0] Ex Block pc: 0x80038c4 lr:0x8008a31
[State 0] Inst Executing 0x80038c4
[State 0] Ex Block pc: 0x80038c6 lr:0x8008a31
[State 0] Inst Executing 0x80038c6
[State 0] Inst Executing 0x80038c8
[State 0] Ex Block pc: 0x80038ce lr:0x8008a31
[State 0] Inst Executing 0x80038ce
[State 0]  pc:0x80038ce address:0x20000410 val:0x20000730 size:0x4 type:read
[State 0] Inst Executing 0x80038d2
[State 0]  pc:0x80038d2 address:0x20000730 val:0x800afd0 size:0x4 type:read
[State 0] Inst Executing 0x80038d4
[State 0]  pc:0x80038d4 address:0x800afd0 val:0x8009075 size:0x4 type:read
[State 0] Inst Executing 0x80038d6
[State 0] Inst Executing 0x80038d8
[State 0] Inst Executing 0x80038da
[State 0] Inst Executing 0x80038dc
[State 0] Inst Executing 0x80038de
[State 0] Ex Block pc: 0x8009074 lr:0x80038e1 HardwareSerial::write(unsigned
[State 0] Inst Executing 0x8009074
[State 0]  pc:0x8009074 address:0x20013f58 val:0x0 size:0x4 type:write
[State 0]  pc:0x8009074 address:0x20013f5c val:0x1 size:0x4 type:write
[State 0]  pc:0x8009074 address:0x20013f60 val:0x1 size:0x4 type:write
[State 0]  pc:0x8009074 address:0x20013f64 val:0x80038e1 size:0x4 type:write
[State 0] Inst Executing 0x8009076
[State 0] Inst Executing 0x8009078
[State 0]  pc:0x8009078 address:0x20000740 val:0x1 size:0x1 type:write
[State 0] Inst Executing 0x800907a
[State 0]  pc:0x800907a address:0x2000086c val:0x35 size:0x2 type:read
[State 0] Inst Executing 0x800907e
[State 0] Inst Executing 0x8009080
[State 0] Inst Executing 0x8009082
[State 0] Inst Executing 0x8009086
[State 0] Inst Executing 0x800908a
[State 0] Inst Executing 0x800908c
[State 0] Inst Executing 0x800908e
[State 0] Inst Executing 0x8009090
[State 0]  pc:0x8009090 address:0x2000086e val:0x0 size:0x2 type:read
[State 0] Inst Executing 0x8009094
[State 0] Inst Executing 0x8009096
[State 0] Inst Executing 0x8009098
[State 0] Inst Executing 0x800909a
[State 0] Ex Block pc: 0x800909c lr:0x80038e1
[State 0] Inst Executing 0x800909c
[State 0]  pc:0x800909c address:0x20000868 val:0x20000781 size:0x4 type:read
[State 0] Inst Executing 0x80090a0
[State 0]  pc:0x80090a0 address:0x200007b6 val:0x0 size:0x1 type:write
[State 0] Inst Executing 0x80090a2
[State 0]  pc:0x80090a2 address:0x2000086c val:0x36 size:0x2 type:write
[State 0] Inst Executing 0x80090a6
[State 0] Inst Executing 0x80090aa
[State 0] Inst Executing 0x80090ac
[State 0] Ex Block pc: 0x8008a20 lr:0x80090b1 serial_tx_active
[State 0] Inst Executing 0x8008a20
[State 0]  pc:0x8008a20 address:0x20013f50 val:0x20000781 size:0x4 type:write
[State 0]  pc:0x8008a20 address:0x20013f54 val:0x80090b1 size:0x4 type:write
[State 0] Inst Executing 0x8008a22
[State 0]  pc:0x8008a22 address:0x20000848 val:0x1 size:0x1 type:read
[State 0] Inst Executing 0x8008a26
[State 0]  pc:0x8008a26 address:0x8008a40 val:0x200006d8 size:0x4 type:read
[State 0] Inst Executing 0x8008a28
[State 0]  pc:0x8008a28 address:0x200006dc val:0x20000808 size:0x4 type:read
[State 0] Inst Executing 0x8008a2c
[State 0] Ex Block pc: 0x8007538 lr:0x8008a31 HAL_UART_GetState
[State 0] Inst Executing 0x8007538
[State 0]  pc:0x8007538 address:0x20000841 val:0x32 size:0x1 type:read
[State 0] Inst Executing 0x800753c
[State 0] Ex Block pc: 0x8008a30 lr:0x8008a31
[State 0] Inst Executing 0x8008a30
[State 0] Inst Executing 0x8008a34
[State 0] Inst Executing 0x8008a36
[State 0] Inst Executing 0x8008a38
[State 0] Inst Executing 0x8008a3a
[State 0] Inst Executing 0x8008a3c
[State 0]  pc:0x8008a3c address:0x20013f50 val:0x20000781 size:0x4 type:read
[State 0]  pc:0x8008a3c address:0x20013f54 val:0x80090b1 size:0x4 type:read
[State 0] Ex Block pc: 0x80090b0 lr:0x8008a31
[State 0] Inst Executing 0x80090b0
[State 0] Ex Block pc: 0x80090b2 lr:0x8008a31
[State 0] Inst Executing 0x80090b2
[State 0] Inst Executing 0x80090b4
[State 0]  pc:0x80090b4 address:0x20013f58 val:0x0 size:0x4 type:read
[State 0]  pc:0x80090b4 address:0x20013f5c val:0x1 size:0x4 type:read
[State 0]  pc:0x80090b4 address:0x20013f60 val:0x1 size:0x4 type:read
[State 0]  pc:0x80090b4 address:0x20013f64 val:0x80038e1 size:0x4 type:read
[State 0] Ex Block pc: 0x80038e0 lr:0x8008a31
[State 0] Inst Executing 0x80038e0
[State 0] Ex Block pc: 0x80038ca lr:0x8008a31
[State 0] Inst Executing 0x80038ca
[State 0]  pc:0x80038ca address:0x20013f68 val:0x0 size:0x4 type:read
[State 0]  pc:0x80038ca address:0x20013f6c val:0x2 size:0x4 type:read
[State 0]  pc:0x80038ca address:0x20013f70 val:0x20000410 size:0x4 type:read
[State 0]  pc:0x80038ca address:0x20013f74 val:0x10 size:0x4 type:read
[State 0]  pc:0x80038ca address:0x20013f78 val:0x800a9c0 size:0x4 type:read
[State 0]  pc:0x80038ca address:0x20013f7c val:0x71 size:0x4 type:read
[State 0]  pc:0x80038ca address:0x20013f80 val:0x0 size:0x4 type:read
[State 0]  pc:0x80038ca address:0x20013f84 val:0x0 size:0x4 type:read
[State 0]  pc:0x80038ca address:0x20013f88 val:0x0 size:0x4 type:read
[State 0]  pc:0x80038ca address:0x20013f8c val:0x8003a6d size:0x4 type:read
[State 0] Ex Block pc: 0x8003a6c lr:0x8008a31
[State 0] Inst Executing 0x8003a6c
[State 0] Inst Executing 0x8003a6e
[State 0] Ex Block pc: 0x8003a5c lr:0x8008a31
[State 0] Inst Executing 0x8003a5c
[State 0] Inst Executing 0x8003a5e
[State 0] Ex Block pc: 0x8003a60 lr:0x8008a31
[State 0] Inst Executing 0x8003a60
[State 0] Inst Executing 0x8003a62
[State 0] Inst Executing 0x8003a64
[State 0] Inst Executing 0x8003a66
[State 0] Inst Executing 0x8003a68
[State 0] Ex Block pc: 0x8003856 lr:0x8003a6d firmata::FirmataMarshaller::encodeByteStream(unsigned
[State 0] Inst Executing 0x8003856
[State 0]  pc:0x8003856 address:0x20013f68 val:0x0 size:0x4 type:write
[State 0]  pc:0x8003856 address:0x20013f6c val:0x3 size:0x4 type:write
[State 0]  pc:0x8003856 address:0x20013f70 val:0x20000410 size:0x4 type:write
[State 0]  pc:0x8003856 address:0x20013f74 val:0x10 size:0x4 type:write
[State 0]  pc:0x8003856 address:0x20013f78 val:0x800a9c0 size:0x4 type:write
[State 0]  pc:0x8003856 address:0x20013f7c val:0x71 size:0x4 type:write
[State 0]  pc:0x8003856 address:0x20013f80 val:0x0 size:0x4 type:write
[State 0]  pc:0x8003856 address:0x20013f84 val:0x0 size:0x4 type:write
[State 0]  pc:0x8003856 address:0x20013f88 val:0x0 size:0x4 type:write
[State 0]  pc:0x8003856 address:0x20013f8c val:0x8003a6d size:0x4 type:write
[State 0] Inst Executing 0x800385a
[State 0] Inst Executing 0x800385c
[State 0] Inst Executing 0x800385e
[State 0] Inst Executing 0x8003860
[State 0]  pc:0x8003860 address:0x800a9c3 val:0x6e size:0x1 type:read
[State 0] Inst Executing 0x8003862
[State 0] Inst Executing 0x8003864
[State 0] Ex Block pc: 0x8003866 lr:0x8003a6d
[State 0] Inst Executing 0x8003866
[State 0] Inst Executing 0x800386a
[State 0] Inst Executing 0x800386e
[State 0] Inst Executing 0x8003870
[State 0] Inst Executing 0x8003872
[State 0] Ex Block pc: 0x8003878 lr:0x8003a6d
[State 0] Inst Executing 0x8003878
[State 0] Inst Executing 0x800387a
[State 0] Ex Block pc: 0x800387c lr:0x8003a6d
[State 0] Inst Executing 0x800387c
[State 0] Inst Executing 0x800387e
[State 0] Ex Block pc: 0x8003880 lr:0x8003a6d
[State 0] Inst Executing 0x8003880
[State 0]  pc:0x8003880 address:0x800a9c3 val:0x6e size:0x1 type:read
[State 0] Inst Executing 0x8003884
[State 0] Inst Executing 0x8003886
[State 0] Inst Executing 0x8003888
[State 0]  pc:0x8003888 address:0x20000410 val:0x20000730 size:0x4 type:read
[State 0] Inst Executing 0x800388c
[State 0]  pc:0x800388c address:0x20000730 val:0x800afd0 size:0x4 type:read
[State 0] Inst Executing 0x800388e
[State 0]  pc:0x800388e address:0x800afd0 val:0x8009075 size:0x4 type:read
[State 0] Inst Executing 0x8003890
[State 0] Inst Executing 0x8003894
[State 0] Ex Block pc: 0x8009074 lr:0x8003897 HardwareSerial::write(unsigned
[State 0] Inst Executing 0x8009074
[State 0]  pc:0x8009074 address:0x20013f58 val:0x6e size:0x4 type:write
[State 0]  pc:0x8009074 address:0x20013f5c val:0x0 size:0x4 type:write
[State 0]  pc:0x8009074 address:0x20013f60 val:0x0 size:0x4 type:write
[State 0]  pc:0x8009074 address:0x20013f64 val:0x8003897 size:0x4 type:write
[State 0] Inst Executing 0x8009076
[State 0] Inst Executing 0x8009078
[State 0]  pc:0x8009078 address:0x20000740 val:0x1 size:0x1 type:write
[State 0] Inst Executing 0x800907a
[State 0]  pc:0x800907a address:0x2000086c val:0x36 size:0x2 type:read
[State 0] Inst Executing 0x800907e
[State 0] Inst Executing 0x8009080
[State 0] Inst Executing 0x8009082
[State 0] Inst Executing 0x8009086
[State 0] Inst Executing 0x800908a
[State 0] Inst Executing 0x800908c
[State 0] Inst Executing 0x800908e
[State 0] Inst Executing 0x8009090
[State 0]  pc:0x8009090 address:0x2000086e val:0x0 size:0x2 type:read
[State 0] Inst Executing 0x8009094
[State 0] Inst Executing 0x8009096
[State 0] Inst Executing 0x8009098
[State 0] Inst Executing 0x800909a
[State 0] Ex Block pc: 0x800909c lr:0x8003897
[State 0] Inst Executing 0x800909c
[State 0]  pc:0x800909c address:0x20000868 val:0x20000781 size:0x4 type:read
[State 0] Inst Executing 0x80090a0
[State 0]  pc:0x80090a0 address:0x200007b7 val:0x6e size:0x1 type:write
[State 0] Inst Executing 0x80090a2
[State 0]  pc:0x80090a2 address:0x2000086c val:0x37 size:0x2 type:write
[State 0] Inst Executing 0x80090a6
[State 0] Inst Executing 0x80090aa
[State 0] Inst Executing 0x80090ac
[State 0] Ex Block pc: 0x8008a20 lr:0x80090b1 serial_tx_active
[State 0] Inst Executing 0x8008a20
[State 0]  pc:0x8008a20 address:0x20013f50 val:0x20000781 size:0x4 type:write
[State 0]  pc:0x8008a20 address:0x20013f54 val:0x80090b1 size:0x4 type:write
[State 0] Inst Executing 0x8008a22
[State 0]  pc:0x8008a22 address:0x20000848 val:0x1 size:0x1 type:read
[State 0] Inst Executing 0x8008a26
[State 0]  pc:0x8008a26 address:0x8008a40 val:0x200006d8 size:0x4 type:read
[State 0] Inst Executing 0x8008a28
[State 0]  pc:0x8008a28 address:0x200006dc val:0x20000808 size:0x4 type:read
[State 0] Inst Executing 0x8008a2c
[State 0] Ex Block pc: 0x8007538 lr:0x8008a31 HAL_UART_GetState
[State 0] Inst Executing 0x8007538
[State 0]  pc:0x8007538 address:0x20000841 val:0x32 size:0x1 type:read
[State 0] Inst Executing 0x800753c
[State 0] Ex Block pc: 0x8008a30 lr:0x8008a31
[State 0] Inst Executing 0x8008a30
[State 0] Inst Executing 0x8008a34
[State 0] Inst Executing 0x8008a36
[State 0] Inst Executing 0x8008a38
[State 0] Inst Executing 0x8008a3a
[State 0] Inst Executing 0x8008a3c
[State 0]  pc:0x8008a3c address:0x20013f50 val:0x20000781 size:0x4 type:read
[State 0]  pc:0x8008a3c address:0x20013f54 val:0x80090b1 size:0x4 type:read
[State 0] Ex Block pc: 0x80090b0 lr:0x8008a31
[State 0] Inst Executing 0x80090b0
[State 0] Ex Block pc: 0x80090b2 lr:0x8008a31
[State 0] Inst Executing 0x80090b2
[State 0] Inst Executing 0x80090b4
[State 0]  pc:0x80090b4 address:0x20013f58 val:0x6e size:0x4 type:read
[State 0]  pc:0x80090b4 address:0x20013f5c val:0x0 size:0x4 type:read
[State 0]  pc:0x80090b4 address:0x20013f60 val:0x0 size:0x4 type:read
[State 0]  pc:0x80090b4 address:0x20013f64 val:0x8003897 size:0x4 type:read
[State 0] Ex Block pc: 0x8003896 lr:0x8008a31
[State 0] Inst Executing 0x8003896
[State 0] Inst Executing 0x8003898
[State 0]  pc:0x8003898 address:0x800a9c3 val:0x6e size:0x1 type:read
[State 0] Inst Executing 0x800389c
[State 0] Inst Executing 0x80038a0
[State 0] Inst Executing 0x80038a2
[State 0] Inst Executing 0x80038a4
[State 0] Inst Executing 0x80038a6
[State 0] Inst Executing 0x80038a8
[State 0] Ex Block pc: 0x8003874 lr:0x8008a31
[State 0] Inst Executing 0x8003874
[State 0] Inst Executing 0x8003878
[State 0] Inst Executing 0x800387a
[State 0] Ex Block pc: 0x80038c4 lr:0x8008a31
[State 0] Inst Executing 0x80038c4
[State 0] Ex Block pc: 0x80038c6 lr:0x8008a31
[State 0] Inst Executing 0x80038c6
[State 0] Inst Executing 0x80038c8
[State 0] Ex Block pc: 0x80038ce lr:0x8008a31
[State 0] Inst Executing 0x80038ce
[State 0]  pc:0x80038ce address:0x20000410 val:0x20000730 size:0x4 type:read
[State 0] Inst Executing 0x80038d2
[State 0]  pc:0x80038d2 address:0x20000730 val:0x800afd0 size:0x4 type:read
[State 0] Inst Executing 0x80038d4
[State 0]  pc:0x80038d4 address:0x800afd0 val:0x8009075 size:0x4 type:read
[State 0] Inst Executing 0x80038d6
[State 0] Inst Executing 0x80038d8
[State 0] Inst Executing 0x80038da
[State 0] Inst Executing 0x80038dc
[State 0] Inst Executing 0x80038de
[State 0] Ex Block pc: 0x8009074 lr:0x80038e1 HardwareSerial::write(unsigned
[State 0] Inst Executing 0x8009074
[State 0]  pc:0x8009074 address:0x20013f58 val:0x0 size:0x4 type:write
[State 0]  pc:0x8009074 address:0x20013f5c val:0x1 size:0x4 type:write
[State 0]  pc:0x8009074 address:0x20013f60 val:0x1 size:0x4 type:write
[State 0]  pc:0x8009074 address:0x20013f64 val:0x80038e1 size:0x4 type:write
[State 0] Inst Executing 0x8009076
[State 0] Inst Executing 0x8009078
[State 0]  pc:0x8009078 address:0x20000740 val:0x1 size:0x1 type:write
[State 0] Inst Executing 0x800907a
[State 0]  pc:0x800907a address:0x2000086c val:0x37 size:0x2 type:read
[State 0] Inst Executing 0x800907e
[State 0] Inst Executing 0x8009080
[State 0] Inst Executing 0x8009082
[State 0] Inst Executing 0x8009086
[State 0] Inst Executing 0x800908a
[State 0] Inst Executing 0x800908c
[State 0] Inst Executing 0x800908e
[State 0] Inst Executing 0x8009090
[State 0]  pc:0x8009090 address:0x2000086e val:0x0 size:0x2 type:read
[State 0] Inst Executing 0x8009094
[State 0] Inst Executing 0x8009096
[State 0] Inst Executing 0x8009098
[State 0] Inst Executing 0x800909a
[State 0] Ex Block pc: 0x800909c lr:0x80038e1
[State 0] Inst Executing 0x800909c
[State 0]  pc:0x800909c address:0x20000868 val:0x20000781 size:0x4 type:read
[State 0] Inst Executing 0x80090a0
[State 0]  pc:0x80090a0 address:0x200007b8 val:0x0 size:0x1 type:write
[State 0] Inst Executing 0x80090a2
[State 0]  pc:0x80090a2 address:0x2000086c val:0x38 size:0x2 type:write
[State 0] Inst Executing 0x80090a6
[State 0] Inst Executing 0x80090aa
[State 0] Inst Executing 0x80090ac
[State 0] Ex Block pc: 0x8008a20 lr:0x80090b1 serial_tx_active
[State 0] Inst Executing 0x8008a20
[State 0]  pc:0x8008a20 address:0x20013f50 val:0x20000781 size:0x4 type:write
[State 0]  pc:0x8008a20 address:0x20013f54 val:0x80090b1 size:0x4 type:write
[State 0] Inst Executing 0x8008a22
[State 0]  pc:0x8008a22 address:0x20000848 val:0x1 size:0x1 type:read
[State 0] Inst Executing 0x8008a26
[State 0]  pc:0x8008a26 address:0x8008a40 val:0x200006d8 size:0x4 type:read
[State 0] Inst Executing 0x8008a28
[State 0]  pc:0x8008a28 address:0x200006dc val:0x20000808 size:0x4 type:read
[State 0] Inst Executing 0x8008a2c
[State 0] Ex Block pc: 0x8007538 lr:0x8008a31 HAL_UART_GetState
[State 0] Inst Executing 0x8007538
[State 0]  pc:0x8007538 address:0x20000841 val:0x32 size:0x1 type:read
[State 0] Inst Executing 0x800753c
[State 0] Ex Block pc: 0x8008a30 lr:0x8008a31
[State 0] Inst Executing 0x8008a30
[State 0] Inst Executing 0x8008a34
[State 0] Inst Executing 0x8008a36
[State 0] Inst Executing 0x8008a38
[State 0] Inst Executing 0x8008a3a
[State 0] Inst Executing 0x8008a3c
[State 0]  pc:0x8008a3c address:0x20013f50 val:0x20000781 size:0x4 type:read
[State 0]  pc:0x8008a3c address:0x20013f54 val:0x80090b1 size:0x4 type:read
[State 0] Ex Block pc: 0x80090b0 lr:0x8008a31
[State 0] Inst Executing 0x80090b0
[State 0] Ex Block pc: 0x80090b2 lr:0x8008a31
[State 0] Inst Executing 0x80090b2
[State 0] Inst Executing 0x80090b4
[State 0]  pc:0x80090b4 address:0x20013f58 val:0x0 size:0x4 type:read
[State 0]  pc:0x80090b4 address:0x20013f5c val:0x1 size:0x4 type:read
[State 0]  pc:0x80090b4 address:0x20013f60 val:0x1 size:0x4 type:read
[State 0]  pc:0x80090b4 address:0x20013f64 val:0x80038e1 size:0x4 type:read
[State 0] Ex Block pc: 0x80038e0 lr:0x8008a31
[State 0] Inst Executing 0x80038e0
[State 0] Ex Block pc: 0x80038ca lr:0x8008a31
[State 0] Inst Executing 0x80038ca
[State 0]  pc:0x80038ca address:0x20013f68 val:0x0 size:0x4 type:read
[State 0]  pc:0x80038ca address:0x20013f6c val:0x3 size:0x4 type:read
[State 0]  pc:0x80038ca address:0x20013f70 val:0x20000410 size:0x4 type:read
[State 0]  pc:0x80038ca address:0x20013f74 val:0x10 size:0x4 type:read
[State 0]  pc:0x80038ca address:0x20013f78 val:0x800a9c0 size:0x4 type:read
[State 0]  pc:0x80038ca address:0x20013f7c val:0x71 size:0x4 type:read
[State 0]  pc:0x80038ca address:0x20013f80 val:0x0 size:0x4 type:read
[State 0]  pc:0x80038ca address:0x20013f84 val:0x0 size:0x4 type:read
[State 0]  pc:0x80038ca address:0x20013f88 val:0x0 size:0x4 type:read
[State 0]  pc:0x80038ca address:0x20013f8c val:0x8003a6d size:0x4 type:read
[State 0] Ex Block pc: 0x8003a6c lr:0x8008a31
[State 0] Inst Executing 0x8003a6c
[State 0] Inst Executing 0x8003a6e
[State 0] Ex Block pc: 0x8003a5c lr:0x8008a31
[State 0] Inst Executing 0x8003a5c
[State 0] Inst Executing 0x8003a5e
[State 0] Ex Block pc: 0x8003a60 lr:0x8008a31
[State 0] Inst Executing 0x8003a60
[State 0] Inst Executing 0x8003a62
[State 0] Inst Executing 0x8003a64
[State 0] Inst Executing 0x8003a66
[State 0] Inst Executing 0x8003a68
[State 0] Ex Block pc: 0x8003856 lr:0x8003a6d firmata::FirmataMarshaller::encodeByteStream(unsigned
[State 0] Inst Executing 0x8003856
[State 0]  pc:0x8003856 address:0x20013f68 val:0x0 size:0x4 type:write
[State 0]  pc:0x8003856 address:0x20013f6c val:0x4 size:0x4 type:write
[State 0]  pc:0x8003856 address:0x20013f70 val:0x20000410 size:0x4 type:write
[State 0]  pc:0x8003856 address:0x20013f74 val:0x10 size:0x4 type:write
[State 0]  pc:0x8003856 address:0x20013f78 val:0x800a9c0 size:0x4 type:write
[State 0]  pc:0x8003856 address:0x20013f7c val:0x71 size:0x4 type:write
[State 0]  pc:0x8003856 address:0x20013f80 val:0x0 size:0x4 type:write
[State 0]  pc:0x8003856 address:0x20013f84 val:0x0 size:0x4 type:write
[State 0]  pc:0x8003856 address:0x20013f88 val:0x0 size:0x4 type:write
[State 0]  pc:0x8003856 address:0x20013f8c val:0x8003a6d size:0x4 type:write
[State 0] Inst Executing 0x800385a
[State 0] Inst Executing 0x800385c
[State 0] Inst Executing 0x800385e
[State 0] Inst Executing 0x8003860
[State 0]  pc:0x8003860 address:0x800a9c4 val:0x6f size:0x1 type:read
[State 0] Inst Executing 0x8003862
[State 0] Inst Executing 0x8003864
[State 0] Ex Block pc: 0x8003866 lr:0x8003a6d
[State 0] Inst Executing 0x8003866
[State 0] Inst Executing 0x800386a
[State 0] Inst Executing 0x800386e
[State 0] Inst Executing 0x8003870
[State 0] Inst Executing 0x8003872
[State 0] Ex Block pc: 0x8003878 lr:0x8003a6d
[State 0] Inst Executing 0x8003878
[State 0] Inst Executing 0x800387a
[State 0] Ex Block pc: 0x800387c lr:0x8003a6d
[State 0] Inst Executing 0x800387c
[State 0] Inst Executing 0x800387e
[State 0] Ex Block pc: 0x8003880 lr:0x8003a6d
[State 0] Inst Executing 0x8003880
[State 0]  pc:0x8003880 address:0x800a9c4 val:0x6f size:0x1 type:read
[State 0] Inst Executing 0x8003884
[State 0] Inst Executing 0x8003886
[State 0] Inst Executing 0x8003888
[State 0]  pc:0x8003888 address:0x20000410 val:0x20000730 size:0x4 type:read
[State 0] Inst Executing 0x800388c
[State 0]  pc:0x800388c address:0x20000730 val:0x800afd0 size:0x4 type:read
[State 0] Inst Executing 0x800388e
[State 0]  pc:0x800388e address:0x800afd0 val:0x8009075 size:0x4 type:read
[State 0] Inst Executing 0x8003890
[State 0] Inst Executing 0x8003894
[State 0] Ex Block pc: 0x8009074 lr:0x8003897 HardwareSerial::write(unsigned
[State 0] Inst Executing 0x8009074
[State 0]  pc:0x8009074 address:0x20013f58 val:0x6f size:0x4 type:write
[State 0]  pc:0x8009074 address:0x20013f5c val:0x0 size:0x4 type:write
[State 0]  pc:0x8009074 address:0x20013f60 val:0x0 size:0x4 type:write
[State 0]  pc:0x8009074 address:0x20013f64 val:0x8003897 size:0x4 type:write
[State 0] Inst Executing 0x8009076
[State 0] Inst Executing 0x8009078
[State 0]  pc:0x8009078 address:0x20000740 val:0x1 size:0x1 type:write
[State 0] Inst Executing 0x800907a
[State 0]  pc:0x800907a address:0x2000086c val:0x38 size:0x2 type:read
[State 0] Inst Executing 0x800907e
[State 0] Inst Executing 0x8009080
[State 0] Inst Executing 0x8009082
[State 0] Inst Executing 0x8009086
[State 0] Inst Executing 0x800908a
[State 0] Inst Executing 0x800908c
[State 0] Inst Executing 0x800908e
[State 0] Inst Executing 0x8009090
[State 0]  pc:0x8009090 address:0x2000086e val:0x0 size:0x2 type:read
[State 0] Inst Executing 0x8009094
[State 0] Inst Executing 0x8009096
[State 0] Inst Executing 0x8009098
[State 0] Inst Executing 0x800909a
[State 0] Ex Block pc: 0x800909c lr:0x8003897
[State 0] Inst Executing 0x800909c
[State 0]  pc:0x800909c address:0x20000868 val:0x20000781 size:0x4 type:read
[State 0] Inst Executing 0x80090a0
[State 0]  pc:0x80090a0 address:0x200007b9 val:0x6f size:0x1 type:write
[State 0] Inst Executing 0x80090a2
[State 0]  pc:0x80090a2 address:0x2000086c val:0x39 size:0x2 type:write
[State 0] Inst Executing 0x80090a6
[State 0] Inst Executing 0x80090aa
[State 0] Inst Executing 0x80090ac
[State 0] Ex Block pc: 0x8008a20 lr:0x80090b1 serial_tx_active
[State 0] Inst Executing 0x8008a20
[State 0]  pc:0x8008a20 address:0x20013f50 val:0x20000781 size:0x4 type:write
[State 0]  pc:0x8008a20 address:0x20013f54 val:0x80090b1 size:0x4 type:write
[State 0] Inst Executing 0x8008a22
[State 0]  pc:0x8008a22 address:0x20000848 val:0x1 size:0x1 type:read
[State 0] Inst Executing 0x8008a26
[State 0]  pc:0x8008a26 address:0x8008a40 val:0x200006d8 size:0x4 type:read
[State 0] Inst Executing 0x8008a28
[State 0]  pc:0x8008a28 address:0x200006dc val:0x20000808 size:0x4 type:read
[State 0] Inst Executing 0x8008a2c
[State 0] Ex Block pc: 0x8007538 lr:0x8008a31 HAL_UART_GetState
[State 0] Inst Executing 0x8007538
[State 0]  pc:0x8007538 address:0x20000841 val:0x32 size:0x1 type:read
[State 0] Inst Executing 0x800753c
[State 0] Ex Block pc: 0x8008a30 lr:0x8008a31
[State 0] Inst Executing 0x8008a30
[State 0] Inst Executing 0x8008a34
[State 0] Inst Executing 0x8008a36
[State 0] Inst Executing 0x8008a38
[State 0] Inst Executing 0x8008a3a
[State 0] Inst Executing 0x8008a3c
[State 0]  pc:0x8008a3c address:0x20013f50 val:0x20000781 size:0x4 type:read
[State 0]  pc:0x8008a3c address:0x20013f54 val:0x80090b1 size:0x4 type:read
[State 0] Ex Block pc: 0x80090b0 lr:0x8008a31
[State 0] Inst Executing 0x80090b0
[State 0] Ex Block pc: 0x80090b2 lr:0x8008a31
[State 0] Inst Executing 0x80090b2
[State 0] Inst Executing 0x80090b4
[State 0]  pc:0x80090b4 address:0x20013f58 val:0x6f size:0x4 type:read
[State 0]  pc:0x80090b4 address:0x20013f5c val:0x0 size:0x4 type:read
[State 0]  pc:0x80090b4 address:0x20013f60 val:0x0 size:0x4 type:read
[State 0]  pc:0x80090b4 address:0x20013f64 val:0x8003897 size:0x4 type:read
[State 0] Ex Block pc: 0x8003896 lr:0x8008a31
[State 0] Inst Executing 0x8003896
[State 0] Inst Executing 0x8003898
[State 0]  pc:0x8003898 address:0x800a9c4 val:0x6f size:0x1 type:read
[State 0] Inst Executing 0x800389c
[State 0] Inst Executing 0x80038a0
[State 0] Inst Executing 0x80038a2
[State 0] Inst Executing 0x80038a4
[State 0] Inst Executing 0x80038a6
[State 0] Inst Executing 0x80038a8
[State 0] Ex Block pc: 0x8003874 lr:0x8008a31
[State 0] Inst Executing 0x8003874
[State 0] Inst Executing 0x8003878
[State 0] Inst Executing 0x800387a
[State 0] Ex Block pc: 0x80038c4 lr:0x8008a31
[State 0] Inst Executing 0x80038c4
[State 0] Ex Block pc: 0x80038c6 lr:0x8008a31
[State 0] Inst Executing 0x80038c6
[State 0] Inst Executing 0x80038c8
[State 0] Ex Block pc: 0x80038ce lr:0x8008a31
[State 0] Inst Executing 0x80038ce
[State 0]  pc:0x80038ce address:0x20000410 val:0x20000730 size:0x4 type:read
[State 0] Inst Executing 0x80038d2
[State 0]  pc:0x80038d2 address:0x20000730 val:0x800afd0 size:0x4 type:read
[State 0] Inst Executing 0x80038d4
[State 0]  pc:0x80038d4 address:0x800afd0 val:0x8009075 size:0x4 type:read
[State 0] Inst Executing 0x80038d6
[State 0] Inst Executing 0x80038d8
[State 0] Inst Executing 0x80038da
[State 0] Inst Executing 0x80038dc
[State 0] Inst Executing 0x80038de
[State 0] Ex Block pc: 0x8009074 lr:0x80038e1 HardwareSerial::write(unsigned
[State 0] Inst Executing 0x8009074
[State 0]  pc:0x8009074 address:0x20013f58 val:0x0 size:0x4 type:write
[State 0]  pc:0x8009074 address:0x20013f5c val:0x1 size:0x4 type:write
[State 0]  pc:0x8009074 address:0x20013f60 val:0x1 size:0x4 type:write
[State 0]  pc:0x8009074 address:0x20013f64 val:0x80038e1 size:0x4 type:write
[State 0] Inst Executing 0x8009076
[State 0] Inst Executing 0x8009078
[State 0]  pc:0x8009078 address:0x20000740 val:0x1 size:0x1 type:write
[State 0] Inst Executing 0x800907a
[State 0]  pc:0x800907a address:0x2000086c val:0x39 size:0x2 type:read
[State 0] Inst Executing 0x800907e
[State 0] Inst Executing 0x8009080
[State 0] Inst Executing 0x8009082
[State 0] Inst Executing 0x8009086
[State 0] Inst Executing 0x800908a
[State 0] Inst Executing 0x800908c
[State 0] Inst Executing 0x800908e
[State 0] Inst Executing 0x8009090
[State 0]  pc:0x8009090 address:0x2000086e val:0x0 size:0x2 type:read
[State 0] Inst Executing 0x8009094
[State 0] Inst Executing 0x8009096
[State 0] Inst Executing 0x8009098
[State 0] Inst Executing 0x800909a
[State 0] Ex Block pc: 0x800909c lr:0x80038e1
[State 0] Inst Executing 0x800909c
[State 0]  pc:0x800909c address:0x20000868 val:0x20000781 size:0x4 type:read
[State 0] Inst Executing 0x80090a0
[State 0]  pc:0x80090a0 address:0x200007ba val:0x0 size:0x1 type:write
[State 0] Inst Executing 0x80090a2
[State 0]  pc:0x80090a2 address:0x2000086c val:0x3a size:0x2 type:write
[State 0] Inst Executing 0x80090a6
[State 0] Inst Executing 0x80090aa
[State 0] Inst Executing 0x80090ac
[State 0] Ex Block pc: 0x8008a20 lr:0x80090b1 serial_tx_active
[State 0] Inst Executing 0x8008a20
[State 0]  pc:0x8008a20 address:0x20013f50 val:0x20000781 size:0x4 type:write
[State 0]  pc:0x8008a20 address:0x20013f54 val:0x80090b1 size:0x4 type:write
[State 0] Inst Executing 0x8008a22
[State 0]  pc:0x8008a22 address:0x20000848 val:0x1 size:0x1 type:read
[State 0] Inst Executing 0x8008a26
[State 0]  pc:0x8008a26 address:0x8008a40 val:0x200006d8 size:0x4 type:read
[State 0] Inst Executing 0x8008a28
[State 0]  pc:0x8008a28 address:0x200006dc val:0x20000808 size:0x4 type:read
[State 0] Inst Executing 0x8008a2c
[State 0] Ex Block pc: 0x8007538 lr:0x8008a31 HAL_UART_GetState
[State 0] Inst Executing 0x8007538
[State 0]  pc:0x8007538 address:0x20000841 val:0x32 size:0x1 type:read
[State 0] Inst Executing 0x800753c
[State 0] Ex Block pc: 0x8008a30 lr:0x8008a31
[State 0] Inst Executing 0x8008a30
[State 0] Inst Executing 0x8008a34
[State 0] Inst Executing 0x8008a36
[State 0] Inst Executing 0x8008a38
[State 0] Inst Executing 0x8008a3a
[State 0] Inst Executing 0x8008a3c
[State 0]  pc:0x8008a3c address:0x20013f50 val:0x20000781 size:0x4 type:read
[State 0]  pc:0x8008a3c address:0x20013f54 val:0x80090b1 size:0x4 type:read
[State 0] Ex Block pc: 0x80090b0 lr:0x8008a31
[State 0] Inst Executing 0x80090b0
[State 0] Ex Block pc: 0x80090b2 lr:0x8008a31
[State 0] Inst Executing 0x80090b2
[State 0] Inst Executing 0x80090b4
[State 0]  pc:0x80090b4 address:0x20013f58 val:0x0 size:0x4 type:read
[State 0]  pc:0x80090b4 address:0x20013f5c val:0x1 size:0x4 type:read
[State 0]  pc:0x80090b4 address:0x20013f60 val:0x1 size:0x4 type:read
[State 0]  pc:0x80090b4 address:0x20013f64 val:0x80038e1 size:0x4 type:read
[State 0] Ex Block pc: 0x80038e0 lr:0x8008a31
[State 0] Inst Executing 0x80038e0
[State 0] Ex Block pc: 0x80038ca lr:0x8008a31
[State 0] Inst Executing 0x80038ca
[State 0]  pc:0x80038ca address:0x20013f68 val:0x0 size:0x4 type:read
[State 0]  pc:0x80038ca address:0x20013f6c val:0x4 size:0x4 type:read
[State 0]  pc:0x80038ca address:0x20013f70 val:0x20000410 size:0x4 type:read
[State 0]  pc:0x80038ca address:0x20013f74 val:0x10 size:0x4 type:read
[State 0]  pc:0x80038ca address:0x20013f78 val:0x800a9c0 size:0x4 type:read
[State 0]  pc:0x80038ca address:0x20013f7c val:0x71 size:0x4 type:read
[State 0]  pc:0x80038ca address:0x20013f80 val:0x0 size:0x4 type:read
[State 0]  pc:0x80038ca address:0x20013f84 val:0x0 size:0x4 type:read
[State 0]  pc:0x80038ca address:0x20013f88 val:0x0 size:0x4 type:read
[State 0]  pc:0x80038ca address:0x20013f8c val:0x8003a6d size:0x4 type:read
[State 0] Ex Block pc: 0x8003a6c lr:0x8008a31
[State 0] Inst Executing 0x8003a6c
[State 0] Inst Executing 0x8003a6e
[State 0] Ex Block pc: 0x8003a5c lr:0x8008a31
[State 0] Inst Executing 0x8003a5c
[State 0] Inst Executing 0x8003a5e
[State 0] Ex Block pc: 0x8003a60 lr:0x8008a31
[State 0] Inst Executing 0x8003a60
[State 0] Inst Executing 0x8003a62
[State 0] Inst Executing 0x8003a64
[State 0] Inst Executing 0x8003a66
[State 0] Inst Executing 0x8003a68
[State 0] Ex Block pc: 0x8003856 lr:0x8003a6d firmata::FirmataMarshaller::encodeByteStream(unsigned
[State 0] Inst Executing 0x8003856
[State 0]  pc:0x8003856 address:0x20013f68 val:0x0 size:0x4 type:write
[State 0]  pc:0x8003856 address:0x20013f6c val:0x5 size:0x4 type:write
[State 0]  pc:0x8003856 address:0x20013f70 val:0x20000410 size:0x4 type:write
[State 0]  pc:0x8003856 address:0x20013f74 val:0x10 size:0x4 type:write
[State 0]  pc:0x8003856 address:0x20013f78 val:0x800a9c0 size:0x4 type:write
[State 0]  pc:0x8003856 address:0x20013f7c val:0x71 size:0x4 type:write
[State 0]  pc:0x8003856 address:0x20013f80 val:0x0 size:0x4 type:write
[State 0]  pc:0x8003856 address:0x20013f84 val:0x0 size:0x4 type:write
[State 0]  pc:0x8003856 address:0x20013f88 val:0x0 size:0x4 type:write
[State 0]  pc:0x8003856 address:0x20013f8c val:0x8003a6d size:0x4 type:write
[State 0] Inst Executing 0x800385a
[State 0] Inst Executing 0x800385c
[State 0] Inst Executing 0x800385e
[State 0] Inst Executing 0x8003860
[State 0]  pc:0x8003860 address:0x800a9c5 val:0x77 size:0x1 type:read
[State 0] Inst Executing 0x8003862
[State 0] Inst Executing 0x8003864
[State 0] Ex Block pc: 0x8003866 lr:0x8003a6d
[State 0] Inst Executing 0x8003866
[State 0] Inst Executing 0x800386a
[State 0] Inst Executing 0x800386e
[State 0] Inst Executing 0x8003870
[State 0] Inst Executing 0x8003872
[State 0] Ex Block pc: 0x8003878 lr:0x8003a6d
[State 0] Inst Executing 0x8003878
[State 0] Inst Executing 0x800387a
[State 0] Ex Block pc: 0x800387c lr:0x8003a6d
[State 0] Inst Executing 0x800387c
[State 0] Inst Executing 0x800387e
[State 0] Ex Block pc: 0x8003880 lr:0x8003a6d
[State 0] Inst Executing 0x8003880
[State 0]  pc:0x8003880 address:0x800a9c5 val:0x77 size:0x1 type:read
[State 0] Inst Executing 0x8003884
[State 0] Inst Executing 0x8003886
[State 0] Inst Executing 0x8003888
[State 0]  pc:0x8003888 address:0x20000410 val:0x20000730 size:0x4 type:read
[State 0] Inst Executing 0x800388c
[State 0]  pc:0x800388c address:0x20000730 val:0x800afd0 size:0x4 type:read
[State 0] Inst Executing 0x800388e
[State 0]  pc:0x800388e address:0x800afd0 val:0x8009075 size:0x4 type:read
[State 0] Inst Executing 0x8003890
[State 0] Inst Executing 0x8003894
[State 0] Ex Block pc: 0x8009074 lr:0x8003897 HardwareSerial::write(unsigned
[State 0] Inst Executing 0x8009074
[State 0]  pc:0x8009074 address:0x20013f58 val:0x77 size:0x4 type:write
[State 0]  pc:0x8009074 address:0x20013f5c val:0x0 size:0x4 type:write
[State 0]  pc:0x8009074 address:0x20013f60 val:0x0 size:0x4 type:write
[State 0]  pc:0x8009074 address:0x20013f64 val:0x8003897 size:0x4 type:write
[State 0] Inst Executing 0x8009076
[State 0] Inst Executing 0x8009078
[State 0]  pc:0x8009078 address:0x20000740 val:0x1 size:0x1 type:write
[State 0] Inst Executing 0x800907a
[State 0]  pc:0x800907a address:0x2000086c val:0x3a size:0x2 type:read
[State 0] Inst Executing 0x800907e
[State 0] Inst Executing 0x8009080
[State 0] Inst Executing 0x8009082
[State 0] Inst Executing 0x8009086
[State 0] Inst Executing 0x800908a
[State 0] Inst Executing 0x800908c
[State 0] Inst Executing 0x800908e
[State 0] Inst Executing 0x8009090
[State 0]  pc:0x8009090 address:0x2000086e val:0x0 size:0x2 type:read
[State 0] Inst Executing 0x8009094
[State 0] Inst Executing 0x8009096
[State 0] Inst Executing 0x8009098
[State 0] Inst Executing 0x800909a
[State 0] Ex Block pc: 0x800909c lr:0x8003897
[State 0] Inst Executing 0x800909c
[State 0]  pc:0x800909c address:0x20000868 val:0x20000781 size:0x4 type:read
[State 0] Inst Executing 0x80090a0
[State 0]  pc:0x80090a0 address:0x200007bb val:0x77 size:0x1 type:write
[State 0] Inst Executing 0x80090a2
[State 0]  pc:0x80090a2 address:0x2000086c val:0x3b size:0x2 type:write
[State 0] Inst Executing 0x80090a6
[State 0] Inst Executing 0x80090aa
[State 0] Inst Executing 0x80090ac
[State 0] Ex Block pc: 0x8008a20 lr:0x80090b1 serial_tx_active
[State 0] Inst Executing 0x8008a20
[State 0]  pc:0x8008a20 address:0x20013f50 val:0x20000781 size:0x4 type:write
[State 0]  pc:0x8008a20 address:0x20013f54 val:0x80090b1 size:0x4 type:write
[State 0] Inst Executing 0x8008a22
[State 0]  pc:0x8008a22 address:0x20000848 val:0x1 size:0x1 type:read
[State 0] Inst Executing 0x8008a26
[State 0]  pc:0x8008a26 address:0x8008a40 val:0x200006d8 size:0x4 type:read
[State 0] Inst Executing 0x8008a28
[State 0]  pc:0x8008a28 address:0x200006dc val:0x20000808 size:0x4 type:read
[State 0] Inst Executing 0x8008a2c
[State 0] Ex Block pc: 0x8007538 lr:0x8008a31 HAL_UART_GetState
[State 0] Inst Executing 0x8007538
[State 0]  pc:0x8007538 address:0x20000841 val:0x32 size:0x1 type:read
[State 0] Inst Executing 0x800753c
[State 0] Ex Block pc: 0x8008a30 lr:0x8008a31
[State 0] Inst Executing 0x8008a30
[State 0] Inst Executing 0x8008a34
[State 0] Inst Executing 0x8008a36
[State 0] Inst Executing 0x8008a38
[State 0] Inst Executing 0x8008a3a
[State 0] Inst Executing 0x8008a3c
[State 0]  pc:0x8008a3c address:0x20013f50 val:0x20000781 size:0x4 type:read
[State 0]  pc:0x8008a3c address:0x20013f54 val:0x80090b1 size:0x4 type:read
[State 0] Ex Block pc: 0x80090b0 lr:0x8008a31
[State 0] Inst Executing 0x80090b0
[State 0] Ex Block pc: 0x80090b2 lr:0x8008a31
[State 0] Inst Executing 0x80090b2
[State 0] Inst Executing 0x80090b4
[State 0]  pc:0x80090b4 address:0x20013f58 val:0x77 size:0x4 type:read
[State 0]  pc:0x80090b4 address:0x20013f5c val:0x0 size:0x4 type:read
[State 0]  pc:0x80090b4 address:0x20013f60 val:0x0 size:0x4 type:read
[State 0]  pc:0x80090b4 address:0x20013f64 val:0x8003897 size:0x4 type:read
[State 0] Ex Block pc: 0x8003896 lr:0x8008a31
[State 0] Inst Executing 0x8003896
[State 0] Inst Executing 0x8003898
[State 0]  pc:0x8003898 address:0x800a9c5 val:0x77 size:0x1 type:read
[State 0] Inst Executing 0x800389c
[State 0] Inst Executing 0x80038a0
[State 0] Inst Executing 0x80038a2
[State 0] Inst Executing 0x80038a4
[State 0] Inst Executing 0x80038a6
[State 0] Inst Executing 0x80038a8
[State 0] Ex Block pc: 0x8003874 lr:0x8008a31
[State 0] Inst Executing 0x8003874
[State 0] Inst Executing 0x8003878
[State 0] Inst Executing 0x800387a
[State 0] Ex Block pc: 0x80038c4 lr:0x8008a31
[State 0] Inst Executing 0x80038c4
[State 0] Ex Block pc: 0x80038c6 lr:0x8008a31
[State 0] Inst Executing 0x80038c6
[State 0] Inst Executing 0x80038c8
[State 0] Ex Block pc: 0x80038ce lr:0x8008a31
[State 0] Inst Executing 0x80038ce
[State 0]  pc:0x80038ce address:0x20000410 val:0x20000730 size:0x4 type:read
[State 0] Inst Executing 0x80038d2
[State 0]  pc:0x80038d2 address:0x20000730 val:0x800afd0 size:0x4 type:read
[State 0] Inst Executing 0x80038d4
[State 0]  pc:0x80038d4 address:0x800afd0 val:0x8009075 size:0x4 type:read
[State 0] Inst Executing 0x80038d6
[State 0] Inst Executing 0x80038d8
[State 0] Inst Executing 0x80038da
[State 0] Inst Executing 0x80038dc
[State 0] Inst Executing 0x80038de
[State 0] Ex Block pc: 0x8009074 lr:0x80038e1 HardwareSerial::write(unsigned
[State 0] Inst Executing 0x8009074
[State 0]  pc:0x8009074 address:0x20013f58 val:0x0 size:0x4 type:write
[State 0]  pc:0x8009074 address:0x20013f5c val:0x1 size:0x4 type:write
[State 0]  pc:0x8009074 address:0x20013f60 val:0x1 size:0x4 type:write
[State 0]  pc:0x8009074 address:0x20013f64 val:0x80038e1 size:0x4 type:write
[State 0] Inst Executing 0x8009076
[State 0] Inst Executing 0x8009078
[State 0]  pc:0x8009078 address:0x20000740 val:0x1 size:0x1 type:write
[State 0] Inst Executing 0x800907a
[State 0]  pc:0x800907a address:0x2000086c val:0x3b size:0x2 type:read
[State 0] Inst Executing 0x800907e
[State 0] Inst Executing 0x8009080
[State 0] Inst Executing 0x8009082
[State 0] Inst Executing 0x8009086
[State 0] Inst Executing 0x800908a
[State 0] Inst Executing 0x800908c
[State 0] Inst Executing 0x800908e
[State 0] Inst Executing 0x8009090
[State 0]  pc:0x8009090 address:0x2000086e val:0x0 size:0x2 type:read
[State 0] Inst Executing 0x8009094
[State 0] Inst Executing 0x8009096
[State 0] Inst Executing 0x8009098
[State 0] Inst Executing 0x800909a
[State 0] Ex Block pc: 0x800909c lr:0x80038e1
[State 0] Inst Executing 0x800909c
[State 0]  pc:0x800909c address:0x20000868 val:0x20000781 size:0x4 type:read
[State 0] Inst Executing 0x80090a0
[State 0]  pc:0x80090a0 address:0x200007bc val:0x0 size:0x1 type:write
[State 0] Inst Executing 0x80090a2
[State 0]  pc:0x80090a2 address:0x2000086c val:0x3c size:0x2 type:write
[State 0] Inst Executing 0x80090a6
[State 0] Inst Executing 0x80090aa
[State 0] Inst Executing 0x80090ac
[State 0] Ex Block pc: 0x8008a20 lr:0x80090b1 serial_tx_active
[State 0] Inst Executing 0x8008a20
[State 0]  pc:0x8008a20 address:0x20013f50 val:0x20000781 size:0x4 type:write
[State 0]  pc:0x8008a20 address:0x20013f54 val:0x80090b1 size:0x4 type:write
[State 0] Inst Executing 0x8008a22
[State 0]  pc:0x8008a22 address:0x20000848 val:0x1 size:0x1 type:read
[State 0] Inst Executing 0x8008a26
[State 0]  pc:0x8008a26 address:0x8008a40 val:0x200006d8 size:0x4 type:read
[State 0] Inst Executing 0x8008a28
[State 0]  pc:0x8008a28 address:0x200006dc val:0x20000808 size:0x4 type:read
[State 0] Inst Executing 0x8008a2c
[State 0] Ex Block pc: 0x8007538 lr:0x8008a31 HAL_UART_GetState
[State 0] Inst Executing 0x8007538
[State 0]  pc:0x8007538 address:0x20000841 val:0x32 size:0x1 type:read
[State 0] Inst Executing 0x800753c
[State 0] Ex Block pc: 0x8008a30 lr:0x8008a31
[State 0] Inst Executing 0x8008a30
[State 0] Inst Executing 0x8008a34
[State 0] Inst Executing 0x8008a36
[State 0] Inst Executing 0x8008a38
[State 0] Inst Executing 0x8008a3a
[State 0] Inst Executing 0x8008a3c
[State 0]  pc:0x8008a3c address:0x20013f50 val:0x20000781 size:0x4 type:read
[State 0]  pc:0x8008a3c address:0x20013f54 val:0x80090b1 size:0x4 type:read
[State 0] Ex Block pc: 0x80090b0 lr:0x8008a31
[State 0] Inst Executing 0x80090b0
[State 0] Ex Block pc: 0x80090b2 lr:0x8008a31
[State 0] Inst Executing 0x80090b2
[State 0] Inst Executing 0x80090b4
[State 0]  pc:0x80090b4 address:0x20013f58 val:0x0 size:0x4 type:read
[State 0]  pc:0x80090b4 address:0x20013f5c val:0x1 size:0x4 type:read
[State 0]  pc:0x80090b4 address:0x20013f60 val:0x1 size:0x4 type:read
[State 0]  pc:0x80090b4 address:0x20013f64 val:0x80038e1 size:0x4 type:read
[State 0] Ex Block pc: 0x80038e0 lr:0x8008a31
[State 0] Inst Executing 0x80038e0
[State 0] Ex Block pc: 0x80038ca lr:0x8008a31
[State 0] Inst Executing 0x80038ca
[State 0]  pc:0x80038ca address:0x20013f68 val:0x0 size:0x4 type:read
[State 0]  pc:0x80038ca address:0x20013f6c val:0x5 size:0x4 type:read
[State 0]  pc:0x80038ca address:0x20013f70 val:0x20000410 size:0x4 type:read
[State 0]  pc:0x80038ca address:0x20013f74 val:0x10 size:0x4 type:read
[State 0]  pc:0x80038ca address:0x20013f78 val:0x800a9c0 size:0x4 type:read
[State 0]  pc:0x80038ca address:0x20013f7c val:0x71 size:0x4 type:read
[State 0]  pc:0x80038ca address:0x20013f80 val:0x0 size:0x4 type:read
[State 0]  pc:0x80038ca address:0x20013f84 val:0x0 size:0x4 type:read
[State 0]  pc:0x80038ca address:0x20013f88 val:0x0 size:0x4 type:read
[State 0]  pc:0x80038ca address:0x20013f8c val:0x8003a6d size:0x4 type:read
[State 0] Ex Block pc: 0x8003a6c lr:0x8008a31
[State 0] Inst Executing 0x8003a6c
[State 0] Inst Executing 0x8003a6e
[State 0] Ex Block pc: 0x8003a5c lr:0x8008a31
[State 0] Inst Executing 0x8003a5c
[State 0] Inst Executing 0x8003a5e
[State 0] Ex Block pc: 0x8003a60 lr:0x8008a31
[State 0] Inst Executing 0x8003a60
[State 0] Inst Executing 0x8003a62
[State 0] Inst Executing 0x8003a64
[State 0] Inst Executing 0x8003a66
[State 0] Inst Executing 0x8003a68
[State 0] Ex Block pc: 0x8003856 lr:0x8003a6d firmata::FirmataMarshaller::encodeByteStream(unsigned
[State 0] Inst Executing 0x8003856
[State 0]  pc:0x8003856 address:0x20013f68 val:0x0 size:0x4 type:write
[State 0]  pc:0x8003856 address:0x20013f6c val:0x6 size:0x4 type:write
[State 0]  pc:0x8003856 address:0x20013f70 val:0x20000410 size:0x4 type:write
[State 0]  pc:0x8003856 address:0x20013f74 val:0x10 size:0x4 type:write
[State 0]  pc:0x8003856 address:0x20013f78 val:0x800a9c0 size:0x4 type:write
[State 0]  pc:0x8003856 address:0x20013f7c val:0x71 size:0x4 type:write
[State 0]  pc:0x8003856 address:0x20013f80 val:0x0 size:0x4 type:write
[State 0]  pc:0x8003856 address:0x20013f84 val:0x0 size:0x4 type:write
[State 0]  pc:0x8003856 address:0x20013f88 val:0x0 size:0x4 type:write
[State 0]  pc:0x8003856 address:0x20013f8c val:0x8003a6d size:0x4 type:write
[State 0] Inst Executing 0x800385a
[State 0] Inst Executing 0x800385c
[State 0] Inst Executing 0x800385e
[State 0] Inst Executing 0x8003860
[State 0]  pc:0x8003860 address:0x800a9c6 val:0x6e size:0x1 type:read
[State 0] Inst Executing 0x8003862
[State 0] Inst Executing 0x8003864
[State 0] Ex Block pc: 0x8003866 lr:0x8003a6d
[State 0] Inst Executing 0x8003866
[State 0] Inst Executing 0x800386a
[State 0] Inst Executing 0x800386e
[State 0] Inst Executing 0x8003870
[State 0] Inst Executing 0x8003872
[State 0] Ex Block pc: 0x8003878 lr:0x8003a6d
[State 0] Inst Executing 0x8003878
[State 0] Inst Executing 0x800387a
[State 0] Ex Block pc: 0x800387c lr:0x8003a6d
[State 0] Inst Executing 0x800387c
[State 0] Inst Executing 0x800387e
[State 0] Ex Block pc: 0x8003880 lr:0x8003a6d
[State 0] Inst Executing 0x8003880
[State 0]  pc:0x8003880 address:0x800a9c6 val:0x6e size:0x1 type:read
[State 0] Inst Executing 0x8003884
[State 0] Inst Executing 0x8003886
[State 0] Inst Executing 0x8003888
[State 0]  pc:0x8003888 address:0x20000410 val:0x20000730 size:0x4 type:read
[State 0] Inst Executing 0x800388c
[State 0]  pc:0x800388c address:0x20000730 val:0x800afd0 size:0x4 type:read
[State 0] Inst Executing 0x800388e
[State 0]  pc:0x800388e address:0x800afd0 val:0x8009075 size:0x4 type:read
[State 0] Inst Executing 0x8003890
[State 0] Inst Executing 0x8003894
[State 0] Ex Block pc: 0x8009074 lr:0x8003897 HardwareSerial::write(unsigned
[State 0] Inst Executing 0x8009074
[State 0]  pc:0x8009074 address:0x20013f58 val:0x6e size:0x4 type:write
[State 0]  pc:0x8009074 address:0x20013f5c val:0x0 size:0x4 type:write
[State 0]  pc:0x8009074 address:0x20013f60 val:0x0 size:0x4 type:write
[State 0]  pc:0x8009074 address:0x20013f64 val:0x8003897 size:0x4 type:write
[State 0] Inst Executing 0x8009076
[State 0] Inst Executing 0x8009078
[State 0]  pc:0x8009078 address:0x20000740 val:0x1 size:0x1 type:write
[State 0] Inst Executing 0x800907a
[State 0]  pc:0x800907a address:0x2000086c val:0x3c size:0x2 type:read
[State 0] Inst Executing 0x800907e
[State 0] Inst Executing 0x8009080
[State 0] Inst Executing 0x8009082
[State 0] Inst Executing 0x8009086
[State 0] Inst Executing 0x800908a
[State 0] Inst Executing 0x800908c
[State 0] Inst Executing 0x800908e
[State 0] Inst Executing 0x8009090
[State 0]  pc:0x8009090 address:0x2000086e val:0x0 size:0x2 type:read
[State 0] Inst Executing 0x8009094
[State 0] Inst Executing 0x8009096
[State 0] Inst Executing 0x8009098
[State 0] Inst Executing 0x800909a
[State 0] Ex Block pc: 0x800909c lr:0x8003897
[State 0] Inst Executing 0x800909c
[State 0]  pc:0x800909c address:0x20000868 val:0x20000781 size:0x4 type:read
[State 0] Inst Executing 0x80090a0
[State 0]  pc:0x80090a0 address:0x200007bd val:0x6e size:0x1 type:write
[State 0] Inst Executing 0x80090a2
[State 0]  pc:0x80090a2 address:0x2000086c val:0x3d size:0x2 type:write
[State 0] Inst Executing 0x80090a6
[State 0] Inst Executing 0x80090aa
[State 0] Inst Executing 0x80090ac
[State 0] Ex Block pc: 0x8008a20 lr:0x80090b1 serial_tx_active
[State 0] Inst Executing 0x8008a20
[State 0]  pc:0x8008a20 address:0x20013f50 val:0x20000781 size:0x4 type:write
[State 0]  pc:0x8008a20 address:0x20013f54 val:0x80090b1 size:0x4 type:write
[State 0] Inst Executing 0x8008a22
[State 0]  pc:0x8008a22 address:0x20000848 val:0x1 size:0x1 type:read
[State 0] Inst Executing 0x8008a26
[State 0]  pc:0x8008a26 address:0x8008a40 val:0x200006d8 size:0x4 type:read
[State 0] Inst Executing 0x8008a28
[State 0]  pc:0x8008a28 address:0x200006dc val:0x20000808 size:0x4 type:read
[State 0] Inst Executing 0x8008a2c
[State 0] Ex Block pc: 0x8007538 lr:0x8008a31 HAL_UART_GetState
[State 0] Inst Executing 0x8007538
[State 0]  pc:0x8007538 address:0x20000841 val:0x32 size:0x1 type:read
[State 0] Inst Executing 0x800753c
[State 0] Ex Block pc: 0x8008a30 lr:0x8008a31
[State 0] Inst Executing 0x8008a30
[State 0] Inst Executing 0x8008a34
[State 0] Inst Executing 0x8008a36
[State 0] Inst Executing 0x8008a38
[State 0] Inst Executing 0x8008a3a
[State 0] Inst Executing 0x8008a3c
[State 0]  pc:0x8008a3c address:0x20013f50 val:0x20000781 size:0x4 type:read
[State 0]  pc:0x8008a3c address:0x20013f54 val:0x80090b1 size:0x4 type:read
[State 0] Ex Block pc: 0x80090b0 lr:0x8008a31
[State 0] Inst Executing 0x80090b0
[State 0] Ex Block pc: 0x80090b2 lr:0x8008a31
[State 0] Inst Executing 0x80090b2
[State 0] Inst Executing 0x80090b4
[State 0]  pc:0x80090b4 address:0x20013f58 val:0x6e size:0x4 type:read
[State 0]  pc:0x80090b4 address:0x20013f5c val:0x0 size:0x4 type:read
[State 0]  pc:0x80090b4 address:0x20013f60 val:0x0 size:0x4 type:read
[State 0]  pc:0x80090b4 address:0x20013f64 val:0x8003897 size:0x4 type:read
[State 0] Ex Block pc: 0x8003896 lr:0x8008a31
[State 0] Inst Executing 0x8003896
[State 0] Inst Executing 0x8003898
[State 0]  pc:0x8003898 address:0x800a9c6 val:0x6e size:0x1 type:read
[State 0] Inst Executing 0x800389c
[State 0] Inst Executing 0x80038a0
[State 0] Inst Executing 0x80038a2
[State 0] Inst Executing 0x80038a4
[State 0] Inst Executing 0x80038a6
[State 0] Inst Executing 0x80038a8
[State 0] Ex Block pc: 0x8003874 lr:0x8008a31
[State 0] Inst Executing 0x8003874
[State 0] Inst Executing 0x8003878
[State 0] Inst Executing 0x800387a
[State 0] Ex Block pc: 0x80038c4 lr:0x8008a31
[State 0] Inst Executing 0x80038c4
[State 0] Ex Block pc: 0x80038c6 lr:0x8008a31
[State 0] Inst Executing 0x80038c6
[State 0] Inst Executing 0x80038c8
[State 0] Ex Block pc: 0x80038ce lr:0x8008a31
[State 0] Inst Executing 0x80038ce
[State 0]  pc:0x80038ce address:0x20000410 val:0x20000730 size:0x4 type:read
[State 0] Inst Executing 0x80038d2
[State 0]  pc:0x80038d2 address:0x20000730 val:0x800afd0 size:0x4 type:read
[State 0] Inst Executing 0x80038d4
[State 0]  pc:0x80038d4 address:0x800afd0 val:0x8009075 size:0x4 type:read
[State 0] Inst Executing 0x80038d6
[State 0] Inst Executing 0x80038d8
[State 0] Inst Executing 0x80038da
[State 0] Inst Executing 0x80038dc
[State 0] Inst Executing 0x80038de
[State 0] Ex Block pc: 0x8009074 lr:0x80038e1 HardwareSerial::write(unsigned
[State 0] Inst Executing 0x8009074
[State 0]  pc:0x8009074 address:0x20013f58 val:0x0 size:0x4 type:write
[State 0]  pc:0x8009074 address:0x20013f5c val:0x1 size:0x4 type:write
[State 0]  pc:0x8009074 address:0x20013f60 val:0x1 size:0x4 type:write
[State 0]  pc:0x8009074 address:0x20013f64 val:0x80038e1 size:0x4 type:write
[State 0] Inst Executing 0x8009076
[State 0] Inst Executing 0x8009078
[State 0]  pc:0x8009078 address:0x20000740 val:0x1 size:0x1 type:write
[State 0] Inst Executing 0x800907a
[State 0]  pc:0x800907a address:0x2000086c val:0x3d size:0x2 type:read
[State 0] Inst Executing 0x800907e
[State 0] Inst Executing 0x8009080
[State 0] Inst Executing 0x8009082
[State 0] Inst Executing 0x8009086
[State 0] Inst Executing 0x800908a
[State 0] Inst Executing 0x800908c
[State 0] Inst Executing 0x800908e
[State 0] Inst Executing 0x8009090
[State 0]  pc:0x8009090 address:0x2000086e val:0x0 size:0x2 type:read
[State 0] Inst Executing 0x8009094
[State 0] Inst Executing 0x8009096
[State 0] Inst Executing 0x8009098
[State 0] Inst Executing 0x800909a
[State 0] Ex Block pc: 0x800909c lr:0x80038e1
[State 0] Inst Executing 0x800909c
[State 0]  pc:0x800909c address:0x20000868 val:0x20000781 size:0x4 type:read
[State 0] Inst Executing 0x80090a0
[State 0]  pc:0x80090a0 address:0x200007be val:0x0 size:0x1 type:write
[State 0] Inst Executing 0x80090a2
[State 0]  pc:0x80090a2 address:0x2000086c val:0x3e size:0x2 type:write
[State 0] Inst Executing 0x80090a6
[State 0] Inst Executing 0x80090aa
[State 0] Inst Executing 0x80090ac
[State 0] Ex Block pc: 0x8008a20 lr:0x80090b1 serial_tx_active
[State 0] Inst Executing 0x8008a20
[State 0]  pc:0x8008a20 address:0x20013f50 val:0x20000781 size:0x4 type:write
[State 0]  pc:0x8008a20 address:0x20013f54 val:0x80090b1 size:0x4 type:write
[State 0] Inst Executing 0x8008a22
[State 0]  pc:0x8008a22 address:0x20000848 val:0x1 size:0x1 type:read
[State 0] Inst Executing 0x8008a26
[State 0]  pc:0x8008a26 address:0x8008a40 val:0x200006d8 size:0x4 type:read
[State 0] Inst Executing 0x8008a28
[State 0]  pc:0x8008a28 address:0x200006dc val:0x20000808 size:0x4 type:read
[State 0] Inst Executing 0x8008a2c
[State 0] Ex Block pc: 0x8007538 lr:0x8008a31 HAL_UART_GetState
[State 0] Inst Executing 0x8007538
[State 0]  pc:0x8007538 address:0x20000841 val:0x32 size:0x1 type:read
[State 0] Inst Executing 0x800753c
[State 0] Ex Block pc: 0x8008a30 lr:0x8008a31
[State 0] Inst Executing 0x8008a30
[State 0] Inst Executing 0x8008a34
[State 0] Inst Executing 0x8008a36
[State 0] Inst Executing 0x8008a38
[State 0] Inst Executing 0x8008a3a
[State 0] Inst Executing 0x8008a3c
[State 0]  pc:0x8008a3c address:0x20013f50 val:0x20000781 size:0x4 type:read
[State 0]  pc:0x8008a3c address:0x20013f54 val:0x80090b1 size:0x4 type:read
[State 0] Ex Block pc: 0x80090b0 lr:0x8008a31
[State 0] Inst Executing 0x80090b0
[State 0] Ex Block pc: 0x80090b2 lr:0x8008a31
[State 0] Inst Executing 0x80090b2
[State 0] Inst Executing 0x80090b4
[State 0]  pc:0x80090b4 address:0x20013f58 val:0x0 size:0x4 type:read
[State 0]  pc:0x80090b4 address:0x20013f5c val:0x1 size:0x4 type:read
[State 0]  pc:0x80090b4 address:0x20013f60 val:0x1 size:0x4 type:read
[State 0]  pc:0x80090b4 address:0x20013f64 val:0x80038e1 size:0x4 type:read
[State 0] Ex Block pc: 0x80038e0 lr:0x8008a31
[State 0] Inst Executing 0x80038e0
[State 0] Ex Block pc: 0x80038ca lr:0x8008a31
[State 0] Inst Executing 0x80038ca
[State 0]  pc:0x80038ca address:0x20013f68 val:0x0 size:0x4 type:read
[State 0]  pc:0x80038ca address:0x20013f6c val:0x6 size:0x4 type:read
[State 0]  pc:0x80038ca address:0x20013f70 val:0x20000410 size:0x4 type:read
[State 0]  pc:0x80038ca address:0x20013f74 val:0x10 size:0x4 type:read
[State 0]  pc:0x80038ca address:0x20013f78 val:0x800a9c0 size:0x4 type:read
[State 0]  pc:0x80038ca address:0x20013f7c val:0x71 size:0x4 type:read
[State 0]  pc:0x80038ca address:0x20013f80 val:0x0 size:0x4 type:read
[State 0]  pc:0x80038ca address:0x20013f84 val:0x0 size:0x4 type:read
[State 0]  pc:0x80038ca address:0x20013f88 val:0x0 size:0x4 type:read
[State 0]  pc:0x80038ca address:0x20013f8c val:0x8003a6d size:0x4 type:read
[State 0] Ex Block pc: 0x8003a6c lr:0x8008a31
[State 0] Inst Executing 0x8003a6c
[State 0] Inst Executing 0x8003a6e
[State 0] Ex Block pc: 0x8003a5c lr:0x8008a31
[State 0] Inst Executing 0x8003a5c
[State 0] Inst Executing 0x8003a5e
[State 0] Ex Block pc: 0x8003a60 lr:0x8008a31
[State 0] Inst Executing 0x8003a60
[State 0] Inst Executing 0x8003a62
[State 0] Inst Executing 0x8003a64
[State 0] Inst Executing 0x8003a66
[State 0] Inst Executing 0x8003a68
[State 0] Ex Block pc: 0x8003856 lr:0x8003a6d firmata::FirmataMarshaller::encodeByteStream(unsigned
[State 0] Inst Executing 0x8003856
[State 0]  pc:0x8003856 address:0x20013f68 val:0x0 size:0x4 type:write
[State 0]  pc:0x8003856 address:0x20013f6c val:0x7 size:0x4 type:write
[State 0]  pc:0x8003856 address:0x20013f70 val:0x20000410 size:0x4 type:write
[State 0]  pc:0x8003856 address:0x20013f74 val:0x10 size:0x4 type:write
[State 0]  pc:0x8003856 address:0x20013f78 val:0x800a9c0 size:0x4 type:write
[State 0]  pc:0x8003856 address:0x20013f7c val:0x71 size:0x4 type:write
[State 0]  pc:0x8003856 address:0x20013f80 val:0x0 size:0x4 type:write
[State 0]  pc:0x8003856 address:0x20013f84 val:0x0 size:0x4 type:write
[State 0]  pc:0x8003856 address:0x20013f88 val:0x0 size:0x4 type:write
[State 0]  pc:0x8003856 address:0x20013f8c val:0x8003a6d size:0x4 type:write
[State 0] Inst Executing 0x800385a
[State 0] Inst Executing 0x800385c
[State 0] Inst Executing 0x800385e
[State 0] Inst Executing 0x8003860
[State 0]  pc:0x8003860 address:0x800a9c7 val:0x20 size:0x1 type:read
[State 0] Inst Executing 0x8003862
[State 0] Inst Executing 0x8003864
[State 0] Ex Block pc: 0x8003866 lr:0x8003a6d
[State 0] Inst Executing 0x8003866
[State 0] Inst Executing 0x800386a
[State 0] Inst Executing 0x800386e
[State 0] Inst Executing 0x8003870
[State 0] Inst Executing 0x8003872
[State 0] Ex Block pc: 0x8003878 lr:0x8003a6d
[State 0] Inst Executing 0x8003878
[State 0] Inst Executing 0x800387a
[State 0] Ex Block pc: 0x800387c lr:0x8003a6d
[State 0] Inst Executing 0x800387c
[State 0] Inst Executing 0x800387e
[State 0] Ex Block pc: 0x8003880 lr:0x8003a6d
[State 0] Inst Executing 0x8003880
[State 0]  pc:0x8003880 address:0x800a9c7 val:0x20 size:0x1 type:read
[State 0] Inst Executing 0x8003884
[State 0] Inst Executing 0x8003886
[State 0] Inst Executing 0x8003888
[State 0]  pc:0x8003888 address:0x20000410 val:0x20000730 size:0x4 type:read
[State 0] Inst Executing 0x800388c
[State 0]  pc:0x800388c address:0x20000730 val:0x800afd0 size:0x4 type:read
[State 0] Inst Executing 0x800388e
[State 0]  pc:0x800388e address:0x800afd0 val:0x8009075 size:0x4 type:read
[State 0] Inst Executing 0x8003890
[State 0] Inst Executing 0x8003894
[State 0] Ex Block pc: 0x8009074 lr:0x8003897 HardwareSerial::write(unsigned
[State 0] Inst Executing 0x8009074
[State 0]  pc:0x8009074 address:0x20013f58 val:0x20 size:0x4 type:write
[State 0]  pc:0x8009074 address:0x20013f5c val:0x0 size:0x4 type:write
[State 0]  pc:0x8009074 address:0x20013f60 val:0x0 size:0x4 type:write
[State 0]  pc:0x8009074 address:0x20013f64 val:0x8003897 size:0x4 type:write
[State 0] Inst Executing 0x8009076
[State 0] Inst Executing 0x8009078
[State 0]  pc:0x8009078 address:0x20000740 val:0x1 size:0x1 type:write
[State 0] Inst Executing 0x800907a
[State 0]  pc:0x800907a address:0x2000086c val:0x3e size:0x2 type:read
[State 0] Inst Executing 0x800907e
[State 0] Inst Executing 0x8009080
[State 0] Inst Executing 0x8009082
[State 0] Inst Executing 0x8009086
[State 0] Inst Executing 0x800908a
[State 0] Inst Executing 0x800908c
[State 0] Inst Executing 0x800908e
[State 0] Inst Executing 0x8009090
[State 0]  pc:0x8009090 address:0x2000086e val:0x0 size:0x2 type:read
[State 0] Inst Executing 0x8009094
[State 0] Inst Executing 0x8009096
[State 0] Inst Executing 0x8009098
[State 0] Inst Executing 0x800909a
[State 0] Ex Block pc: 0x800909c lr:0x8003897
[State 0] Inst Executing 0x800909c
[State 0]  pc:0x800909c address:0x20000868 val:0x20000781 size:0x4 type:read
[State 0] Inst Executing 0x80090a0
[State 0]  pc:0x80090a0 address:0x200007bf val:0x20 size:0x1 type:write
[State 0] Inst Executing 0x80090a2
[State 0]  pc:0x80090a2 address:0x2000086c val:0x3f size:0x2 type:write
[State 0] Inst Executing 0x80090a6
[State 0] Inst Executing 0x80090aa
[State 0] Inst Executing 0x80090ac
[State 0] Ex Block pc: 0x8008a20 lr:0x80090b1 serial_tx_active
[State 0] Inst Executing 0x8008a20
[State 0]  pc:0x8008a20 address:0x20013f50 val:0x20000781 size:0x4 type:write
[State 0]  pc:0x8008a20 address:0x20013f54 val:0x80090b1 size:0x4 type:write
[State 0] Inst Executing 0x8008a22
[State 0]  pc:0x8008a22 address:0x20000848 val:0x1 size:0x1 type:read
[State 0] Inst Executing 0x8008a26
[State 0]  pc:0x8008a26 address:0x8008a40 val:0x200006d8 size:0x4 type:read
[State 0] Inst Executing 0x8008a28
[State 0]  pc:0x8008a28 address:0x200006dc val:0x20000808 size:0x4 type:read
[State 0] Inst Executing 0x8008a2c
[State 0] Ex Block pc: 0x8007538 lr:0x8008a31 HAL_UART_GetState
[State 0] Inst Executing 0x8007538
[State 0]  pc:0x8007538 address:0x20000841 val:0x32 size:0x1 type:read
[State 0] Inst Executing 0x800753c
[State 0] Ex Block pc: 0x8008a30 lr:0x8008a31
[State 0] Inst Executing 0x8008a30
[State 0] Inst Executing 0x8008a34
[State 0] Inst Executing 0x8008a36
[State 0] Inst Executing 0x8008a38
[State 0] Inst Executing 0x8008a3a
[State 0] Inst Executing 0x8008a3c
[State 0]  pc:0x8008a3c address:0x20013f50 val:0x20000781 size:0x4 type:read
[State 0]  pc:0x8008a3c address:0x20013f54 val:0x80090b1 size:0x4 type:read
[State 0] Ex Block pc: 0x80090b0 lr:0x8008a31
[State 0] Inst Executing 0x80090b0
[State 0] Ex Block pc: 0x80090b2 lr:0x8008a31
[State 0] Inst Executing 0x80090b2
[State 0] Inst Executing 0x80090b4
[State 0]  pc:0x80090b4 address:0x20013f58 val:0x20 size:0x4 type:read
[State 0]  pc:0x80090b4 address:0x20013f5c val:0x0 size:0x4 type:read
[State 0]  pc:0x80090b4 address:0x20013f60 val:0x0 size:0x4 type:read
[State 0]  pc:0x80090b4 address:0x20013f64 val:0x8003897 size:0x4 type:read
[State 0] Ex Block pc: 0x8003896 lr:0x8008a31
[State 0] Inst Executing 0x8003896
[State 0] Inst Executing 0x8003898
[State 0]  pc:0x8003898 address:0x800a9c7 val:0x20 size:0x1 type:read
[State 0] Inst Executing 0x800389c
[State 0] Inst Executing 0x80038a0
[State 0] Inst Executing 0x80038a2
[State 0] Inst Executing 0x80038a4
[State 0] Inst Executing 0x80038a6
[State 0] Inst Executing 0x80038a8
[State 0] Ex Block pc: 0x8003874 lr:0x8008a31
[State 0] Inst Executing 0x8003874
[State 0] Inst Executing 0x8003878
[State 0] Inst Executing 0x800387a
[State 0] Ex Block pc: 0x80038c4 lr:0x8008a31
[State 0] Inst Executing 0x80038c4
[State 0] Ex Block pc: 0x80038c6 lr:0x8008a31
[State 0] Inst Executing 0x80038c6
[State 0] Inst Executing 0x80038c8
[State 0] Ex Block pc: 0x80038ce lr:0x8008a31
[State 0] Inst Executing 0x80038ce
[State 0]  pc:0x80038ce address:0x20000410 val:0x20000730 size:0x4 type:read
[State 0] Inst Executing 0x80038d2
[State 0]  pc:0x80038d2 address:0x20000730 val:0x800afd0 size:0x4 type:read
[State 0] Inst Executing 0x80038d4
[State 0]  pc:0x80038d4 address:0x800afd0 val:0x8009075 size:0x4 type:read
[State 0] Inst Executing 0x80038d6
[State 0] Inst Executing 0x80038d8
[State 0] Inst Executing 0x80038da
[State 0] Inst Executing 0x80038dc
[State 0] Inst Executing 0x80038de
[State 0] Ex Block pc: 0x8009074 lr:0x80038e1 HardwareSerial::write(unsigned
[State 0] Inst Executing 0x8009074
[State 0]  pc:0x8009074 address:0x20013f58 val:0x0 size:0x4 type:write
[State 0]  pc:0x8009074 address:0x20013f5c val:0x1 size:0x4 type:write
[State 0]  pc:0x8009074 address:0x20013f60 val:0x1 size:0x4 type:write
[State 0]  pc:0x8009074 address:0x20013f64 val:0x80038e1 size:0x4 type:write
[State 0] Inst Executing 0x8009076
[State 0] Inst Executing 0x8009078
[State 0]  pc:0x8009078 address:0x20000740 val:0x1 size:0x1 type:write
[State 0] Inst Executing 0x800907a
[State 0]  pc:0x800907a address:0x2000086c val:0x3f size:0x2 type:read
[State 0] Inst Executing 0x800907e
[State 0] Inst Executing 0x8009080
[State 0] Inst Executing 0x8009082
[State 0] Inst Executing 0x8009086
[State 0] Inst Executing 0x800908a
[State 0] Inst Executing 0x800908c
[State 0] Inst Executing 0x800908e
[State 0] Inst Executing 0x8009090
[State 0]  pc:0x8009090 address:0x2000086e val:0x0 size:0x2 type:read
[State 0] Inst Executing 0x8009094
[State 0] Inst Executing 0x8009096
[State 0] Inst Executing 0x8009098
[State 0] Inst Executing 0x800909a
[State 0] Ex Block pc: 0x800909c lr:0x80038e1
[State 0] Inst Executing 0x800909c
[State 0]  pc:0x800909c address:0x20000868 val:0x20000781 size:0x4 type:read
[State 0] Inst Executing 0x80090a0
[State 0]  pc:0x80090a0 address:0x200007c0 val:0x0 size:0x1 type:write
[State 0] Inst Executing 0x80090a2
[State 0]  pc:0x80090a2 address:0x2000086c val:0x40 size:0x2 type:write
[State 0] Inst Executing 0x80090a6
[State 0] Inst Executing 0x80090aa
[State 0] Inst Executing 0x80090ac
[State 0] Ex Block pc: 0x8008a20 lr:0x80090b1 serial_tx_active
[State 0] Inst Executing 0x8008a20
[State 0]  pc:0x8008a20 address:0x20013f50 val:0x20000781 size:0x4 type:write
[State 0]  pc:0x8008a20 address:0x20013f54 val:0x80090b1 size:0x4 type:write
[State 0] Inst Executing 0x8008a22
[State 0]  pc:0x8008a22 address:0x20000848 val:0x1 size:0x1 type:read
[State 0] Inst Executing 0x8008a26
[State 0]  pc:0x8008a26 address:0x8008a40 val:0x200006d8 size:0x4 type:read
[State 0] Inst Executing 0x8008a28
[State 0]  pc:0x8008a28 address:0x200006dc val:0x20000808 size:0x4 type:read
[State 0] Inst Executing 0x8008a2c
[State 0] Ex Block pc: 0x8007538 lr:0x8008a31 HAL_UART_GetState
[State 0] Inst Executing 0x8007538
[State 0]  pc:0x8007538 address:0x20000841 val:0x32 size:0x1 type:read
[State 0] Inst Executing 0x800753c
[State 0] Ex Block pc: 0x8008a30 lr:0x8008a31
[State 0] Inst Executing 0x8008a30
[State 0] Inst Executing 0x8008a34
[State 0] Inst Executing 0x8008a36
[State 0] Inst Executing 0x8008a38
[State 0] Inst Executing 0x8008a3a
[State 0] Inst Executing 0x8008a3c
[State 0]  pc:0x8008a3c address:0x20013f50 val:0x20000781 size:0x4 type:read
[State 0]  pc:0x8008a3c address:0x20013f54 val:0x80090b1 size:0x4 type:read
[State 0] Ex Block pc: 0x80090b0 lr:0x8008a31
[State 0] Inst Executing 0x80090b0
[State 0] Ex Block pc: 0x80090b2 lr:0x8008a31
[State 0] Inst Executing 0x80090b2
[State 0] Inst Executing 0x80090b4
[State 0]  pc:0x80090b4 address:0x20013f58 val:0x0 size:0x4 type:read
[State 0]  pc:0x80090b4 address:0x20013f5c val:0x1 size:0x4 type:read
[State 0]  pc:0x80090b4 address:0x20013f60 val:0x1 size:0x4 type:read
[State 0]  pc:0x80090b4 address:0x20013f64 val:0x80038e1 size:0x4 type:read
[State 0] Ex Block pc: 0x80038e0 lr:0x8008a31
[State 0] Inst Executing 0x80038e0
[State 0] Ex Block pc: 0x80038ca lr:0x8008a31
[State 0] Inst Executing 0x80038ca
[State 0]  pc:0x80038ca address:0x20013f68 val:0x0 size:0x4 type:read
[State 0]  pc:0x80038ca address:0x20013f6c val:0x7 size:0x4 type:read
[State 0]  pc:0x80038ca address:0x20013f70 val:0x20000410 size:0x4 type:read
[State 0]  pc:0x80038ca address:0x20013f74 val:0x10 size:0x4 type:read
[State 0]  pc:0x80038ca address:0x20013f78 val:0x800a9c0 size:0x4 type:read
[State 0]  pc:0x80038ca address:0x20013f7c val:0x71 size:0x4 type:read
[State 0]  pc:0x80038ca address:0x20013f80 val:0x0 size:0x4 type:read
[State 0]  pc:0x80038ca address:0x20013f84 val:0x0 size:0x4 type:read
[State 0]  pc:0x80038ca address:0x20013f88 val:0x0 size:0x4 type:read
[State 0]  pc:0x80038ca address:0x20013f8c val:0x8003a6d size:0x4 type:read
[State 0] Ex Block pc: 0x8003a6c lr:0x8008a31
[State 0] Inst Executing 0x8003a6c
[State 0] Inst Executing 0x8003a6e
[State 0] Ex Block pc: 0x8003a5c lr:0x8008a31
[State 0] Inst Executing 0x8003a5c
[State 0] Inst Executing 0x8003a5e
[State 0] Ex Block pc: 0x8003a60 lr:0x8008a31
[State 0] Inst Executing 0x8003a60
[State 0] Inst Executing 0x8003a62
[State 0] Inst Executing 0x8003a64
[State 0] Inst Executing 0x8003a66
[State 0] Inst Executing 0x8003a68
[State 0] Ex Block pc: 0x8003856 lr:0x8003a6d firmata::FirmataMarshaller::encodeByteStream(unsigned
[State 0] Inst Executing 0x8003856
[State 0]  pc:0x8003856 address:0x20013f68 val:0x0 size:0x4 type:write
[State 0]  pc:0x8003856 address:0x20013f6c val:0x8 size:0x4 type:write
[State 0]  pc:0x8003856 address:0x20013f70 val:0x20000410 size:0x4 type:write
[State 0]  pc:0x8003856 address:0x20013f74 val:0x10 size:0x4 type:write
[State 0]  pc:0x8003856 address:0x20013f78 val:0x800a9c0 size:0x4 type:write
[State 0]  pc:0x8003856 address:0x20013f7c val:0x71 size:0x4 type:write
[State 0]  pc:0x8003856 address:0x20013f80 val:0x0 size:0x4 type:write
[State 0]  pc:0x8003856 address:0x20013f84 val:0x0 size:0x4 type:write
[State 0]  pc:0x8003856 address:0x20013f88 val:0x0 size:0x4 type:write
[State 0]  pc:0x8003856 address:0x20013f8c val:0x8003a6d size:0x4 type:write
[State 0] Inst Executing 0x800385a
[State 0] Inst Executing 0x800385c
[State 0] Inst Executing 0x800385e
[State 0] Inst Executing 0x8003860
[State 0]  pc:0x8003860 address:0x800a9c8 val:0x70 size:0x1 type:read
[State 0] Inst Executing 0x8003862
[State 0] Inst Executing 0x8003864
[State 0] Ex Block pc: 0x8003866 lr:0x8003a6d
[State 0] Inst Executing 0x8003866
[State 0] Inst Executing 0x800386a
[State 0] Inst Executing 0x800386e
[State 0] Inst Executing 0x8003870
[State 0] Inst Executing 0x8003872
[State 0] Ex Block pc: 0x8003878 lr:0x8003a6d
[State 0] Inst Executing 0x8003878
[State 0] Inst Executing 0x800387a
[State 0] Ex Block pc: 0x800387c lr:0x8003a6d
[State 0] Inst Executing 0x800387c
[State 0] Inst Executing 0x800387e
[State 0] Ex Block pc: 0x8003880 lr:0x8003a6d
[State 0] Inst Executing 0x8003880
[State 0]  pc:0x8003880 address:0x800a9c8 val:0x70 size:0x1 type:read
[State 0] Inst Executing 0x8003884
[State 0] Inst Executing 0x8003886
[State 0] Inst Executing 0x8003888
[State 0]  pc:0x8003888 address:0x20000410 val:0x20000730 size:0x4 type:read
[State 0] Inst Executing 0x800388c
[State 0]  pc:0x800388c address:0x20000730 val:0x800afd0 size:0x4 type:read
[State 0] Inst Executing 0x800388e
[State 0]  pc:0x800388e address:0x800afd0 val:0x8009075 size:0x4 type:read
[State 0] Inst Executing 0x8003890
[State 0] Inst Executing 0x8003894
[State 0] Ex Block pc: 0x8009074 lr:0x8003897 HardwareSerial::write(unsigned
[State 0] Inst Executing 0x8009074
[State 0]  pc:0x8009074 address:0x20013f58 val:0x70 size:0x4 type:write
[State 0]  pc:0x8009074 address:0x20013f5c val:0x0 size:0x4 type:write
[State 0]  pc:0x8009074 address:0x20013f60 val:0x0 size:0x4 type:write
[State 0]  pc:0x8009074 address:0x20013f64 val:0x8003897 size:0x4 type:write
[State 0] Inst Executing 0x8009076
[State 0] Inst Executing 0x8009078
[State 0]  pc:0x8009078 address:0x20000740 val:0x1 size:0x1 type:write
[State 0] Inst Executing 0x800907a
[State 0]  pc:0x800907a address:0x2000086c val:0x40 size:0x2 type:read
[State 0] Inst Executing 0x800907e
[State 0] Inst Executing 0x8009080
[State 0] Inst Executing 0x8009082
[State 0] Inst Executing 0x8009086
[State 0] Inst Executing 0x800908a
[State 0] Inst Executing 0x800908c
[State 0] Inst Executing 0x800908e
[State 0] Inst Executing 0x8009090
[State 0]  pc:0x8009090 address:0x2000086e val:0x0 size:0x2 type:read
[State 0] Inst Executing 0x8009094
[State 0] Inst Executing 0x8009096
[State 0] Inst Executing 0x8009098
[State 0] Inst Executing 0x800909a
[State 0] Ex Block pc: 0x800909c lr:0x8003897
[State 0] Inst Executing 0x800909c
[State 0]  pc:0x800909c address:0x20000868 val:0x20000781 size:0x4 type:read
[State 0] Inst Executing 0x80090a0
[State 0]  pc:0x80090a0 address:0x200007c1 val:0x70 size:0x1 type:write
[State 0] Inst Executing 0x80090a2
[State 0]  pc:0x80090a2 address:0x2000086c val:0x41 size:0x2 type:write
[State 0] Inst Executing 0x80090a6
[State 0] Inst Executing 0x80090aa
[State 0] Inst Executing 0x80090ac
[State 0] Ex Block pc: 0x8008a20 lr:0x80090b1 serial_tx_active
[State 0] Inst Executing 0x8008a20
[State 0]  pc:0x8008a20 address:0x20013f50 val:0x20000781 size:0x4 type:write
[State 0]  pc:0x8008a20 address:0x20013f54 val:0x80090b1 size:0x4 type:write
[State 0] Inst Executing 0x8008a22
[State 0]  pc:0x8008a22 address:0x20000848 val:0x1 size:0x1 type:read
[State 0] Inst Executing 0x8008a26
[State 0]  pc:0x8008a26 address:0x8008a40 val:0x200006d8 size:0x4 type:read
[State 0] Inst Executing 0x8008a28
[State 0]  pc:0x8008a28 address:0x200006dc val:0x20000808 size:0x4 type:read
[State 0] Inst Executing 0x8008a2c
[State 0] Ex Block pc: 0x8007538 lr:0x8008a31 HAL_UART_GetState
[State 0] Inst Executing 0x8007538
[State 0]  pc:0x8007538 address:0x20000841 val:0x32 size:0x1 type:read
[State 0] Inst Executing 0x800753c
[State 0] Ex Block pc: 0x8008a30 lr:0x8008a31
[State 0] Inst Executing 0x8008a30
[State 0] Inst Executing 0x8008a34
[State 0] Inst Executing 0x8008a36
[State 0] Inst Executing 0x8008a38
[State 0] Inst Executing 0x8008a3a
[State 0] Inst Executing 0x8008a3c
[State 0]  pc:0x8008a3c address:0x20013f50 val:0x20000781 size:0x4 type:read
[State 0]  pc:0x8008a3c address:0x20013f54 val:0x80090b1 size:0x4 type:read
[State 0] Ex Block pc: 0x80090b0 lr:0x8008a31
[State 0] Inst Executing 0x80090b0
[State 0] Ex Block pc: 0x80090b2 lr:0x8008a31
[State 0] Inst Executing 0x80090b2
[State 0] Inst Executing 0x80090b4
[State 0]  pc:0x80090b4 address:0x20013f58 val:0x70 size:0x4 type:read
[State 0]  pc:0x80090b4 address:0x20013f5c val:0x0 size:0x4 type:read
[State 0]  pc:0x80090b4 address:0x20013f60 val:0x0 size:0x4 type:read
[State 0]  pc:0x80090b4 address:0x20013f64 val:0x8003897 size:0x4 type:read
[State 0] Ex Block pc: 0x8003896 lr:0x8008a31
[State 0] Inst Executing 0x8003896
[State 0] Inst Executing 0x8003898
[State 0]  pc:0x8003898 address:0x800a9c8 val:0x70 size:0x1 type:read
[State 0] Inst Executing 0x800389c
[State 0] Inst Executing 0x80038a0
[State 0] Inst Executing 0x80038a2
[State 0] Inst Executing 0x80038a4
[State 0] Inst Executing 0x80038a6
[State 0] Inst Executing 0x80038a8
[State 0] Ex Block pc: 0x8003874 lr:0x8008a31
[State 0] Inst Executing 0x8003874
[State 0] Inst Executing 0x8003878
[State 0] Inst Executing 0x800387a
[State 0] Ex Block pc: 0x80038c4 lr:0x8008a31
[State 0] Inst Executing 0x80038c4
[State 0] Ex Block pc: 0x80038c6 lr:0x8008a31
[State 0] Inst Executing 0x80038c6
[State 0] Inst Executing 0x80038c8
[State 0] Ex Block pc: 0x80038ce lr:0x8008a31
[State 0] Inst Executing 0x80038ce
[State 0]  pc:0x80038ce address:0x20000410 val:0x20000730 size:0x4 type:read
[State 0] Inst Executing 0x80038d2
[State 0]  pc:0x80038d2 address:0x20000730 val:0x800afd0 size:0x4 type:read
[State 0] Inst Executing 0x80038d4
[State 0]  pc:0x80038d4 address:0x800afd0 val:0x8009075 size:0x4 type:read
[State 0] Inst Executing 0x80038d6
[State 0] Inst Executing 0x80038d8
[State 0] Inst Executing 0x80038da
[State 0] Inst Executing 0x80038dc
[State 0] Inst Executing 0x80038de
[State 0] Ex Block pc: 0x8009074 lr:0x80038e1 HardwareSerial::write(unsigned
[State 0] Inst Executing 0x8009074
[State 0]  pc:0x8009074 address:0x20013f58 val:0x0 size:0x4 type:write
[State 0]  pc:0x8009074 address:0x20013f5c val:0x1 size:0x4 type:write
[State 0]  pc:0x8009074 address:0x20013f60 val:0x1 size:0x4 type:write
[State 0]  pc:0x8009074 address:0x20013f64 val:0x80038e1 size:0x4 type:write
[State 0] Inst Executing 0x8009076
[State 0] Inst Executing 0x8009078
[State 0]  pc:0x8009078 address:0x20000740 val:0x1 size:0x1 type:write
[State 0] Inst Executing 0x800907a
[State 0]  pc:0x800907a address:0x2000086c val:0x41 size:0x2 type:read
[State 0] Inst Executing 0x800907e
[State 0] Inst Executing 0x8009080
[State 0] Inst Executing 0x8009082
[State 0] Inst Executing 0x8009086
[State 0] Inst Executing 0x800908a
[State 0] Inst Executing 0x800908c
[State 0] Inst Executing 0x800908e
[State 0] Inst Executing 0x8009090
[State 0]  pc:0x8009090 address:0x2000086e val:0x0 size:0x2 type:read
[State 0] Inst Executing 0x8009094
[State 0] Inst Executing 0x8009096
[State 0] Inst Executing 0x8009098
[State 0] Inst Executing 0x800909a
[State 0] Ex Block pc: 0x800909c lr:0x80038e1
[State 0] Inst Executing 0x800909c
[State 0]  pc:0x800909c address:0x20000868 val:0x20000781 size:0x4 type:read
[State 0] Inst Executing 0x80090a0
[State 0]  pc:0x80090a0 address:0x200007c2 val:0x0 size:0x1 type:write
[State 0] Inst Executing 0x80090a2
[State 0]  pc:0x80090a2 address:0x2000086c val:0x42 size:0x2 type:write
[State 0] Inst Executing 0x80090a6
[State 0] Inst Executing 0x80090aa
[State 0] Inst Executing 0x80090ac
[State 0] Ex Block pc: 0x8008a20 lr:0x80090b1 serial_tx_active
[State 0] Inst Executing 0x8008a20
[State 0]  pc:0x8008a20 address:0x20013f50 val:0x20000781 size:0x4 type:write
[State 0]  pc:0x8008a20 address:0x20013f54 val:0x80090b1 size:0x4 type:write
[State 0] Inst Executing 0x8008a22
[State 0]  pc:0x8008a22 address:0x20000848 val:0x1 size:0x1 type:read
[State 0] Inst Executing 0x8008a26
[State 0]  pc:0x8008a26 address:0x8008a40 val:0x200006d8 size:0x4 type:read
[State 0] Inst Executing 0x8008a28
[State 0]  pc:0x8008a28 address:0x200006dc val:0x20000808 size:0x4 type:read
[State 0] Inst Executing 0x8008a2c
[State 0] Ex Block pc: 0x8007538 lr:0x8008a31 HAL_UART_GetState
[State 0] Inst Executing 0x8007538
[State 0]  pc:0x8007538 address:0x20000841 val:0x32 size:0x1 type:read
[State 0] Inst Executing 0x800753c
[State 0] Ex Block pc: 0x8008a30 lr:0x8008a31
[State 0] Inst Executing 0x8008a30
[State 0] Inst Executing 0x8008a34
[State 0] Inst Executing 0x8008a36
[State 0] Inst Executing 0x8008a38
[State 0] Inst Executing 0x8008a3a
[State 0] Inst Executing 0x8008a3c
[State 0]  pc:0x8008a3c address:0x20013f50 val:0x20000781 size:0x4 type:read
[State 0]  pc:0x8008a3c address:0x20013f54 val:0x80090b1 size:0x4 type:read
[State 0] Ex Block pc: 0x80090b0 lr:0x8008a31
[State 0] Inst Executing 0x80090b0
[State 0] Ex Block pc: 0x80090b2 lr:0x8008a31
[State 0] Inst Executing 0x80090b2
[State 0] Inst Executing 0x80090b4
[State 0]  pc:0x80090b4 address:0x20013f58 val:0x0 size:0x4 type:read
[State 0]  pc:0x80090b4 address:0x20013f5c val:0x1 size:0x4 type:read
[State 0]  pc:0x80090b4 address:0x20013f60 val:0x1 size:0x4 type:read
[State 0]  pc:0x80090b4 address:0x20013f64 val:0x80038e1 size:0x4 type:read
[State 0] Ex Block pc: 0x80038e0 lr:0x8008a31
[State 0] Inst Executing 0x80038e0
[State 0] Ex Block pc: 0x80038ca lr:0x8008a31
[State 0] Inst Executing 0x80038ca
[State 0]  pc:0x80038ca address:0x20013f68 val:0x0 size:0x4 type:read
[State 0]  pc:0x80038ca address:0x20013f6c val:0x8 size:0x4 type:read
[State 0]  pc:0x80038ca address:0x20013f70 val:0x20000410 size:0x4 type:read
[State 0]  pc:0x80038ca address:0x20013f74 val:0x10 size:0x4 type:read
[State 0]  pc:0x80038ca address:0x20013f78 val:0x800a9c0 size:0x4 type:read
[State 0]  pc:0x80038ca address:0x20013f7c val:0x71 size:0x4 type:read
[State 0]  pc:0x80038ca address:0x20013f80 val:0x0 size:0x4 type:read
[State 0]  pc:0x80038ca address:0x20013f84 val:0x0 size:0x4 type:read
[State 0]  pc:0x80038ca address:0x20013f88 val:0x0 size:0x4 type:read
[State 0]  pc:0x80038ca address:0x20013f8c val:0x8003a6d size:0x4 type:read
[State 0] Ex Block pc: 0x8003a6c lr:0x8008a31
[State 0] Inst Executing 0x8003a6c
[State 0] Inst Executing 0x8003a6e
[State 0] Ex Block pc: 0x8003a5c lr:0x8008a31
[State 0] Inst Executing 0x8003a5c
[State 0] Inst Executing 0x8003a5e
[State 0] Ex Block pc: 0x8003a60 lr:0x8008a31
[State 0] Inst Executing 0x8003a60
[State 0] Inst Executing 0x8003a62
[State 0] Inst Executing 0x8003a64
[State 0] Inst Executing 0x8003a66
[State 0] Inst Executing 0x8003a68
[State 0] Ex Block pc: 0x8003856 lr:0x8003a6d firmata::FirmataMarshaller::encodeByteStream(unsigned
[State 0] Inst Executing 0x8003856
[State 0]  pc:0x8003856 address:0x20013f68 val:0x0 size:0x4 type:write
[State 0]  pc:0x8003856 address:0x20013f6c val:0x9 size:0x4 type:write
[State 0]  pc:0x8003856 address:0x20013f70 val:0x20000410 size:0x4 type:write
[State 0]  pc:0x8003856 address:0x20013f74 val:0x10 size:0x4 type:write
[State 0]  pc:0x8003856 address:0x20013f78 val:0x800a9c0 size:0x4 type:write
[State 0]  pc:0x8003856 address:0x20013f7c val:0x71 size:0x4 type:write
[State 0]  pc:0x8003856 address:0x20013f80 val:0x0 size:0x4 type:write
[State 0]  pc:0x8003856 address:0x20013f84 val:0x0 size:0x4 type:write
[State 0]  pc:0x8003856 address:0x20013f88 val:0x0 size:0x4 type:write
[State 0]  pc:0x8003856 address:0x20013f8c val:0x8003a6d size:0x4 type:write
[State 0] Inst Executing 0x800385a
[State 0] Inst Executing 0x800385c
[State 0] Inst Executing 0x800385e
[State 0] Inst Executing 0x8003860
[State 0]  pc:0x8003860 address:0x800a9c9 val:0x69 size:0x1 type:read
[State 0] Inst Executing 0x8003862
[State 0] Inst Executing 0x8003864
[State 0] Ex Block pc: 0x8003866 lr:0x8003a6d
[State 0] Inst Executing 0x8003866
[State 0] Inst Executing 0x800386a
[State 0] Inst Executing 0x800386e
[State 0] Inst Executing 0x8003870
[State 0] Inst Executing 0x8003872
[State 0] Ex Block pc: 0x8003878 lr:0x8003a6d
[State 0] Inst Executing 0x8003878
[State 0] Inst Executing 0x800387a
[State 0] Ex Block pc: 0x800387c lr:0x8003a6d
[State 0] Inst Executing 0x800387c
[State 0] Inst Executing 0x800387e
[State 0] Ex Block pc: 0x8003880 lr:0x8003a6d
[State 0] Inst Executing 0x8003880
[State 0]  pc:0x8003880 address:0x800a9c9 val:0x69 size:0x1 type:read
[State 0] Inst Executing 0x8003884
[State 0] Inst Executing 0x8003886
[State 0] Inst Executing 0x8003888
[State 0]  pc:0x8003888 address:0x20000410 val:0x20000730 size:0x4 type:read
[State 0] Inst Executing 0x800388c
[State 0]  pc:0x800388c address:0x20000730 val:0x800afd0 size:0x4 type:read
[State 0] Inst Executing 0x800388e
[State 0]  pc:0x800388e address:0x800afd0 val:0x8009075 size:0x4 type:read
[State 0] Inst Executing 0x8003890
[State 0] Inst Executing 0x8003894
[State 0] Ex Block pc: 0x8009074 lr:0x8003897 HardwareSerial::write(unsigned
[State 0] Inst Executing 0x8009074
[State 0]  pc:0x8009074 address:0x20013f58 val:0x69 size:0x4 type:write
[State 0]  pc:0x8009074 address:0x20013f5c val:0x0 size:0x4 type:write
[State 0]  pc:0x8009074 address:0x20013f60 val:0x0 size:0x4 type:write
[State 0]  pc:0x8009074 address:0x20013f64 val:0x8003897 size:0x4 type:write
[State 0] Inst Executing 0x8009076
[State 0] Inst Executing 0x8009078
[State 0]  pc:0x8009078 address:0x20000740 val:0x1 size:0x1 type:write
[State 0] Inst Executing 0x800907a
[State 0]  pc:0x800907a address:0x2000086c val:0x42 size:0x2 type:read
[State 0] Inst Executing 0x800907e
[State 0] Inst Executing 0x8009080
[State 0] Inst Executing 0x8009082
[State 0] Inst Executing 0x8009086
[State 0] Inst Executing 0x800908a
[State 0] Inst Executing 0x800908c
[State 0] Inst Executing 0x800908e
[State 0] Inst Executing 0x8009090
[State 0]  pc:0x8009090 address:0x2000086e val:0x0 size:0x2 type:read
[State 0] Inst Executing 0x8009094
[State 0] Inst Executing 0x8009096
[State 0] Inst Executing 0x8009098
[State 0] Inst Executing 0x800909a
[State 0] Ex Block pc: 0x800909c lr:0x8003897
[State 0] Inst Executing 0x800909c
[State 0]  pc:0x800909c address:0x20000868 val:0x20000781 size:0x4 type:read
[State 0] Inst Executing 0x80090a0
[State 0]  pc:0x80090a0 address:0x200007c3 val:0x69 size:0x1 type:write
[State 0] Inst Executing 0x80090a2
[State 0]  pc:0x80090a2 address:0x2000086c val:0x43 size:0x2 type:write
[State 0] Inst Executing 0x80090a6
[State 0] Inst Executing 0x80090aa
[State 0] Inst Executing 0x80090ac
[State 0] Ex Block pc: 0x8008a20 lr:0x80090b1 serial_tx_active
[State 0] Inst Executing 0x8008a20
[State 0]  pc:0x8008a20 address:0x20013f50 val:0x20000781 size:0x4 type:write
[State 0]  pc:0x8008a20 address:0x20013f54 val:0x80090b1 size:0x4 type:write
[State 0] Inst Executing 0x8008a22
[State 0]  pc:0x8008a22 address:0x20000848 val:0x1 size:0x1 type:read
[State 0] Inst Executing 0x8008a26
[State 0]  pc:0x8008a26 address:0x8008a40 val:0x200006d8 size:0x4 type:read
[State 0] Inst Executing 0x8008a28
[State 0]  pc:0x8008a28 address:0x200006dc val:0x20000808 size:0x4 type:read
[State 0] Inst Executing 0x8008a2c
[State 0] Ex Block pc: 0x8007538 lr:0x8008a31 HAL_UART_GetState
[State 0] Inst Executing 0x8007538
[State 0]  pc:0x8007538 address:0x20000841 val:0x32 size:0x1 type:read
[State 0] Inst Executing 0x800753c
[State 0] Ex Block pc: 0x8008a30 lr:0x8008a31
[State 0] Inst Executing 0x8008a30
[State 0] Inst Executing 0x8008a34
[State 0] Inst Executing 0x8008a36
[State 0] Inst Executing 0x8008a38
[State 0] Inst Executing 0x8008a3a
[State 0] Inst Executing 0x8008a3c
[State 0]  pc:0x8008a3c address:0x20013f50 val:0x20000781 size:0x4 type:read
[State 0]  pc:0x8008a3c address:0x20013f54 val:0x80090b1 size:0x4 type:read
[State 0] Ex Block pc: 0x80090b0 lr:0x8008a31
[State 0] Inst Executing 0x80090b0
[State 0] Ex Block pc: 0x80090b2 lr:0x8008a31
[State 0] Inst Executing 0x80090b2
[State 0] Inst Executing 0x80090b4
[State 0]  pc:0x80090b4 address:0x20013f58 val:0x69 size:0x4 type:read
[State 0]  pc:0x80090b4 address:0x20013f5c val:0x0 size:0x4 type:read
[State 0]  pc:0x80090b4 address:0x20013f60 val:0x0 size:0x4 type:read
[State 0]  pc:0x80090b4 address:0x20013f64 val:0x8003897 size:0x4 type:read
[State 0] Ex Block pc: 0x8003896 lr:0x8008a31
[State 0] Inst Executing 0x8003896
[State 0] Inst Executing 0x8003898
[State 0]  pc:0x8003898 address:0x800a9c9 val:0x69 size:0x1 type:read
[State 0] Inst Executing 0x800389c
[State 0] Inst Executing 0x80038a0
[State 0] Inst Executing 0x80038a2
[State 0] Inst Executing 0x80038a4
[State 0] Inst Executing 0x80038a6
[State 0] Inst Executing 0x80038a8
[State 0] Ex Block pc: 0x8003874 lr:0x8008a31
[State 0] Inst Executing 0x8003874
[State 0] Inst Executing 0x8003878
[State 0] Inst Executing 0x800387a
[State 0] Ex Block pc: 0x80038c4 lr:0x8008a31
[State 0] Inst Executing 0x80038c4
[State 0] Ex Block pc: 0x80038c6 lr:0x8008a31
[State 0] Inst Executing 0x80038c6
[State 0] Inst Executing 0x80038c8
[State 0] Ex Block pc: 0x80038ce lr:0x8008a31
[State 0] Inst Executing 0x80038ce
[State 0]  pc:0x80038ce address:0x20000410 val:0x20000730 size:0x4 type:read
[State 0] Inst Executing 0x80038d2
[State 0]  pc:0x80038d2 address:0x20000730 val:0x800afd0 size:0x4 type:read
[State 0] Inst Executing 0x80038d4
[State 0]  pc:0x80038d4 address:0x800afd0 val:0x8009075 size:0x4 type:read
[State 0] Inst Executing 0x80038d6
[State 0] Inst Executing 0x80038d8
[State 0] Inst Executing 0x80038da
[State 0] Inst Executing 0x80038dc
[State 0] Inst Executing 0x80038de
[State 0] Ex Block pc: 0x8009074 lr:0x80038e1 HardwareSerial::write(unsigned
[State 0] Inst Executing 0x8009074
[State 0]  pc:0x8009074 address:0x20013f58 val:0x0 size:0x4 type:write
[State 0]  pc:0x8009074 address:0x20013f5c val:0x1 size:0x4 type:write
[State 0]  pc:0x8009074 address:0x20013f60 val:0x1 size:0x4 type:write
[State 0]  pc:0x8009074 address:0x20013f64 val:0x80038e1 size:0x4 type:write
[State 0] Inst Executing 0x8009076
[State 0] Inst Executing 0x8009078
[State 0]  pc:0x8009078 address:0x20000740 val:0x1 size:0x1 type:write
[State 0] Inst Executing 0x800907a
[State 0]  pc:0x800907a address:0x2000086c val:0x43 size:0x2 type:read
[State 0] Inst Executing 0x800907e
[State 0] Inst Executing 0x8009080
[State 0] Inst Executing 0x8009082
[State 0] Inst Executing 0x8009086
[State 0] Inst Executing 0x800908a
[State 0] Inst Executing 0x800908c
[State 0] Inst Executing 0x800908e
[State 0] Inst Executing 0x8009090
[State 0]  pc:0x8009090 address:0x2000086e val:0x0 size:0x2 type:read
[State 0] Inst Executing 0x8009094
[State 0] Inst Executing 0x8009096
[State 0] Inst Executing 0x8009098
[State 0] Inst Executing 0x800909a
[State 0] Ex Block pc: 0x800909c lr:0x80038e1
[State 0] Inst Executing 0x800909c
[State 0]  pc:0x800909c address:0x20000868 val:0x20000781 size:0x4 type:read
[State 0] Inst Executing 0x80090a0
[State 0]  pc:0x80090a0 address:0x200007c4 val:0x0 size:0x1 type:write
[State 0] Inst Executing 0x80090a2
[State 0]  pc:0x80090a2 address:0x2000086c val:0x44 size:0x2 type:write
[State 0] Inst Executing 0x80090a6
[State 0] Inst Executing 0x80090aa
[State 0] Inst Executing 0x80090ac
[State 0] Ex Block pc: 0x8008a20 lr:0x80090b1 serial_tx_active
[State 0] Inst Executing 0x8008a20
[State 0]  pc:0x8008a20 address:0x20013f50 val:0x20000781 size:0x4 type:write
[State 0]  pc:0x8008a20 address:0x20013f54 val:0x80090b1 size:0x4 type:write
[State 0] Inst Executing 0x8008a22
[State 0]  pc:0x8008a22 address:0x20000848 val:0x1 size:0x1 type:read
[State 0] Inst Executing 0x8008a26
[State 0]  pc:0x8008a26 address:0x8008a40 val:0x200006d8 size:0x4 type:read
[State 0] Inst Executing 0x8008a28
[State 0]  pc:0x8008a28 address:0x200006dc val:0x20000808 size:0x4 type:read
[State 0] Inst Executing 0x8008a2c
[State 0] Ex Block pc: 0x8007538 lr:0x8008a31 HAL_UART_GetState
[State 0] Inst Executing 0x8007538
[State 0]  pc:0x8007538 address:0x20000841 val:0x32 size:0x1 type:read
[State 0] Inst Executing 0x800753c
[State 0] Ex Block pc: 0x8008a30 lr:0x8008a31
[State 0] Inst Executing 0x8008a30
[State 0] Inst Executing 0x8008a34
[State 0] Inst Executing 0x8008a36
[State 0] Inst Executing 0x8008a38
[State 0] Inst Executing 0x8008a3a
[State 0] Inst Executing 0x8008a3c
[State 0]  pc:0x8008a3c address:0x20013f50 val:0x20000781 size:0x4 type:read
[State 0]  pc:0x8008a3c address:0x20013f54 val:0x80090b1 size:0x4 type:read
[State 0] Ex Block pc: 0x80090b0 lr:0x8008a31
[State 0] Inst Executing 0x80090b0
[State 0] Ex Block pc: 0x80090b2 lr:0x8008a31
[State 0] Inst Executing 0x80090b2
[State 0] Inst Executing 0x80090b4
[State 0]  pc:0x80090b4 address:0x20013f58 val:0x0 size:0x4 type:read
[State 0]  pc:0x80090b4 address:0x20013f5c val:0x1 size:0x4 type:read
[State 0]  pc:0x80090b4 address:0x20013f60 val:0x1 size:0x4 type:read
[State 0]  pc:0x80090b4 address:0x20013f64 val:0x80038e1 size:0x4 type:read
[State 0] Ex Block pc: 0x80038e0 lr:0x8008a31
[State 0] Inst Executing 0x80038e0
[State 0] Ex Block pc: 0x80038ca lr:0x8008a31
[State 0] Inst Executing 0x80038ca
[State 0]  pc:0x80038ca address:0x20013f68 val:0x0 size:0x4 type:read
[State 0]  pc:0x80038ca address:0x20013f6c val:0x9 size:0x4 type:read
[State 0]  pc:0x80038ca address:0x20013f70 val:0x20000410 size:0x4 type:read
[State 0]  pc:0x80038ca address:0x20013f74 val:0x10 size:0x4 type:read
[State 0]  pc:0x80038ca address:0x20013f78 val:0x800a9c0 size:0x4 type:read
[State 0]  pc:0x80038ca address:0x20013f7c val:0x71 size:0x4 type:read
[State 0]  pc:0x80038ca address:0x20013f80 val:0x0 size:0x4 type:read
[State 0]  pc:0x80038ca address:0x20013f84 val:0x0 size:0x4 type:read
[State 0]  pc:0x80038ca address:0x20013f88 val:0x0 size:0x4 type:read
[State 0]  pc:0x80038ca address:0x20013f8c val:0x8003a6d size:0x4 type:read
[State 0] Ex Block pc: 0x8003a6c lr:0x8008a31
[State 0] Inst Executing 0x8003a6c
[State 0] Inst Executing 0x8003a6e
[State 0] Ex Block pc: 0x8003a5c lr:0x8008a31
[State 0] Inst Executing 0x8003a5c
[State 0] Inst Executing 0x8003a5e
[State 0] Ex Block pc: 0x8003a60 lr:0x8008a31
[State 0] Inst Executing 0x8003a60
[State 0] Inst Executing 0x8003a62
[State 0] Inst Executing 0x8003a64
[State 0] Inst Executing 0x8003a66
[State 0] Inst Executing 0x8003a68
[State 0] Ex Block pc: 0x8003856 lr:0x8003a6d firmata::FirmataMarshaller::encodeByteStream(unsigned
[State 0] Inst Executing 0x8003856
[State 0]  pc:0x8003856 address:0x20013f68 val:0x0 size:0x4 type:write
[State 0]  pc:0x8003856 address:0x20013f6c val:0xa size:0x4 type:write
[State 0]  pc:0x8003856 address:0x20013f70 val:0x20000410 size:0x4 type:write
[State 0]  pc:0x8003856 address:0x20013f74 val:0x10 size:0x4 type:write
[State 0]  pc:0x8003856 address:0x20013f78 val:0x800a9c0 size:0x4 type:write
[State 0]  pc:0x8003856 address:0x20013f7c val:0x71 size:0x4 type:write
[State 0]  pc:0x8003856 address:0x20013f80 val:0x0 size:0x4 type:write
[State 0]  pc:0x8003856 address:0x20013f84 val:0x0 size:0x4 type:write
[State 0]  pc:0x8003856 address:0x20013f88 val:0x0 size:0x4 type:write
[State 0]  pc:0x8003856 address:0x20013f8c val:0x8003a6d size:0x4 type:write
[State 0] Inst Executing 0x800385a
[State 0] Inst Executing 0x800385c
[State 0] Inst Executing 0x800385e
[State 0] Inst Executing 0x8003860
[State 0]  pc:0x8003860 address:0x800a9ca val:0x6e size:0x1 type:read
[State 0] Inst Executing 0x8003862
[State 0] Inst Executing 0x8003864
[State 0] Ex Block pc: 0x8003866 lr:0x8003a6d
[State 0] Inst Executing 0x8003866
[State 0] Inst Executing 0x800386a
[State 0] Inst Executing 0x800386e
[State 0] Inst Executing 0x8003870
[State 0] Inst Executing 0x8003872
[State 0] Ex Block pc: 0x8003878 lr:0x8003a6d
[State 0] Inst Executing 0x8003878
[State 0] Inst Executing 0x800387a
[State 0] Ex Block pc: 0x800387c lr:0x8003a6d
[State 0] Inst Executing 0x800387c
[State 0] Inst Executing 0x800387e
[State 0] Ex Block pc: 0x8003880 lr:0x8003a6d
[State 0] Inst Executing 0x8003880
[State 0]  pc:0x8003880 address:0x800a9ca val:0x6e size:0x1 type:read
[State 0] Inst Executing 0x8003884
[State 0] Inst Executing 0x8003886
[State 0] Inst Executing 0x8003888
[State 0]  pc:0x8003888 address:0x20000410 val:0x20000730 size:0x4 type:read
[State 0] Inst Executing 0x800388c
[State 0]  pc:0x800388c address:0x20000730 val:0x800afd0 size:0x4 type:read
[State 0] Inst Executing 0x800388e
[State 0]  pc:0x800388e address:0x800afd0 val:0x8009075 size:0x4 type:read
[State 0] Inst Executing 0x8003890
[State 0] Inst Executing 0x8003894
[State 0] Ex Block pc: 0x8009074 lr:0x8003897 HardwareSerial::write(unsigned
[State 0] Inst Executing 0x8009074
[State 0]  pc:0x8009074 address:0x20013f58 val:0x6e size:0x4 type:write
[State 0]  pc:0x8009074 address:0x20013f5c val:0x0 size:0x4 type:write
[State 0]  pc:0x8009074 address:0x20013f60 val:0x0 size:0x4 type:write
[State 0]  pc:0x8009074 address:0x20013f64 val:0x8003897 size:0x4 type:write
[State 0] Inst Executing 0x8009076
[State 0] Inst Executing 0x8009078
[State 0]  pc:0x8009078 address:0x20000740 val:0x1 size:0x1 type:write
[State 0] Inst Executing 0x800907a
[State 0]  pc:0x800907a address:0x2000086c val:0x44 size:0x2 type:read
[State 0] Inst Executing 0x800907e
[State 0] Inst Executing 0x8009080
[State 0] Inst Executing 0x8009082
[State 0] Inst Executing 0x8009086
[State 0] Inst Executing 0x800908a
[State 0] Inst Executing 0x800908c
[State 0] Inst Executing 0x800908e
[State 0] Inst Executing 0x8009090
[State 0]  pc:0x8009090 address:0x2000086e val:0x0 size:0x2 type:read
[State 0] Inst Executing 0x8009094
[State 0] Inst Executing 0x8009096
[State 0] Inst Executing 0x8009098
[State 0] Inst Executing 0x800909a
[State 0] Ex Block pc: 0x800909c lr:0x8003897
[State 0] Inst Executing 0x800909c
[State 0]  pc:0x800909c address:0x20000868 val:0x20000781 size:0x4 type:read
[State 0] Inst Executing 0x80090a0
[State 0]  pc:0x80090a0 address:0x200007c5 val:0x6e size:0x1 type:write
[State 0] Inst Executing 0x80090a2
[State 0]  pc:0x80090a2 address:0x2000086c val:0x45 size:0x2 type:write
[State 0] Inst Executing 0x80090a6
[State 0] Inst Executing 0x80090aa
[State 0] Inst Executing 0x80090ac
[State 0] Ex Block pc: 0x8008a20 lr:0x80090b1 serial_tx_active
[State 0] Inst Executing 0x8008a20
[State 0]  pc:0x8008a20 address:0x20013f50 val:0x20000781 size:0x4 type:write
[State 0]  pc:0x8008a20 address:0x20013f54 val:0x80090b1 size:0x4 type:write
[State 0] Inst Executing 0x8008a22
[State 0]  pc:0x8008a22 address:0x20000848 val:0x1 size:0x1 type:read
[State 0] Inst Executing 0x8008a26
[State 0]  pc:0x8008a26 address:0x8008a40 val:0x200006d8 size:0x4 type:read
[State 0] Inst Executing 0x8008a28
[State 0]  pc:0x8008a28 address:0x200006dc val:0x20000808 size:0x4 type:read
[State 0] Inst Executing 0x8008a2c
[State 0] Ex Block pc: 0x8007538 lr:0x8008a31 HAL_UART_GetState
[State 0] Inst Executing 0x8007538
[State 0]  pc:0x8007538 address:0x20000841 val:0x32 size:0x1 type:read
[State 0] Inst Executing 0x800753c
[State 0] Ex Block pc: 0x8008a30 lr:0x8008a31
[State 0] Inst Executing 0x8008a30
[State 0] Inst Executing 0x8008a34
[State 0] Inst Executing 0x8008a36
[State 0] Inst Executing 0x8008a38
[State 0] Inst Executing 0x8008a3a
[State 0] Inst Executing 0x8008a3c
[State 0]  pc:0x8008a3c address:0x20013f50 val:0x20000781 size:0x4 type:read
[State 0]  pc:0x8008a3c address:0x20013f54 val:0x80090b1 size:0x4 type:read
[State 0] Ex Block pc: 0x80090b0 lr:0x8008a31
[State 0] Inst Executing 0x80090b0
[State 0] Ex Block pc: 0x80090b2 lr:0x8008a31
[State 0] Inst Executing 0x80090b2
[State 0] Inst Executing 0x80090b4
[State 0]  pc:0x80090b4 address:0x20013f58 val:0x6e size:0x4 type:read
[State 0]  pc:0x80090b4 address:0x20013f5c val:0x0 size:0x4 type:read
[State 0]  pc:0x80090b4 address:0x20013f60 val:0x0 size:0x4 type:read
[State 0]  pc:0x80090b4 address:0x20013f64 val:0x8003897 size:0x4 type:read
[State 0] Ex Block pc: 0x8003896 lr:0x8008a31
[State 0] Inst Executing 0x8003896
[State 0] Inst Executing 0x8003898
[State 0]  pc:0x8003898 address:0x800a9ca val:0x6e size:0x1 type:read
[State 0] Inst Executing 0x800389c
[State 0] Inst Executing 0x80038a0
[State 0] Inst Executing 0x80038a2
[State 0] Inst Executing 0x80038a4
[State 0] Inst Executing 0x80038a6
[State 0] Inst Executing 0x80038a8
[State 0] Ex Block pc: 0x8003874 lr:0x8008a31
[State 0] Inst Executing 0x8003874
[State 0] Inst Executing 0x8003878
[State 0] Inst Executing 0x800387a
[State 0] Ex Block pc: 0x80038c4 lr:0x8008a31
[State 0] Inst Executing 0x80038c4
[State 0] Ex Block pc: 0x80038c6 lr:0x8008a31
[State 0] Inst Executing 0x80038c6
[State 0] Inst Executing 0x80038c8
[State 0] Ex Block pc: 0x80038ce lr:0x8008a31
[State 0] Inst Executing 0x80038ce
[State 0]  pc:0x80038ce address:0x20000410 val:0x20000730 size:0x4 type:read
[State 0] Inst Executing 0x80038d2
[State 0]  pc:0x80038d2 address:0x20000730 val:0x800afd0 size:0x4 type:read
[State 0] Inst Executing 0x80038d4
[State 0]  pc:0x80038d4 address:0x800afd0 val:0x8009075 size:0x4 type:read
[State 0] Inst Executing 0x80038d6
[State 0] Inst Executing 0x80038d8
[State 0] Inst Executing 0x80038da
[State 0] Inst Executing 0x80038dc
[State 0] Inst Executing 0x80038de
[State 0] Ex Block pc: 0x8009074 lr:0x80038e1 HardwareSerial::write(unsigned
[State 0] Inst Executing 0x8009074
[State 0]  pc:0x8009074 address:0x20013f58 val:0x0 size:0x4 type:write
[State 0]  pc:0x8009074 address:0x20013f5c val:0x1 size:0x4 type:write
[State 0]  pc:0x8009074 address:0x20013f60 val:0x1 size:0x4 type:write
[State 0]  pc:0x8009074 address:0x20013f64 val:0x80038e1 size:0x4 type:write
[State 0] Inst Executing 0x8009076
[State 0] Inst Executing 0x8009078
[State 0]  pc:0x8009078 address:0x20000740 val:0x1 size:0x1 type:write
[State 0] Inst Executing 0x800907a
[State 0]  pc:0x800907a address:0x2000086c val:0x45 size:0x2 type:read
[State 0] Inst Executing 0x800907e
[State 0] Inst Executing 0x8009080
[State 0] Inst Executing 0x8009082
[State 0] Inst Executing 0x8009086
[State 0] Inst Executing 0x800908a
[State 0] Inst Executing 0x800908c
[State 0] Inst Executing 0x800908e
[State 0] Inst Executing 0x8009090
[State 0]  pc:0x8009090 address:0x2000086e val:0x0 size:0x2 type:read
[State 0] Inst Executing 0x8009094
[State 0] Inst Executing 0x8009096
[State 0] Inst Executing 0x8009098
[State 0] Inst Executing 0x800909a
[State 0] Ex Block pc: 0x800909c lr:0x80038e1
[State 0] Inst Executing 0x800909c
[State 0]  pc:0x800909c address:0x20000868 val:0x20000781 size:0x4 type:read
[State 0] Inst Executing 0x80090a0
[State 0]  pc:0x80090a0 address:0x200007c6 val:0x0 size:0x1 type:write
[State 0] Inst Executing 0x80090a2
[State 0]  pc:0x80090a2 address:0x2000086c val:0x46 size:0x2 type:write
[State 0] Inst Executing 0x80090a6
[State 0] Inst Executing 0x80090aa
[State 0] Inst Executing 0x80090ac
[State 0] Ex Block pc: 0x8008a20 lr:0x80090b1 serial_tx_active
[State 0] Inst Executing 0x8008a20
[State 0]  pc:0x8008a20 address:0x20013f50 val:0x20000781 size:0x4 type:write
[State 0]  pc:0x8008a20 address:0x20013f54 val:0x80090b1 size:0x4 type:write
[State 0] Inst Executing 0x8008a22
[State 0]  pc:0x8008a22 address:0x20000848 val:0x1 size:0x1 type:read
[State 0] Inst Executing 0x8008a26
[State 0]  pc:0x8008a26 address:0x8008a40 val:0x200006d8 size:0x4 type:read
[State 0] Inst Executing 0x8008a28
[State 0]  pc:0x8008a28 address:0x200006dc val:0x20000808 size:0x4 type:read
[State 0] Inst Executing 0x8008a2c
[State 0] Ex Block pc: 0x8007538 lr:0x8008a31 HAL_UART_GetState
[State 0] Inst Executing 0x8007538
[State 0]  pc:0x8007538 address:0x20000841 val:0x32 size:0x1 type:read
[State 0] Inst Executing 0x800753c
[State 0] Ex Block pc: 0x8008a30 lr:0x8008a31
[State 0] Inst Executing 0x8008a30
[State 0] Inst Executing 0x8008a34
[State 0] Inst Executing 0x8008a36
[State 0] Inst Executing 0x8008a38
[State 0] Inst Executing 0x8008a3a
[State 0] Inst Executing 0x8008a3c
[State 0]  pc:0x8008a3c address:0x20013f50 val:0x20000781 size:0x4 type:read
[State 0]  pc:0x8008a3c address:0x20013f54 val:0x80090b1 size:0x4 type:read
[State 0] Ex Block pc: 0x80090b0 lr:0x8008a31
[State 0] Inst Executing 0x80090b0
[State 0] Ex Block pc: 0x80090b2 lr:0x8008a31
[State 0] Inst Executing 0x80090b2
[State 0] Inst Executing 0x80090b4
[State 0]  pc:0x80090b4 address:0x20013f58 val:0x0 size:0x4 type:read
[State 0]  pc:0x80090b4 address:0x20013f5c val:0x1 size:0x4 type:read
[State 0]  pc:0x80090b4 address:0x20013f60 val:0x1 size:0x4 type:read
[State 0]  pc:0x80090b4 address:0x20013f64 val:0x80038e1 size:0x4 type:read
[State 0] Ex Block pc: 0x80038e0 lr:0x8008a31
[State 0] Inst Executing 0x80038e0
[State 0] Ex Block pc: 0x80038ca lr:0x8008a31
[State 0] Inst Executing 0x80038ca
[State 0]  pc:0x80038ca address:0x20013f68 val:0x0 size:0x4 type:read
[State 0]  pc:0x80038ca address:0x20013f6c val:0xa size:0x4 type:read
[State 0]  pc:0x80038ca address:0x20013f70 val:0x20000410 size:0x4 type:read
[State 0]  pc:0x80038ca address:0x20013f74 val:0x10 size:0x4 type:read
[State 0]  pc:0x80038ca address:0x20013f78 val:0x800a9c0 size:0x4 type:read
[State 0]  pc:0x80038ca address:0x20013f7c val:0x71 size:0x4 type:read
[State 0]  pc:0x80038ca address:0x20013f80 val:0x0 size:0x4 type:read
[State 0]  pc:0x80038ca address:0x20013f84 val:0x0 size:0x4 type:read
[State 0]  pc:0x80038ca address:0x20013f88 val:0x0 size:0x4 type:read
[State 0]  pc:0x80038ca address:0x20013f8c val:0x8003a6d size:0x4 type:read
[State 0] Ex Block pc: 0x8003a6c lr:0x8008a31
[State 0] Inst Executing 0x8003a6c
[State 0] Inst Executing 0x8003a6e
[State 0] Ex Block pc: 0x8003a5c lr:0x8008a31
[State 0] Inst Executing 0x8003a5c
[State 0] Inst Executing 0x8003a5e
[State 0] Ex Block pc: 0x8003a60 lr:0x8008a31
[State 0] Inst Executing 0x8003a60
[State 0] Inst Executing 0x8003a62
[State 0] Inst Executing 0x8003a64
[State 0] Inst Executing 0x8003a66
[State 0] Inst Executing 0x8003a68
[State 0] Ex Block pc: 0x8003856 lr:0x8003a6d firmata::FirmataMarshaller::encodeByteStream(unsigned
[State 0] Inst Executing 0x8003856
[State 0]  pc:0x8003856 address:0x20013f68 val:0x0 size:0x4 type:write
[State 0]  pc:0x8003856 address:0x20013f6c val:0xb size:0x4 type:write
[State 0]  pc:0x8003856 address:0x20013f70 val:0x20000410 size:0x4 type:write
[State 0]  pc:0x8003856 address:0x20013f74 val:0x10 size:0x4 type:write
[State 0]  pc:0x8003856 address:0x20013f78 val:0x800a9c0 size:0x4 type:write
[State 0]  pc:0x8003856 address:0x20013f7c val:0x71 size:0x4 type:write
[State 0]  pc:0x8003856 address:0x20013f80 val:0x0 size:0x4 type:write
[State 0]  pc:0x8003856 address:0x20013f84 val:0x0 size:0x4 type:write
[State 0]  pc:0x8003856 address:0x20013f88 val:0x0 size:0x4 type:write
[State 0]  pc:0x8003856 address:0x20013f8c val:0x8003a6d size:0x4 type:write
[State 0] Inst Executing 0x800385a
[State 0] Inst Executing 0x800385c
[State 0] Inst Executing 0x800385e
[State 0] Inst Executing 0x8003860
[State 0]  pc:0x8003860 address:0x800a9cb val:0x20 size:0x1 type:read
[State 0] Inst Executing 0x8003862
[State 0] Inst Executing 0x8003864
[State 0] Ex Block pc: 0x8003866 lr:0x8003a6d
[State 0] Inst Executing 0x8003866
[State 0] Inst Executing 0x800386a
[State 0] Inst Executing 0x800386e
[State 0] Inst Executing 0x8003870
[State 0] Inst Executing 0x8003872
[State 0] Ex Block pc: 0x8003878 lr:0x8003a6d
[State 0] Inst Executing 0x8003878
[State 0] Inst Executing 0x800387a
[State 0] Ex Block pc: 0x800387c lr:0x8003a6d
[State 0] Inst Executing 0x800387c
[State 0] Inst Executing 0x800387e
[State 0] Ex Block pc: 0x8003880 lr:0x8003a6d
[State 0] Inst Executing 0x8003880
[State 0]  pc:0x8003880 address:0x800a9cb val:0x20 size:0x1 type:read
[State 0] Inst Executing 0x8003884
[State 0] Inst Executing 0x8003886
[State 0] Inst Executing 0x8003888
[State 0]  pc:0x8003888 address:0x20000410 val:0x20000730 size:0x4 type:read
[State 0] Inst Executing 0x800388c
[State 0]  pc:0x800388c address:0x20000730 val:0x800afd0 size:0x4 type:read
[State 0] Inst Executing 0x800388e
[State 0]  pc:0x800388e address:0x800afd0 val:0x8009075 size:0x4 type:read
[State 0] Inst Executing 0x8003890
[State 0] Inst Executing 0x8003894
[State 0] Ex Block pc: 0x8009074 lr:0x8003897 HardwareSerial::write(unsigned
[State 0] Inst Executing 0x8009074
[State 0]  pc:0x8009074 address:0x20013f58 val:0x20 size:0x4 type:write
[State 0]  pc:0x8009074 address:0x20013f5c val:0x0 size:0x4 type:write
[State 0]  pc:0x8009074 address:0x20013f60 val:0x0 size:0x4 type:write
[State 0]  pc:0x8009074 address:0x20013f64 val:0x8003897 size:0x4 type:write
[State 0] Inst Executing 0x8009076
[State 0] Inst Executing 0x8009078
[State 0]  pc:0x8009078 address:0x20000740 val:0x1 size:0x1 type:write
[State 0] Inst Executing 0x800907a
[State 0]  pc:0x800907a address:0x2000086c val:0x46 size:0x2 type:read
[State 0] Inst Executing 0x800907e
[State 0] Inst Executing 0x8009080
[State 0] Inst Executing 0x8009082
[State 0] Inst Executing 0x8009086
[State 0] Inst Executing 0x800908a
[State 0] Inst Executing 0x800908c
[State 0] Inst Executing 0x800908e
[State 0] Inst Executing 0x8009090
[State 0]  pc:0x8009090 address:0x2000086e val:0x0 size:0x2 type:read
[State 0] Inst Executing 0x8009094
[State 0] Inst Executing 0x8009096
[State 0] Inst Executing 0x8009098
[State 0] Inst Executing 0x800909a
[State 0] Ex Block pc: 0x800909c lr:0x8003897
[State 0] Inst Executing 0x800909c
[State 0]  pc:0x800909c address:0x20000868 val:0x20000781 size:0x4 type:read
[State 0] Inst Executing 0x80090a0
[State 0]  pc:0x80090a0 address:0x200007c7 val:0x20 size:0x1 type:write
[State 0] Inst Executing 0x80090a2
[State 0]  pc:0x80090a2 address:0x2000086c val:0x47 size:0x2 type:write
[State 0] Inst Executing 0x80090a6
[State 0] Inst Executing 0x80090aa
[State 0] Inst Executing 0x80090ac
[State 0] Ex Block pc: 0x8008a20 lr:0x80090b1 serial_tx_active
[State 0] Inst Executing 0x8008a20
[State 0]  pc:0x8008a20 address:0x20013f50 val:0x20000781 size:0x4 type:write
[State 0]  pc:0x8008a20 address:0x20013f54 val:0x80090b1 size:0x4 type:write
[State 0] Inst Executing 0x8008a22
[State 0]  pc:0x8008a22 address:0x20000848 val:0x1 size:0x1 type:read
[State 0] Inst Executing 0x8008a26
[State 0]  pc:0x8008a26 address:0x8008a40 val:0x200006d8 size:0x4 type:read
[State 0] Inst Executing 0x8008a28
[State 0]  pc:0x8008a28 address:0x200006dc val:0x20000808 size:0x4 type:read
[State 0] Inst Executing 0x8008a2c
[State 0] Ex Block pc: 0x8007538 lr:0x8008a31 HAL_UART_GetState
[State 0] Inst Executing 0x8007538
[State 0]  pc:0x8007538 address:0x20000841 val:0x32 size:0x1 type:read
[State 0] Inst Executing 0x800753c
[State 0] Ex Block pc: 0x8008a30 lr:0x8008a31
[State 0] Inst Executing 0x8008a30
[State 0] Inst Executing 0x8008a34
[State 0] Inst Executing 0x8008a36
[State 0] Inst Executing 0x8008a38
[State 0] Inst Executing 0x8008a3a
[State 0] Inst Executing 0x8008a3c
[State 0]  pc:0x8008a3c address:0x20013f50 val:0x20000781 size:0x4 type:read
[State 0]  pc:0x8008a3c address:0x20013f54 val:0x80090b1 size:0x4 type:read
[State 0] Ex Block pc: 0x80090b0 lr:0x8008a31
[State 0] Inst Executing 0x80090b0
[State 0] Ex Block pc: 0x80090b2 lr:0x8008a31
[State 0] Inst Executing 0x80090b2
[State 0] Inst Executing 0x80090b4
[State 0]  pc:0x80090b4 address:0x20013f58 val:0x20 size:0x4 type:read
[State 0]  pc:0x80090b4 address:0x20013f5c val:0x0 size:0x4 type:read
[State 0]  pc:0x80090b4 address:0x20013f60 val:0x0 size:0x4 type:read
[State 0]  pc:0x80090b4 address:0x20013f64 val:0x8003897 size:0x4 type:read
[State 0] Ex Block pc: 0x8003896 lr:0x8008a31
[State 0] Inst Executing 0x8003896
[State 0] Inst Executing 0x8003898
[State 0]  pc:0x8003898 address:0x800a9cb val:0x20 size:0x1 type:read
[State 0] Inst Executing 0x800389c
[State 0] Inst Executing 0x80038a0
[State 0] Inst Executing 0x80038a2
[State 0] Inst Executing 0x80038a4
[State 0] Inst Executing 0x80038a6
[State 0] Inst Executing 0x80038a8
[State 0] Ex Block pc: 0x8003874 lr:0x8008a31
[State 0] Inst Executing 0x8003874
[State 0] Inst Executing 0x8003878
[State 0] Inst Executing 0x800387a
[State 0] Ex Block pc: 0x80038c4 lr:0x8008a31
[State 0] Inst Executing 0x80038c4
[State 0] Ex Block pc: 0x80038c6 lr:0x8008a31
[State 0] Inst Executing 0x80038c6
[State 0] Inst Executing 0x80038c8
[State 0] Ex Block pc: 0x80038ce lr:0x8008a31
[State 0] Inst Executing 0x80038ce
[State 0]  pc:0x80038ce address:0x20000410 val:0x20000730 size:0x4 type:read
[State 0] Inst Executing 0x80038d2
[State 0]  pc:0x80038d2 address:0x20000730 val:0x800afd0 size:0x4 type:read
[State 0] Inst Executing 0x80038d4
[State 0]  pc:0x80038d4 address:0x800afd0 val:0x8009075 size:0x4 type:read
[State 0] Inst Executing 0x80038d6
[State 0] Inst Executing 0x80038d8
[State 0] Inst Executing 0x80038da
[State 0] Inst Executing 0x80038dc
[State 0] Inst Executing 0x80038de
[State 0] Ex Block pc: 0x8009074 lr:0x80038e1 HardwareSerial::write(unsigned
[State 0] Inst Executing 0x8009074
[State 0]  pc:0x8009074 address:0x20013f58 val:0x0 size:0x4 type:write
[State 0]  pc:0x8009074 address:0x20013f5c val:0x1 size:0x4 type:write
[State 0]  pc:0x8009074 address:0x20013f60 val:0x1 size:0x4 type:write
[State 0]  pc:0x8009074 address:0x20013f64 val:0x80038e1 size:0x4 type:write
[State 0] Inst Executing 0x8009076
[State 0] Inst Executing 0x8009078
[State 0]  pc:0x8009078 address:0x20000740 val:0x1 size:0x1 type:write
[State 0] Inst Executing 0x800907a
[State 0]  pc:0x800907a address:0x2000086c val:0x47 size:0x2 type:read
[State 0] Inst Executing 0x800907e
[State 0] Inst Executing 0x8009080
[State 0] Inst Executing 0x8009082
[State 0] Inst Executing 0x8009086
[State 0] Inst Executing 0x800908a
[State 0] Inst Executing 0x800908c
[State 0] Inst Executing 0x800908e
[State 0] Inst Executing 0x8009090
[State 0]  pc:0x8009090 address:0x2000086e val:0x0 size:0x2 type:read
[State 0] Inst Executing 0x8009094
[State 0] Inst Executing 0x8009096
[State 0] Inst Executing 0x8009098
[State 0] Inst Executing 0x800909a
[State 0] Ex Block pc: 0x800909c lr:0x80038e1
[State 0] Inst Executing 0x800909c
[State 0]  pc:0x800909c address:0x20000868 val:0x20000781 size:0x4 type:read
[State 0] Inst Executing 0x80090a0
[State 0]  pc:0x80090a0 address:0x200007c8 val:0x0 size:0x1 type:write
[State 0] Inst Executing 0x80090a2
[State 0]  pc:0x80090a2 address:0x2000086c val:0x48 size:0x2 type:write
[State 0] Inst Executing 0x80090a6
[State 0] Inst Executing 0x80090aa
[State 0] Inst Executing 0x80090ac
[State 0] Ex Block pc: 0x8008a20 lr:0x80090b1 serial_tx_active
[State 0] Inst Executing 0x8008a20
[State 0]  pc:0x8008a20 address:0x20013f50 val:0x20000781 size:0x4 type:write
[State 0]  pc:0x8008a20 address:0x20013f54 val:0x80090b1 size:0x4 type:write
[State 0] Inst Executing 0x8008a22
[State 0]  pc:0x8008a22 address:0x20000848 val:0x1 size:0x1 type:read
[State 0] Inst Executing 0x8008a26
[State 0]  pc:0x8008a26 address:0x8008a40 val:0x200006d8 size:0x4 type:read
[State 0] Inst Executing 0x8008a28
[State 0]  pc:0x8008a28 address:0x200006dc val:0x20000808 size:0x4 type:read
[State 0] Inst Executing 0x8008a2c
[State 0] Ex Block pc: 0x8007538 lr:0x8008a31 HAL_UART_GetState
[State 0] Inst Executing 0x8007538
[State 0]  pc:0x8007538 address:0x20000841 val:0x32 size:0x1 type:read
[State 0] Inst Executing 0x800753c
[State 0] Ex Block pc: 0x8008a30 lr:0x8008a31
[State 0] Inst Executing 0x8008a30
[State 0] Inst Executing 0x8008a34
[State 0] Inst Executing 0x8008a36
[State 0] Inst Executing 0x8008a38
[State 0] Inst Executing 0x8008a3a
[State 0] Inst Executing 0x8008a3c
[State 0]  pc:0x8008a3c address:0x20013f50 val:0x20000781 size:0x4 type:read
[State 0]  pc:0x8008a3c address:0x20013f54 val:0x80090b1 size:0x4 type:read
[State 0] Ex Block pc: 0x80090b0 lr:0x8008a31
[State 0] Inst Executing 0x80090b0
[State 0] Ex Block pc: 0x80090b2 lr:0x8008a31
[State 0] Inst Executing 0x80090b2
[State 0] Inst Executing 0x80090b4
[State 0]  pc:0x80090b4 address:0x20013f58 val:0x0 size:0x4 type:read
[State 0]  pc:0x80090b4 address:0x20013f5c val:0x1 size:0x4 type:read
[State 0]  pc:0x80090b4 address:0x20013f60 val:0x1 size:0x4 type:read
[State 0]  pc:0x80090b4 address:0x20013f64 val:0x80038e1 size:0x4 type:read
[State 0] Ex Block pc: 0x80038e0 lr:0x8008a31
[State 0] Inst Executing 0x80038e0
[State 0] Ex Block pc: 0x80038ca lr:0x8008a31
[State 0] Inst Executing 0x80038ca
[State 0]  pc:0x80038ca address:0x20013f68 val:0x0 size:0x4 type:read
[State 0]  pc:0x80038ca address:0x20013f6c val:0xb size:0x4 type:read
[State 0]  pc:0x80038ca address:0x20013f70 val:0x20000410 size:0x4 type:read
[State 0]  pc:0x80038ca address:0x20013f74 val:0x10 size:0x4 type:read
[State 0]  pc:0x80038ca address:0x20013f78 val:0x800a9c0 size:0x4 type:read
[State 0]  pc:0x80038ca address:0x20013f7c val:0x71 size:0x4 type:read
[State 0]  pc:0x80038ca address:0x20013f80 val:0x0 size:0x4 type:read
[State 0]  pc:0x80038ca address:0x20013f84 val:0x0 size:0x4 type:read
[State 0]  pc:0x80038ca address:0x20013f88 val:0x0 size:0x4 type:read
[State 0]  pc:0x80038ca address:0x20013f8c val:0x8003a6d size:0x4 type:read
[State 0] Ex Block pc: 0x8003a6c lr:0x8008a31
[State 0] Inst Executing 0x8003a6c
[State 0] Inst Executing 0x8003a6e
[State 0] Ex Block pc: 0x8003a5c lr:0x8008a31
[State 0] Inst Executing 0x8003a5c
[State 0] Inst Executing 0x8003a5e
[State 0] Ex Block pc: 0x8003a60 lr:0x8008a31
[State 0] Inst Executing 0x8003a60
[State 0] Inst Executing 0x8003a62
[State 0] Inst Executing 0x8003a64
[State 0] Inst Executing 0x8003a66
[State 0] Inst Executing 0x8003a68
[State 0] Ex Block pc: 0x8003856 lr:0x8003a6d firmata::FirmataMarshaller::encodeByteStream(unsigned
[State 0] Inst Executing 0x8003856
[State 0]  pc:0x8003856 address:0x20013f68 val:0x0 size:0x4 type:write
[State 0]  pc:0x8003856 address:0x20013f6c val:0xc size:0x4 type:write
[State 0]  pc:0x8003856 address:0x20013f70 val:0x20000410 size:0x4 type:write
[State 0]  pc:0x8003856 address:0x20013f74 val:0x10 size:0x4 type:write
[State 0]  pc:0x8003856 address:0x20013f78 val:0x800a9c0 size:0x4 type:write
[State 0]  pc:0x8003856 address:0x20013f7c val:0x71 size:0x4 type:write
[State 0]  pc:0x8003856 address:0x20013f80 val:0x0 size:0x4 type:write
[State 0]  pc:0x8003856 address:0x20013f84 val:0x0 size:0x4 type:write
[State 0]  pc:0x8003856 address:0x20013f88 val:0x0 size:0x4 type:write
[State 0]  pc:0x8003856 address:0x20013f8c val:0x8003a6d size:0x4 type:write
[State 0] Inst Executing 0x800385a
[State 0] Inst Executing 0x800385c
[State 0] Inst Executing 0x800385e
[State 0] Inst Executing 0x8003860
[State 0]  pc:0x8003860 address:0x800a9cc val:0x6d size:0x1 type:read
[State 0] Inst Executing 0x8003862
[State 0] Inst Executing 0x8003864
[State 0] Ex Block pc: 0x8003866 lr:0x8003a6d
[State 0] Inst Executing 0x8003866
[State 0] Inst Executing 0x800386a
[State 0] Inst Executing 0x800386e
[State 0] Inst Executing 0x8003870
[State 0] Inst Executing 0x8003872
[State 0] Ex Block pc: 0x8003878 lr:0x8003a6d
[State 0] Inst Executing 0x8003878
[State 0] Inst Executing 0x800387a
[State 0] Ex Block pc: 0x800387c lr:0x8003a6d
[State 0] Inst Executing 0x800387c
[State 0] Inst Executing 0x800387e
[State 0] Ex Block pc: 0x8003880 lr:0x8003a6d
[State 0] Inst Executing 0x8003880
[State 0]  pc:0x8003880 address:0x800a9cc val:0x6d size:0x1 type:read
[State 0] Inst Executing 0x8003884
[State 0] Inst Executing 0x8003886
[State 0] Inst Executing 0x8003888
[State 0]  pc:0x8003888 address:0x20000410 val:0x20000730 size:0x4 type:read
[State 0] Inst Executing 0x800388c
[State 0]  pc:0x800388c address:0x20000730 val:0x800afd0 size:0x4 type:read
[State 0] Inst Executing 0x800388e
[State 0]  pc:0x800388e address:0x800afd0 val:0x8009075 size:0x4 type:read
[State 0] Inst Executing 0x8003890
[State 0] Inst Executing 0x8003894
[State 0] Ex Block pc: 0x8009074 lr:0x8003897 HardwareSerial::write(unsigned
[State 0] Inst Executing 0x8009074
[State 0]  pc:0x8009074 address:0x20013f58 val:0x6d size:0x4 type:write
[State 0]  pc:0x8009074 address:0x20013f5c val:0x0 size:0x4 type:write
[State 0]  pc:0x8009074 address:0x20013f60 val:0x0 size:0x4 type:write
[State 0]  pc:0x8009074 address:0x20013f64 val:0x8003897 size:0x4 type:write
[State 0] Inst Executing 0x8009076
[State 0] Inst Executing 0x8009078
[State 0]  pc:0x8009078 address:0x20000740 val:0x1 size:0x1 type:write
[State 0] Inst Executing 0x800907a
[State 0]  pc:0x800907a address:0x2000086c val:0x48 size:0x2 type:read
[State 0] Inst Executing 0x800907e
[State 0] Inst Executing 0x8009080
[State 0] Inst Executing 0x8009082
[State 0] Inst Executing 0x8009086
[State 0] Inst Executing 0x800908a
[State 0] Inst Executing 0x800908c
[State 0] Inst Executing 0x800908e
[State 0] Inst Executing 0x8009090
[State 0]  pc:0x8009090 address:0x2000086e val:0x0 size:0x2 type:read
[State 0] Inst Executing 0x8009094
[State 0] Inst Executing 0x8009096
[State 0] Inst Executing 0x8009098
[State 0] Inst Executing 0x800909a
[State 0] Ex Block pc: 0x800909c lr:0x8003897
[State 0] Inst Executing 0x800909c
[State 0]  pc:0x800909c address:0x20000868 val:0x20000781 size:0x4 type:read
[State 0] Inst Executing 0x80090a0
[State 0]  pc:0x80090a0 address:0x200007c9 val:0x6d size:0x1 type:write
[State 0] Inst Executing 0x80090a2
[State 0]  pc:0x80090a2 address:0x2000086c val:0x49 size:0x2 type:write
[State 0] Inst Executing 0x80090a6
[State 0] Inst Executing 0x80090aa
[State 0] Inst Executing 0x80090ac
[State 0] Ex Block pc: 0x8008a20 lr:0x80090b1 serial_tx_active
[State 0] Inst Executing 0x8008a20
[State 0]  pc:0x8008a20 address:0x20013f50 val:0x20000781 size:0x4 type:write
[State 0]  pc:0x8008a20 address:0x20013f54 val:0x80090b1 size:0x4 type:write
[State 0] Inst Executing 0x8008a22
[State 0]  pc:0x8008a22 address:0x20000848 val:0x1 size:0x1 type:read
[State 0] Inst Executing 0x8008a26
[State 0]  pc:0x8008a26 address:0x8008a40 val:0x200006d8 size:0x4 type:read
[State 0] Inst Executing 0x8008a28
[State 0]  pc:0x8008a28 address:0x200006dc val:0x20000808 size:0x4 type:read
[State 0] Inst Executing 0x8008a2c
[State 0] Ex Block pc: 0x8007538 lr:0x8008a31 HAL_UART_GetState
[State 0] Inst Executing 0x8007538
[State 0]  pc:0x8007538 address:0x20000841 val:0x32 size:0x1 type:read
[State 0] Inst Executing 0x800753c
[State 0] Ex Block pc: 0x8008a30 lr:0x8008a31
[State 0] Inst Executing 0x8008a30
[State 0] Inst Executing 0x8008a34
[State 0] Inst Executing 0x8008a36
[State 0] Inst Executing 0x8008a38
[State 0] Inst Executing 0x8008a3a
[State 0] Inst Executing 0x8008a3c
[State 0]  pc:0x8008a3c address:0x20013f50 val:0x20000781 size:0x4 type:read
[State 0]  pc:0x8008a3c address:0x20013f54 val:0x80090b1 size:0x4 type:read
[State 0] Ex Block pc: 0x80090b0 lr:0x8008a31
[State 0] Inst Executing 0x80090b0
[State 0] Ex Block pc: 0x80090b2 lr:0x8008a31
[State 0] Inst Executing 0x80090b2
[State 0] Inst Executing 0x80090b4
[State 0]  pc:0x80090b4 address:0x20013f58 val:0x6d size:0x4 type:read
[State 0]  pc:0x80090b4 address:0x20013f5c val:0x0 size:0x4 type:read
[State 0]  pc:0x80090b4 address:0x20013f60 val:0x0 size:0x4 type:read
[State 0]  pc:0x80090b4 address:0x20013f64 val:0x8003897 size:0x4 type:read
[State 0] Ex Block pc: 0x8003896 lr:0x8008a31
[State 0] Inst Executing 0x8003896
[State 0] Inst Executing 0x8003898
[State 0]  pc:0x8003898 address:0x800a9cc val:0x6d size:0x1 type:read
[State 0] Inst Executing 0x800389c
[State 0] Inst Executing 0x80038a0
[State 0] Inst Executing 0x80038a2
[State 0] Inst Executing 0x80038a4
[State 0] Inst Executing 0x80038a6
[State 0] Inst Executing 0x80038a8
[State 0] Ex Block pc: 0x8003874 lr:0x8008a31
[State 0] Inst Executing 0x8003874
[State 0] Inst Executing 0x8003878
[State 0] Inst Executing 0x800387a
[State 0] Ex Block pc: 0x80038c4 lr:0x8008a31
[State 0] Inst Executing 0x80038c4
[State 0] Ex Block pc: 0x80038c6 lr:0x8008a31
[State 0] Inst Executing 0x80038c6
[State 0] Inst Executing 0x80038c8
[State 0] Ex Block pc: 0x80038ce lr:0x8008a31
[State 0] Inst Executing 0x80038ce
[State 0]  pc:0x80038ce address:0x20000410 val:0x20000730 size:0x4 type:read
[State 0] Inst Executing 0x80038d2
[State 0]  pc:0x80038d2 address:0x20000730 val:0x800afd0 size:0x4 type:read
[State 0] Inst Executing 0x80038d4
[State 0]  pc:0x80038d4 address:0x800afd0 val:0x8009075 size:0x4 type:read
[State 0] Inst Executing 0x80038d6
[State 0] Inst Executing 0x80038d8
[State 0] Inst Executing 0x80038da
[State 0] Inst Executing 0x80038dc
[State 0] Inst Executing 0x80038de
[State 0] Ex Block pc: 0x8009074 lr:0x80038e1 HardwareSerial::write(unsigned
[State 0] Inst Executing 0x8009074
[State 0]  pc:0x8009074 address:0x20013f58 val:0x0 size:0x4 type:write
[State 0]  pc:0x8009074 address:0x20013f5c val:0x1 size:0x4 type:write
[State 0]  pc:0x8009074 address:0x20013f60 val:0x1 size:0x4 type:write
[State 0]  pc:0x8009074 address:0x20013f64 val:0x80038e1 size:0x4 type:write
[State 0] Inst Executing 0x8009076
[State 0] Inst Executing 0x8009078
[State 0]  pc:0x8009078 address:0x20000740 val:0x1 size:0x1 type:write
[State 0] Inst Executing 0x800907a
[State 0]  pc:0x800907a address:0x2000086c val:0x49 size:0x2 type:read
[State 0] Inst Executing 0x800907e
[State 0] Inst Executing 0x8009080
[State 0] Inst Executing 0x8009082
[State 0] Inst Executing 0x8009086
[State 0] Inst Executing 0x800908a
[State 0] Inst Executing 0x800908c
[State 0] Inst Executing 0x800908e
[State 0] Inst Executing 0x8009090
[State 0]  pc:0x8009090 address:0x2000086e val:0x0 size:0x2 type:read
[State 0] Inst Executing 0x8009094
[State 0] Inst Executing 0x8009096
[State 0] Inst Executing 0x8009098
[State 0] Inst Executing 0x800909a
[State 0] Ex Block pc: 0x800909c lr:0x80038e1
[State 0] Inst Executing 0x800909c
[State 0]  pc:0x800909c address:0x20000868 val:0x20000781 size:0x4 type:read
[State 0] Inst Executing 0x80090a0
[State 0]  pc:0x80090a0 address:0x200007ca val:0x0 size:0x1 type:write
[State 0] Inst Executing 0x80090a2
[State 0]  pc:0x80090a2 address:0x2000086c val:0x4a size:0x2 type:write
[State 0] Inst Executing 0x80090a6
[State 0] Inst Executing 0x80090aa
[State 0] Inst Executing 0x80090ac
[State 0] Ex Block pc: 0x8008a20 lr:0x80090b1 serial_tx_active
[State 0] Inst Executing 0x8008a20
[State 0]  pc:0x8008a20 address:0x20013f50 val:0x20000781 size:0x4 type:write
[State 0]  pc:0x8008a20 address:0x20013f54 val:0x80090b1 size:0x4 type:write
[State 0] Inst Executing 0x8008a22
[State 0]  pc:0x8008a22 address:0x20000848 val:0x1 size:0x1 type:read
[State 0] Inst Executing 0x8008a26
[State 0]  pc:0x8008a26 address:0x8008a40 val:0x200006d8 size:0x4 type:read
[State 0] Inst Executing 0x8008a28
[State 0]  pc:0x8008a28 address:0x200006dc val:0x20000808 size:0x4 type:read
[State 0] Inst Executing 0x8008a2c
[State 0] Ex Block pc: 0x8007538 lr:0x8008a31 HAL_UART_GetState
[State 0] Inst Executing 0x8007538
[State 0]  pc:0x8007538 address:0x20000841 val:0x32 size:0x1 type:read
[State 0] Inst Executing 0x800753c
[State 0] Ex Block pc: 0x8008a30 lr:0x8008a31
[State 0] Inst Executing 0x8008a30
[State 0] Inst Executing 0x8008a34
[State 0] Inst Executing 0x8008a36
[State 0] Inst Executing 0x8008a38
[State 0] Inst Executing 0x8008a3a
[State 0] Inst Executing 0x8008a3c
[State 0]  pc:0x8008a3c address:0x20013f50 val:0x20000781 size:0x4 type:read
[State 0]  pc:0x8008a3c address:0x20013f54 val:0x80090b1 size:0x4 type:read
[State 0] Ex Block pc: 0x80090b0 lr:0x8008a31
[State 0] Inst Executing 0x80090b0
[State 0] Ex Block pc: 0x80090b2 lr:0x8008a31
[State 0] Inst Executing 0x80090b2
[State 0] Inst Executing 0x80090b4
[State 0]  pc:0x80090b4 address:0x20013f58 val:0x0 size:0x4 type:read
[State 0]  pc:0x80090b4 address:0x20013f5c val:0x1 size:0x4 type:read
[State 0]  pc:0x80090b4 address:0x20013f60 val:0x1 size:0x4 type:read
[State 0]  pc:0x80090b4 address:0x20013f64 val:0x80038e1 size:0x4 type:read
[State 0] Ex Block pc: 0x80038e0 lr:0x8008a31
[State 0] Inst Executing 0x80038e0
[State 0] Ex Block pc: 0x80038ca lr:0x8008a31
[State 0] Inst Executing 0x80038ca
[State 0]  pc:0x80038ca address:0x20013f68 val:0x0 size:0x4 type:read
[State 0]  pc:0x80038ca address:0x20013f6c val:0xc size:0x4 type:read
[State 0]  pc:0x80038ca address:0x20013f70 val:0x20000410 size:0x4 type:read
[State 0]  pc:0x80038ca address:0x20013f74 val:0x10 size:0x4 type:read
[State 0]  pc:0x80038ca address:0x20013f78 val:0x800a9c0 size:0x4 type:read
[State 0]  pc:0x80038ca address:0x20013f7c val:0x71 size:0x4 type:read
[State 0]  pc:0x80038ca address:0x20013f80 val:0x0 size:0x4 type:read
[State 0]  pc:0x80038ca address:0x20013f84 val:0x0 size:0x4 type:read
[State 0]  pc:0x80038ca address:0x20013f88 val:0x0 size:0x4 type:read
[State 0]  pc:0x80038ca address:0x20013f8c val:0x8003a6d size:0x4 type:read
[State 0] Ex Block pc: 0x8003a6c lr:0x8008a31
[State 0] Inst Executing 0x8003a6c
[State 0] Inst Executing 0x8003a6e
[State 0] Ex Block pc: 0x8003a5c lr:0x8008a31
[State 0] Inst Executing 0x8003a5c
[State 0] Inst Executing 0x8003a5e
[State 0] Ex Block pc: 0x8003a60 lr:0x8008a31
[State 0] Inst Executing 0x8003a60
[State 0] Inst Executing 0x8003a62
[State 0] Inst Executing 0x8003a64
[State 0] Inst Executing 0x8003a66
[State 0] Inst Executing 0x8003a68
[State 0] Ex Block pc: 0x8003856 lr:0x8003a6d firmata::FirmataMarshaller::encodeByteStream(unsigned
[State 0] Inst Executing 0x8003856
[State 0]  pc:0x8003856 address:0x20013f68 val:0x0 size:0x4 type:write
[State 0]  pc:0x8003856 address:0x20013f6c val:0xd size:0x4 type:write
[State 0]  pc:0x8003856 address:0x20013f70 val:0x20000410 size:0x4 type:write
[State 0]  pc:0x8003856 address:0x20013f74 val:0x10 size:0x4 type:write
[State 0]  pc:0x8003856 address:0x20013f78 val:0x800a9c0 size:0x4 type:write
[State 0]  pc:0x8003856 address:0x20013f7c val:0x71 size:0x4 type:write
[State 0]  pc:0x8003856 address:0x20013f80 val:0x0 size:0x4 type:write
[State 0]  pc:0x8003856 address:0x20013f84 val:0x0 size:0x4 type:write
[State 0]  pc:0x8003856 address:0x20013f88 val:0x0 size:0x4 type:write
[State 0]  pc:0x8003856 address:0x20013f8c val:0x8003a6d size:0x4 type:write
[State 0] Inst Executing 0x800385a
[State 0] Inst Executing 0x800385c
[State 0] Inst Executing 0x800385e
[State 0] Inst Executing 0x8003860
[State 0]  pc:0x8003860 address:0x800a9cd val:0x6f size:0x1 type:read
[State 0] Inst Executing 0x8003862
[State 0] Inst Executing 0x8003864
[State 0] Ex Block pc: 0x8003866 lr:0x8003a6d
[State 0] Inst Executing 0x8003866
[State 0] Inst Executing 0x800386a
[State 0] Inst Executing 0x800386e
[State 0] Inst Executing 0x8003870
[State 0] Inst Executing 0x8003872
[State 0] Ex Block pc: 0x8003878 lr:0x8003a6d
[State 0] Inst Executing 0x8003878
[State 0] Inst Executing 0x800387a
[State 0] Ex Block pc: 0x800387c lr:0x8003a6d
[State 0] Inst Executing 0x800387c
[State 0] Inst Executing 0x800387e
[State 0] Ex Block pc: 0x8003880 lr:0x8003a6d
[State 0] Inst Executing 0x8003880
[State 0]  pc:0x8003880 address:0x800a9cd val:0x6f size:0x1 type:read
[State 0] Inst Executing 0x8003884
[State 0] Inst Executing 0x8003886
[State 0] Inst Executing 0x8003888
[State 0]  pc:0x8003888 address:0x20000410 val:0x20000730 size:0x4 type:read
[State 0] Inst Executing 0x800388c
[State 0]  pc:0x800388c address:0x20000730 val:0x800afd0 size:0x4 type:read
[State 0] Inst Executing 0x800388e
[State 0]  pc:0x800388e address:0x800afd0 val:0x8009075 size:0x4 type:read
[State 0] Inst Executing 0x8003890
[State 0] Inst Executing 0x8003894
[State 0] Ex Block pc: 0x8009074 lr:0x8003897 HardwareSerial::write(unsigned
[State 0] Inst Executing 0x8009074
[State 0]  pc:0x8009074 address:0x20013f58 val:0x6f size:0x4 type:write
[State 0]  pc:0x8009074 address:0x20013f5c val:0x0 size:0x4 type:write
[State 0]  pc:0x8009074 address:0x20013f60 val:0x0 size:0x4 type:write
[State 0]  pc:0x8009074 address:0x20013f64 val:0x8003897 size:0x4 type:write
[State 0] Inst Executing 0x8009076
[State 0] Inst Executing 0x8009078
[State 0]  pc:0x8009078 address:0x20000740 val:0x1 size:0x1 type:write
[State 0] Inst Executing 0x800907a
[State 0]  pc:0x800907a address:0x2000086c val:0x4a size:0x2 type:read
[State 0] Inst Executing 0x800907e
[State 0] Inst Executing 0x8009080
[State 0] Inst Executing 0x8009082
[State 0] Inst Executing 0x8009086
[State 0] Inst Executing 0x800908a
[State 0] Inst Executing 0x800908c
[State 0] Inst Executing 0x800908e
[State 0] Inst Executing 0x8009090
[State 0]  pc:0x8009090 address:0x2000086e val:0x0 size:0x2 type:read
[State 0] Inst Executing 0x8009094
[State 0] Inst Executing 0x8009096
[State 0] Inst Executing 0x8009098
[State 0] Inst Executing 0x800909a
[State 0] Ex Block pc: 0x800909c lr:0x8003897
[State 0] Inst Executing 0x800909c
[State 0]  pc:0x800909c address:0x20000868 val:0x20000781 size:0x4 type:read
[State 0] Inst Executing 0x80090a0
[State 0]  pc:0x80090a0 address:0x200007cb val:0x6f size:0x1 type:write
[State 0] Inst Executing 0x80090a2
[State 0]  pc:0x80090a2 address:0x2000086c val:0x4b size:0x2 type:write
[State 0] Inst Executing 0x80090a6
[State 0] Inst Executing 0x80090aa
[State 0] Inst Executing 0x80090ac
[State 0] Ex Block pc: 0x8008a20 lr:0x80090b1 serial_tx_active
[State 0] Inst Executing 0x8008a20
[State 0]  pc:0x8008a20 address:0x20013f50 val:0x20000781 size:0x4 type:write
[State 0]  pc:0x8008a20 address:0x20013f54 val:0x80090b1 size:0x4 type:write
[State 0] Inst Executing 0x8008a22
[State 0]  pc:0x8008a22 address:0x20000848 val:0x1 size:0x1 type:read
[State 0] Inst Executing 0x8008a26
[State 0]  pc:0x8008a26 address:0x8008a40 val:0x200006d8 size:0x4 type:read
[State 0] Inst Executing 0x8008a28
[State 0]  pc:0x8008a28 address:0x200006dc val:0x20000808 size:0x4 type:read
[State 0] Inst Executing 0x8008a2c
[State 0] Ex Block pc: 0x8007538 lr:0x8008a31 HAL_UART_GetState
[State 0] Inst Executing 0x8007538
[State 0]  pc:0x8007538 address:0x20000841 val:0x32 size:0x1 type:read
[State 0] Inst Executing 0x800753c
[State 0] Ex Block pc: 0x8008a30 lr:0x8008a31
[State 0] Inst Executing 0x8008a30
[State 0] Inst Executing 0x8008a34
[State 0] Inst Executing 0x8008a36
[State 0] Inst Executing 0x8008a38
[State 0] Inst Executing 0x8008a3a
[State 0] Inst Executing 0x8008a3c
[State 0]  pc:0x8008a3c address:0x20013f50 val:0x20000781 size:0x4 type:read
[State 0]  pc:0x8008a3c address:0x20013f54 val:0x80090b1 size:0x4 type:read
[State 0] Ex Block pc: 0x80090b0 lr:0x8008a31
[State 0] Inst Executing 0x80090b0
[State 0] Ex Block pc: 0x80090b2 lr:0x8008a31
[State 0] Inst Executing 0x80090b2
[State 0] Inst Executing 0x80090b4
[State 0]  pc:0x80090b4 address:0x20013f58 val:0x6f size:0x4 type:read
[State 0]  pc:0x80090b4 address:0x20013f5c val:0x0 size:0x4 type:read
[State 0]  pc:0x80090b4 address:0x20013f60 val:0x0 size:0x4 type:read
[State 0]  pc:0x80090b4 address:0x20013f64 val:0x8003897 size:0x4 type:read
[State 0] Ex Block pc: 0x8003896 lr:0x8008a31
[State 0] Inst Executing 0x8003896
[State 0] Inst Executing 0x8003898
[State 0]  pc:0x8003898 address:0x800a9cd val:0x6f size:0x1 type:read
[State 0] Inst Executing 0x800389c
[State 0] Inst Executing 0x80038a0
[State 0] Inst Executing 0x80038a2
[State 0] Inst Executing 0x80038a4
[State 0] Inst Executing 0x80038a6
[State 0] Inst Executing 0x80038a8
[State 0] Ex Block pc: 0x8003874 lr:0x8008a31
[State 0] Inst Executing 0x8003874
[State 0] Inst Executing 0x8003878
[State 0] Inst Executing 0x800387a
[State 0] Ex Block pc: 0x80038c4 lr:0x8008a31
[State 0] Inst Executing 0x80038c4
[State 0] Ex Block pc: 0x80038c6 lr:0x8008a31
[State 0] Inst Executing 0x80038c6
[State 0] Inst Executing 0x80038c8
[State 0] Ex Block pc: 0x80038ce lr:0x8008a31
[State 0] Inst Executing 0x80038ce
[State 0]  pc:0x80038ce address:0x20000410 val:0x20000730 size:0x4 type:read
[State 0] Inst Executing 0x80038d2
[State 0]  pc:0x80038d2 address:0x20000730 val:0x800afd0 size:0x4 type:read
[State 0] Inst Executing 0x80038d4
[State 0]  pc:0x80038d4 address:0x800afd0 val:0x8009075 size:0x4 type:read
[State 0] Inst Executing 0x80038d6
[State 0] Inst Executing 0x80038d8
[State 0] Inst Executing 0x80038da
[State 0] Inst Executing 0x80038dc
[State 0] Inst Executing 0x80038de
[State 0] Ex Block pc: 0x8009074 lr:0x80038e1 HardwareSerial::write(unsigned
[State 0] Inst Executing 0x8009074
[State 0]  pc:0x8009074 address:0x20013f58 val:0x0 size:0x4 type:write
[State 0]  pc:0x8009074 address:0x20013f5c val:0x1 size:0x4 type:write
[State 0]  pc:0x8009074 address:0x20013f60 val:0x1 size:0x4 type:write
[State 0]  pc:0x8009074 address:0x20013f64 val:0x80038e1 size:0x4 type:write
[State 0] Inst Executing 0x8009076
[State 0] Inst Executing 0x8009078
[State 0]  pc:0x8009078 address:0x20000740 val:0x1 size:0x1 type:write
[State 0] Inst Executing 0x800907a
[State 0]  pc:0x800907a address:0x2000086c val:0x4b size:0x2 type:read
[State 0] Inst Executing 0x800907e
[State 0] Inst Executing 0x8009080
[State 0] Inst Executing 0x8009082
[State 0] Inst Executing 0x8009086
[State 0] Inst Executing 0x800908a
[State 0] Inst Executing 0x800908c
[State 0] Inst Executing 0x800908e
[State 0] Inst Executing 0x8009090
[State 0]  pc:0x8009090 address:0x2000086e val:0x0 size:0x2 type:read
[State 0] Inst Executing 0x8009094
[State 0] Inst Executing 0x8009096
[State 0] Inst Executing 0x8009098
[State 0] Inst Executing 0x800909a
[State 0] Ex Block pc: 0x800909c lr:0x80038e1
[State 0] Inst Executing 0x800909c
[State 0]  pc:0x800909c address:0x20000868 val:0x20000781 size:0x4 type:read
[State 0] Inst Executing 0x80090a0
[State 0]  pc:0x80090a0 address:0x200007cc val:0x0 size:0x1 type:write
[State 0] Inst Executing 0x80090a2
[State 0]  pc:0x80090a2 address:0x2000086c val:0x4c size:0x2 type:write
[State 0] Inst Executing 0x80090a6
[State 0] Inst Executing 0x80090aa
[State 0] Inst Executing 0x80090ac
[State 0] Ex Block pc: 0x8008a20 lr:0x80090b1 serial_tx_active
[State 0] Inst Executing 0x8008a20
[State 0]  pc:0x8008a20 address:0x20013f50 val:0x20000781 size:0x4 type:write
[State 0]  pc:0x8008a20 address:0x20013f54 val:0x80090b1 size:0x4 type:write
[State 0] Inst Executing 0x8008a22
[State 0]  pc:0x8008a22 address:0x20000848 val:0x1 size:0x1 type:read
[State 0] Inst Executing 0x8008a26
[State 0]  pc:0x8008a26 address:0x8008a40 val:0x200006d8 size:0x4 type:read
[State 0] Inst Executing 0x8008a28
[State 0]  pc:0x8008a28 address:0x200006dc val:0x20000808 size:0x4 type:read
[State 0] Inst Executing 0x8008a2c
[State 0] Ex Block pc: 0x8007538 lr:0x8008a31 HAL_UART_GetState
[State 0] Inst Executing 0x8007538
[State 0]  pc:0x8007538 address:0x20000841 val:0x32 size:0x1 type:read
[State 0] Inst Executing 0x800753c
[State 0] Ex Block pc: 0x8008a30 lr:0x8008a31
[State 0] Inst Executing 0x8008a30
[State 0] Inst Executing 0x8008a34
[State 0] Inst Executing 0x8008a36
[State 0] Inst Executing 0x8008a38
[State 0] Inst Executing 0x8008a3a
[State 0] Inst Executing 0x8008a3c
[State 0]  pc:0x8008a3c address:0x20013f50 val:0x20000781 size:0x4 type:read
[State 0]  pc:0x8008a3c address:0x20013f54 val:0x80090b1 size:0x4 type:read
[State 0] Ex Block pc: 0x80090b0 lr:0x8008a31
[State 0] Inst Executing 0x80090b0
[State 0] Ex Block pc: 0x80090b2 lr:0x8008a31
[State 0] Inst Executing 0x80090b2
[State 0] Inst Executing 0x80090b4
[State 0]  pc:0x80090b4 address:0x20013f58 val:0x0 size:0x4 type:read
[State 0]  pc:0x80090b4 address:0x20013f5c val:0x1 size:0x4 type:read
[State 0]  pc:0x80090b4 address:0x20013f60 val:0x1 size:0x4 type:read
[State 0]  pc:0x80090b4 address:0x20013f64 val:0x80038e1 size:0x4 type:read
[State 0] Ex Block pc: 0x80038e0 lr:0x8008a31
[State 0] Inst Executing 0x80038e0
[State 0] Ex Block pc: 0x80038ca lr:0x8008a31
[State 0] Inst Executing 0x80038ca
[State 0]  pc:0x80038ca address:0x20013f68 val:0x0 size:0x4 type:read
[State 0]  pc:0x80038ca address:0x20013f6c val:0xd size:0x4 type:read
[State 0]  pc:0x80038ca address:0x20013f70 val:0x20000410 size:0x4 type:read
[State 0]  pc:0x80038ca address:0x20013f74 val:0x10 size:0x4 type:read
[State 0]  pc:0x80038ca address:0x20013f78 val:0x800a9c0 size:0x4 type:read
[State 0]  pc:0x80038ca address:0x20013f7c val:0x71 size:0x4 type:read
[State 0]  pc:0x80038ca address:0x20013f80 val:0x0 size:0x4 type:read
[State 0]  pc:0x80038ca address:0x20013f84 val:0x0 size:0x4 type:read
[State 0]  pc:0x80038ca address:0x20013f88 val:0x0 size:0x4 type:read
[State 0]  pc:0x80038ca address:0x20013f8c val:0x8003a6d size:0x4 type:read
[State 0] Ex Block pc: 0x8003a6c lr:0x8008a31
[State 0] Inst Executing 0x8003a6c
[State 0] Inst Executing 0x8003a6e
[State 0] Ex Block pc: 0x8003a5c lr:0x8008a31
[State 0] Inst Executing 0x8003a5c
[State 0] Inst Executing 0x8003a5e
[State 0] Ex Block pc: 0x8003a60 lr:0x8008a31
[State 0] Inst Executing 0x8003a60
[State 0] Inst Executing 0x8003a62
[State 0] Inst Executing 0x8003a64
[State 0] Inst Executing 0x8003a66
[State 0] Inst Executing 0x8003a68
[State 0] Ex Block pc: 0x8003856 lr:0x8003a6d firmata::FirmataMarshaller::encodeByteStream(unsigned
[State 0] Inst Executing 0x8003856
[State 0]  pc:0x8003856 address:0x20013f68 val:0x0 size:0x4 type:write
[State 0]  pc:0x8003856 address:0x20013f6c val:0xe size:0x4 type:write
[State 0]  pc:0x8003856 address:0x20013f70 val:0x20000410 size:0x4 type:write
[State 0]  pc:0x8003856 address:0x20013f74 val:0x10 size:0x4 type:write
[State 0]  pc:0x8003856 address:0x20013f78 val:0x800a9c0 size:0x4 type:write
[State 0]  pc:0x8003856 address:0x20013f7c val:0x71 size:0x4 type:write
[State 0]  pc:0x8003856 address:0x20013f80 val:0x0 size:0x4 type:write
[State 0]  pc:0x8003856 address:0x20013f84 val:0x0 size:0x4 type:write
[State 0]  pc:0x8003856 address:0x20013f88 val:0x0 size:0x4 type:write
[State 0]  pc:0x8003856 address:0x20013f8c val:0x8003a6d size:0x4 type:write
[State 0] Inst Executing 0x800385a
[State 0] Inst Executing 0x800385c
[State 0] Inst Executing 0x800385e
[State 0] Inst Executing 0x8003860
[State 0]  pc:0x8003860 address:0x800a9ce val:0x64 size:0x1 type:read
[State 0] Inst Executing 0x8003862
[State 0] Inst Executing 0x8003864
[State 0] Ex Block pc: 0x8003866 lr:0x8003a6d
[State 0] Inst Executing 0x8003866
[State 0] Inst Executing 0x800386a
[State 0] Inst Executing 0x800386e
[State 0] Inst Executing 0x8003870
[State 0] Inst Executing 0x8003872
[State 0] Ex Block pc: 0x8003878 lr:0x8003a6d
[State 0] Inst Executing 0x8003878
[State 0] Inst Executing 0x800387a
[State 0] Ex Block pc: 0x800387c lr:0x8003a6d
[State 0] Inst Executing 0x800387c
[State 0] Inst Executing 0x800387e
[State 0] Ex Block pc: 0x8003880 lr:0x8003a6d
[State 0] Inst Executing 0x8003880
[State 0]  pc:0x8003880 address:0x800a9ce val:0x64 size:0x1 type:read
[State 0] Inst Executing 0x8003884
[State 0] Inst Executing 0x8003886
[State 0] Inst Executing 0x8003888
[State 0]  pc:0x8003888 address:0x20000410 val:0x20000730 size:0x4 type:read
[State 0] Inst Executing 0x800388c
[State 0]  pc:0x800388c address:0x20000730 val:0x800afd0 size:0x4 type:read
[State 0] Inst Executing 0x800388e
[State 0]  pc:0x800388e address:0x800afd0 val:0x8009075 size:0x4 type:read
[State 0] Inst Executing 0x8003890
[State 0] Inst Executing 0x8003894
[State 0] Ex Block pc: 0x8009074 lr:0x8003897 HardwareSerial::write(unsigned
[State 0] Inst Executing 0x8009074
[State 0]  pc:0x8009074 address:0x20013f58 val:0x64 size:0x4 type:write
[State 0]  pc:0x8009074 address:0x20013f5c val:0x0 size:0x4 type:write
[State 0]  pc:0x8009074 address:0x20013f60 val:0x0 size:0x4 type:write
[State 0]  pc:0x8009074 address:0x20013f64 val:0x8003897 size:0x4 type:write
[State 0] Inst Executing 0x8009076
[State 0] Inst Executing 0x8009078
[State 0]  pc:0x8009078 address:0x20000740 val:0x1 size:0x1 type:write
[State 0] Inst Executing 0x800907a
[State 0]  pc:0x800907a address:0x2000086c val:0x4c size:0x2 type:read
[State 0] Inst Executing 0x800907e
[State 0] Inst Executing 0x8009080
[State 0] Inst Executing 0x8009082
[State 0] Inst Executing 0x8009086
[State 0] Inst Executing 0x800908a
[State 0] Inst Executing 0x800908c
[State 0] Inst Executing 0x800908e
[State 0] Inst Executing 0x8009090
[State 0]  pc:0x8009090 address:0x2000086e val:0x0 size:0x2 type:read
[State 0] Inst Executing 0x8009094
[State 0] Inst Executing 0x8009096
[State 0] Inst Executing 0x8009098
[State 0] Inst Executing 0x800909a
[State 0] Ex Block pc: 0x800909c lr:0x8003897
[State 0] Inst Executing 0x800909c
[State 0]  pc:0x800909c address:0x20000868 val:0x20000781 size:0x4 type:read
[State 0] Inst Executing 0x80090a0
[State 0]  pc:0x80090a0 address:0x200007cd val:0x64 size:0x1 type:write
[State 0] Inst Executing 0x80090a2
[State 0]  pc:0x80090a2 address:0x2000086c val:0x4d size:0x2 type:write
[State 0] Inst Executing 0x80090a6
[State 0] Inst Executing 0x80090aa
[State 0] Inst Executing 0x80090ac
[State 0] Ex Block pc: 0x8008a20 lr:0x80090b1 serial_tx_active
[State 0] Inst Executing 0x8008a20
[State 0]  pc:0x8008a20 address:0x20013f50 val:0x20000781 size:0x4 type:write
[State 0]  pc:0x8008a20 address:0x20013f54 val:0x80090b1 size:0x4 type:write
[State 0] Inst Executing 0x8008a22
[State 0]  pc:0x8008a22 address:0x20000848 val:0x1 size:0x1 type:read
[State 0] Inst Executing 0x8008a26
[State 0]  pc:0x8008a26 address:0x8008a40 val:0x200006d8 size:0x4 type:read
[State 0] Inst Executing 0x8008a28
[State 0]  pc:0x8008a28 address:0x200006dc val:0x20000808 size:0x4 type:read
[State 0] Inst Executing 0x8008a2c
[State 0] Ex Block pc: 0x8007538 lr:0x8008a31 HAL_UART_GetState
[State 0] Inst Executing 0x8007538
[State 0]  pc:0x8007538 address:0x20000841 val:0x32 size:0x1 type:read
[State 0] Inst Executing 0x800753c
[State 0] Ex Block pc: 0x8008a30 lr:0x8008a31
[State 0] Inst Executing 0x8008a30
[State 0] Inst Executing 0x8008a34
[State 0] Inst Executing 0x8008a36
[State 0] Inst Executing 0x8008a38
[State 0] Inst Executing 0x8008a3a
[State 0] Inst Executing 0x8008a3c
[State 0]  pc:0x8008a3c address:0x20013f50 val:0x20000781 size:0x4 type:read
[State 0]  pc:0x8008a3c address:0x20013f54 val:0x80090b1 size:0x4 type:read
[State 0] Ex Block pc: 0x80090b0 lr:0x8008a31
[State 0] Inst Executing 0x80090b0
[State 0] Ex Block pc: 0x80090b2 lr:0x8008a31
[State 0] Inst Executing 0x80090b2
[State 0] Inst Executing 0x80090b4
[State 0]  pc:0x80090b4 address:0x20013f58 val:0x64 size:0x4 type:read
[State 0]  pc:0x80090b4 address:0x20013f5c val:0x0 size:0x4 type:read
[State 0]  pc:0x80090b4 address:0x20013f60 val:0x0 size:0x4 type:read
[State 0]  pc:0x80090b4 address:0x20013f64 val:0x8003897 size:0x4 type:read
[State 0] Ex Block pc: 0x8003896 lr:0x8008a31
[State 0] Inst Executing 0x8003896
[State 0] Inst Executing 0x8003898
[State 0]  pc:0x8003898 address:0x800a9ce val:0x64 size:0x1 type:read
[State 0] Inst Executing 0x800389c
[State 0] Inst Executing 0x80038a0
[State 0] Inst Executing 0x80038a2
[State 0] Inst Executing 0x80038a4
[State 0] Inst Executing 0x80038a6
[State 0] Inst Executing 0x80038a8
[State 0] Ex Block pc: 0x8003874 lr:0x8008a31
[State 0] Inst Executing 0x8003874
[State 0] Inst Executing 0x8003878
[State 0] Inst Executing 0x800387a
[State 0] Ex Block pc: 0x80038c4 lr:0x8008a31
[State 0] Inst Executing 0x80038c4
[State 0] Ex Block pc: 0x80038c6 lr:0x8008a31
[State 0] Inst Executing 0x80038c6
[State 0] Inst Executing 0x80038c8
[State 0] Ex Block pc: 0x80038ce lr:0x8008a31
[State 0] Inst Executing 0x80038ce
[State 0]  pc:0x80038ce address:0x20000410 val:0x20000730 size:0x4 type:read
[State 0] Inst Executing 0x80038d2
[State 0]  pc:0x80038d2 address:0x20000730 val:0x800afd0 size:0x4 type:read
[State 0] Inst Executing 0x80038d4
[State 0]  pc:0x80038d4 address:0x800afd0 val:0x8009075 size:0x4 type:read
[State 0] Inst Executing 0x80038d6
[State 0] Inst Executing 0x80038d8
[State 0] Inst Executing 0x80038da
[State 0] Inst Executing 0x80038dc
[State 0] Inst Executing 0x80038de
[State 0] Ex Block pc: 0x8009074 lr:0x80038e1 HardwareSerial::write(unsigned
[State 0] Inst Executing 0x8009074
[State 0]  pc:0x8009074 address:0x20013f58 val:0x0 size:0x4 type:write
[State 0]  pc:0x8009074 address:0x20013f5c val:0x1 size:0x4 type:write
[State 0]  pc:0x8009074 address:0x20013f60 val:0x1 size:0x4 type:write
[State 0]  pc:0x8009074 address:0x20013f64 val:0x80038e1 size:0x4 type:write
[State 0] Inst Executing 0x8009076
[State 0] Inst Executing 0x8009078
[State 0]  pc:0x8009078 address:0x20000740 val:0x1 size:0x1 type:write
[State 0] Inst Executing 0x800907a
[State 0]  pc:0x800907a address:0x2000086c val:0x4d size:0x2 type:read
[State 0] Inst Executing 0x800907e
[State 0] Inst Executing 0x8009080
[State 0] Inst Executing 0x8009082
[State 0] Inst Executing 0x8009086
[State 0] Inst Executing 0x800908a
[State 0] Inst Executing 0x800908c
[State 0] Inst Executing 0x800908e
[State 0] Inst Executing 0x8009090
[State 0]  pc:0x8009090 address:0x2000086e val:0x0 size:0x2 type:read
[State 0] Inst Executing 0x8009094
[State 0] Inst Executing 0x8009096
[State 0] Inst Executing 0x8009098
[State 0] Inst Executing 0x800909a
[State 0] Ex Block pc: 0x800909c lr:0x80038e1
[State 0] Inst Executing 0x800909c
[State 0]  pc:0x800909c address:0x20000868 val:0x20000781 size:0x4 type:read
[State 0] Inst Executing 0x80090a0
[State 0]  pc:0x80090a0 address:0x200007ce val:0x0 size:0x1 type:write
[State 0] Inst Executing 0x80090a2
[State 0]  pc:0x80090a2 address:0x2000086c val:0x4e size:0x2 type:write
[State 0] Inst Executing 0x80090a6
[State 0] Inst Executing 0x80090aa
[State 0] Inst Executing 0x80090ac
[State 0] Ex Block pc: 0x8008a20 lr:0x80090b1 serial_tx_active
[State 0] Inst Executing 0x8008a20
[State 0]  pc:0x8008a20 address:0x20013f50 val:0x20000781 size:0x4 type:write
[State 0]  pc:0x8008a20 address:0x20013f54 val:0x80090b1 size:0x4 type:write
[State 0] Inst Executing 0x8008a22
[State 0]  pc:0x8008a22 address:0x20000848 val:0x1 size:0x1 type:read
[State 0] Inst Executing 0x8008a26
[State 0]  pc:0x8008a26 address:0x8008a40 val:0x200006d8 size:0x4 type:read
[State 0] Inst Executing 0x8008a28
[State 0]  pc:0x8008a28 address:0x200006dc val:0x20000808 size:0x4 type:read
[State 0] Inst Executing 0x8008a2c
[State 0] Ex Block pc: 0x8007538 lr:0x8008a31 HAL_UART_GetState
[State 0] Inst Executing 0x8007538
[State 0]  pc:0x8007538 address:0x20000841 val:0x32 size:0x1 type:read
[State 0] Inst Executing 0x800753c
[State 0] Ex Block pc: 0x8008a30 lr:0x8008a31
[State 0] Inst Executing 0x8008a30
[State 0] Inst Executing 0x8008a34
[State 0] Inst Executing 0x8008a36
[State 0] Inst Executing 0x8008a38
[State 0] Inst Executing 0x8008a3a
[State 0] Inst Executing 0x8008a3c
[State 0]  pc:0x8008a3c address:0x20013f50 val:0x20000781 size:0x4 type:read
[State 0]  pc:0x8008a3c address:0x20013f54 val:0x80090b1 size:0x4 type:read
[State 0] Ex Block pc: 0x80090b0 lr:0x8008a31
[State 0] Inst Executing 0x80090b0
[State 0] Ex Block pc: 0x80090b2 lr:0x8008a31
[State 0] Inst Executing 0x80090b2
[State 0] Inst Executing 0x80090b4
[State 0]  pc:0x80090b4 address:0x20013f58 val:0x0 size:0x4 type:read
[State 0]  pc:0x80090b4 address:0x20013f5c val:0x1 size:0x4 type:read
[State 0]  pc:0x80090b4 address:0x20013f60 val:0x1 size:0x4 type:read
[State 0]  pc:0x80090b4 address:0x20013f64 val:0x80038e1 size:0x4 type:read
[State 0] Ex Block pc: 0x80038e0 lr:0x8008a31
[State 0] Inst Executing 0x80038e0
[State 0] Ex Block pc: 0x80038ca lr:0x8008a31
[State 0] Inst Executing 0x80038ca
[State 0]  pc:0x80038ca address:0x20013f68 val:0x0 size:0x4 type:read
[State 0]  pc:0x80038ca address:0x20013f6c val:0xe size:0x4 type:read
[State 0]  pc:0x80038ca address:0x20013f70 val:0x20000410 size:0x4 type:read
[State 0]  pc:0x80038ca address:0x20013f74 val:0x10 size:0x4 type:read
[State 0]  pc:0x80038ca address:0x20013f78 val:0x800a9c0 size:0x4 type:read
[State 0]  pc:0x80038ca address:0x20013f7c val:0x71 size:0x4 type:read
[State 0]  pc:0x80038ca address:0x20013f80 val:0x0 size:0x4 type:read
[State 0]  pc:0x80038ca address:0x20013f84 val:0x0 size:0x4 type:read
[State 0]  pc:0x80038ca address:0x20013f88 val:0x0 size:0x4 type:read
[State 0]  pc:0x80038ca address:0x20013f8c val:0x8003a6d size:0x4 type:read
[State 0] Ex Block pc: 0x8003a6c lr:0x8008a31
[State 0] Inst Executing 0x8003a6c
[State 0] Inst Executing 0x8003a6e
[State 0] Ex Block pc: 0x8003a5c lr:0x8008a31
[State 0] Inst Executing 0x8003a5c
[State 0] Inst Executing 0x8003a5e
[State 0] Ex Block pc: 0x8003a60 lr:0x8008a31
[State 0] Inst Executing 0x8003a60
[State 0] Inst Executing 0x8003a62
[State 0] Inst Executing 0x8003a64
[State 0] Inst Executing 0x8003a66
[State 0] Inst Executing 0x8003a68
[State 0] Ex Block pc: 0x8003856 lr:0x8003a6d firmata::FirmataMarshaller::encodeByteStream(unsigned
[State 0] Inst Executing 0x8003856
[State 0]  pc:0x8003856 address:0x20013f68 val:0x0 size:0x4 type:write
[State 0]  pc:0x8003856 address:0x20013f6c val:0xf size:0x4 type:write
[State 0]  pc:0x8003856 address:0x20013f70 val:0x20000410 size:0x4 type:write
[State 0]  pc:0x8003856 address:0x20013f74 val:0x10 size:0x4 type:write
[State 0]  pc:0x8003856 address:0x20013f78 val:0x800a9c0 size:0x4 type:write
[State 0]  pc:0x8003856 address:0x20013f7c val:0x71 size:0x4 type:write
[State 0]  pc:0x8003856 address:0x20013f80 val:0x0 size:0x4 type:write
[State 0]  pc:0x8003856 address:0x20013f84 val:0x0 size:0x4 type:write
[State 0]  pc:0x8003856 address:0x20013f88 val:0x0 size:0x4 type:write
[State 0]  pc:0x8003856 address:0x20013f8c val:0x8003a6d size:0x4 type:write
[State 0] Inst Executing 0x800385a
[State 0] Inst Executing 0x800385c
[State 0] Inst Executing 0x800385e
[State 0] Inst Executing 0x8003860
[State 0]  pc:0x8003860 address:0x800a9cf val:0x65 size:0x1 type:read
[State 0] Inst Executing 0x8003862
[State 0] Inst Executing 0x8003864
[State 0] Ex Block pc: 0x8003866 lr:0x8003a6d
[State 0] Inst Executing 0x8003866
[State 0] Inst Executing 0x800386a
[State 0] Inst Executing 0x800386e
[State 0] Inst Executing 0x8003870
[State 0] Inst Executing 0x8003872
[State 0] Ex Block pc: 0x8003878 lr:0x8003a6d
[State 0] Inst Executing 0x8003878
[State 0] Inst Executing 0x800387a
[State 0] Ex Block pc: 0x800387c lr:0x8003a6d
[State 0] Inst Executing 0x800387c
[State 0] Inst Executing 0x800387e
[State 0] Ex Block pc: 0x8003880 lr:0x8003a6d
[State 0] Inst Executing 0x8003880
[State 0]  pc:0x8003880 address:0x800a9cf val:0x65 size:0x1 type:read
[State 0] Inst Executing 0x8003884
[State 0] Inst Executing 0x8003886
[State 0] Inst Executing 0x8003888
[State 0]  pc:0x8003888 address:0x20000410 val:0x20000730 size:0x4 type:read
[State 0] Inst Executing 0x800388c
[State 0]  pc:0x800388c address:0x20000730 val:0x800afd0 size:0x4 type:read
[State 0] Inst Executing 0x800388e
[State 0]  pc:0x800388e address:0x800afd0 val:0x8009075 size:0x4 type:read
[State 0] Inst Executing 0x8003890
[State 0] Inst Executing 0x8003894
[State 0] Ex Block pc: 0x8009074 lr:0x8003897 HardwareSerial::write(unsigned
[State 0] Inst Executing 0x8009074
[State 0]  pc:0x8009074 address:0x20013f58 val:0x65 size:0x4 type:write
[State 0]  pc:0x8009074 address:0x20013f5c val:0x0 size:0x4 type:write
[State 0]  pc:0x8009074 address:0x20013f60 val:0x0 size:0x4 type:write
[State 0]  pc:0x8009074 address:0x20013f64 val:0x8003897 size:0x4 type:write
[State 0] Inst Executing 0x8009076
[State 0] Inst Executing 0x8009078
[State 0]  pc:0x8009078 address:0x20000740 val:0x1 size:0x1 type:write
[State 0] Inst Executing 0x800907a
[State 0]  pc:0x800907a address:0x2000086c val:0x4e size:0x2 type:read
[State 0] Inst Executing 0x800907e
[State 0] Inst Executing 0x8009080
[State 0] Inst Executing 0x8009082
[State 0] Inst Executing 0x8009086
[State 0] Inst Executing 0x800908a
[State 0] Inst Executing 0x800908c
[State 0] Inst Executing 0x800908e
[State 0] Inst Executing 0x8009090
[State 0]  pc:0x8009090 address:0x2000086e val:0x0 size:0x2 type:read
[State 0] Inst Executing 0x8009094
[State 0] Inst Executing 0x8009096
[State 0] Inst Executing 0x8009098
[State 0] Inst Executing 0x800909a
[State 0] Ex Block pc: 0x800909c lr:0x8003897
[State 0] Inst Executing 0x800909c
[State 0]  pc:0x800909c address:0x20000868 val:0x20000781 size:0x4 type:read
[State 0] Inst Executing 0x80090a0
[State 0]  pc:0x80090a0 address:0x200007cf val:0x65 size:0x1 type:write
[State 0] Inst Executing 0x80090a2
[State 0]  pc:0x80090a2 address:0x2000086c val:0x4f size:0x2 type:write
[State 0] Inst Executing 0x80090a6
[State 0] Inst Executing 0x80090aa
[State 0] Inst Executing 0x80090ac
[State 0] Ex Block pc: 0x8008a20 lr:0x80090b1 serial_tx_active
[State 0] Inst Executing 0x8008a20
[State 0]  pc:0x8008a20 address:0x20013f50 val:0x20000781 size:0x4 type:write
[State 0]  pc:0x8008a20 address:0x20013f54 val:0x80090b1 size:0x4 type:write
[State 0] Inst Executing 0x8008a22
[State 0]  pc:0x8008a22 address:0x20000848 val:0x1 size:0x1 type:read
[State 0] Inst Executing 0x8008a26
[State 0]  pc:0x8008a26 address:0x8008a40 val:0x200006d8 size:0x4 type:read
[State 0] Inst Executing 0x8008a28
[State 0]  pc:0x8008a28 address:0x200006dc val:0x20000808 size:0x4 type:read
[State 0] Inst Executing 0x8008a2c
[State 0] Ex Block pc: 0x8007538 lr:0x8008a31 HAL_UART_GetState
[State 0] Inst Executing 0x8007538
[State 0]  pc:0x8007538 address:0x20000841 val:0x32 size:0x1 type:read
[State 0] Inst Executing 0x800753c
[State 0] Ex Block pc: 0x8008a30 lr:0x8008a31
[State 0] Inst Executing 0x8008a30
[State 0] Inst Executing 0x8008a34
[State 0] Inst Executing 0x8008a36
[State 0] Inst Executing 0x8008a38
[State 0] Inst Executing 0x8008a3a
[State 0] Inst Executing 0x8008a3c
[State 0]  pc:0x8008a3c address:0x20013f50 val:0x20000781 size:0x4 type:read
[State 0]  pc:0x8008a3c address:0x20013f54 val:0x80090b1 size:0x4 type:read
[State 0] Ex Block pc: 0x80090b0 lr:0x8008a31
[State 0] Inst Executing 0x80090b0
[State 0] Ex Block pc: 0x80090b2 lr:0x8008a31
[State 0] Inst Executing 0x80090b2
[State 0] Inst Executing 0x80090b4
[State 0]  pc:0x80090b4 address:0x20013f58 val:0x65 size:0x4 type:read
[State 0]  pc:0x80090b4 address:0x20013f5c val:0x0 size:0x4 type:read
[State 0]  pc:0x80090b4 address:0x20013f60 val:0x0 size:0x4 type:read
[State 0]  pc:0x80090b4 address:0x20013f64 val:0x8003897 size:0x4 type:read
[State 0] Ex Block pc: 0x8003896 lr:0x8008a31
[State 0] Inst Executing 0x8003896
[State 0] Inst Executing 0x8003898
[State 0]  pc:0x8003898 address:0x800a9cf val:0x65 size:0x1 type:read
[State 0] Inst Executing 0x800389c
[State 0] Inst Executing 0x80038a0
[State 0] Inst Executing 0x80038a2
[State 0] Inst Executing 0x80038a4
[State 0] Inst Executing 0x80038a6
[State 0] Inst Executing 0x80038a8
[State 0] Ex Block pc: 0x8003874 lr:0x8008a31
[State 0] Inst Executing 0x8003874
[State 0] Inst Executing 0x8003878
[State 0] Inst Executing 0x800387a
[State 0] Ex Block pc: 0x80038c4 lr:0x8008a31
[State 0] Inst Executing 0x80038c4
[State 0] Ex Block pc: 0x80038c6 lr:0x8008a31
[State 0] Inst Executing 0x80038c6
[State 0] Inst Executing 0x80038c8
[State 0] Ex Block pc: 0x80038ce lr:0x8008a31
[State 0] Inst Executing 0x80038ce
[State 0]  pc:0x80038ce address:0x20000410 val:0x20000730 size:0x4 type:read
[State 0] Inst Executing 0x80038d2
[State 0]  pc:0x80038d2 address:0x20000730 val:0x800afd0 size:0x4 type:read
[State 0] Inst Executing 0x80038d4
[State 0]  pc:0x80038d4 address:0x800afd0 val:0x8009075 size:0x4 type:read
[State 0] Inst Executing 0x80038d6
[State 0] Inst Executing 0x80038d8
[State 0] Inst Executing 0x80038da
[State 0] Inst Executing 0x80038dc
[State 0] Inst Executing 0x80038de
[State 0] Ex Block pc: 0x8009074 lr:0x80038e1 HardwareSerial::write(unsigned
[State 0] Inst Executing 0x8009074
[State 0]  pc:0x8009074 address:0x20013f58 val:0x0 size:0x4 type:write
[State 0]  pc:0x8009074 address:0x20013f5c val:0x1 size:0x4 type:write
[State 0]  pc:0x8009074 address:0x20013f60 val:0x1 size:0x4 type:write
[State 0]  pc:0x8009074 address:0x20013f64 val:0x80038e1 size:0x4 type:write
[State 0] Inst Executing 0x8009076
[State 0] Inst Executing 0x8009078
[State 0]  pc:0x8009078 address:0x20000740 val:0x1 size:0x1 type:write
[State 0] Inst Executing 0x800907a
[State 0]  pc:0x800907a address:0x2000086c val:0x4f size:0x2 type:read
[State 0] Inst Executing 0x800907e
[State 0] Inst Executing 0x8009080
[State 0] Inst Executing 0x8009082
[State 0] Inst Executing 0x8009086
[State 0] Inst Executing 0x800908a
[State 0] Inst Executing 0x800908c
[State 0] Inst Executing 0x800908e
[State 0] Inst Executing 0x8009090
[State 0]  pc:0x8009090 address:0x2000086e val:0x0 size:0x2 type:read
[State 0] Inst Executing 0x8009094
[State 0] Inst Executing 0x8009096
[State 0] Inst Executing 0x8009098
[State 0] Inst Executing 0x800909a
[State 0] Ex Block pc: 0x800909c lr:0x80038e1
[State 0] Inst Executing 0x800909c
[State 0]  pc:0x800909c address:0x20000868 val:0x20000781 size:0x4 type:read
[State 0] Inst Executing 0x80090a0
[State 0]  pc:0x80090a0 address:0x200007d0 val:0x0 size:0x1 type:write
[State 0] Inst Executing 0x80090a2
[State 0]  pc:0x80090a2 address:0x2000086c val:0x50 size:0x2 type:write
[State 0] Inst Executing 0x80090a6
[State 0] Inst Executing 0x80090aa
[State 0] Inst Executing 0x80090ac
[State 0] Ex Block pc: 0x8008a20 lr:0x80090b1 serial_tx_active
[State 0] Inst Executing 0x8008a20
[State 0]  pc:0x8008a20 address:0x20013f50 val:0x20000781 size:0x4 type:write
[State 0]  pc:0x8008a20 address:0x20013f54 val:0x80090b1 size:0x4 type:write
[State 0] Inst Executing 0x8008a22
[State 0]  pc:0x8008a22 address:0x20000848 val:0x1 size:0x1 type:read
[State 0] Inst Executing 0x8008a26
[State 0]  pc:0x8008a26 address:0x8008a40 val:0x200006d8 size:0x4 type:read
[State 0] Inst Executing 0x8008a28
[State 0]  pc:0x8008a28 address:0x200006dc val:0x20000808 size:0x4 type:read
[State 0] Inst Executing 0x8008a2c
[State 0] Ex Block pc: 0x8007538 lr:0x8008a31 HAL_UART_GetState
[State 0] Inst Executing 0x8007538
[State 0]  pc:0x8007538 address:0x20000841 val:0x32 size:0x1 type:read
[State 0] Inst Executing 0x800753c
[State 0] Ex Block pc: 0x8008a30 lr:0x8008a31
[State 0] Inst Executing 0x8008a30
[State 0] Inst Executing 0x8008a34
[State 0] Inst Executing 0x8008a36
[State 0] Inst Executing 0x8008a38
[State 0] Inst Executing 0x8008a3a
[State 0] Inst Executing 0x8008a3c
[State 0]  pc:0x8008a3c address:0x20013f50 val:0x20000781 size:0x4 type:read
[State 0]  pc:0x8008a3c address:0x20013f54 val:0x80090b1 size:0x4 type:read
[State 0] Ex Block pc: 0x80090b0 lr:0x8008a31
[State 0] Inst Executing 0x80090b0
[State 0] Ex Block pc: 0x80090b2 lr:0x8008a31
[State 0] Inst Executing 0x80090b2
[State 0] Inst Executing 0x80090b4
[State 0]  pc:0x80090b4 address:0x20013f58 val:0x0 size:0x4 type:read
[State 0]  pc:0x80090b4 address:0x20013f5c val:0x1 size:0x4 type:read
[State 0]  pc:0x80090b4 address:0x20013f60 val:0x1 size:0x4 type:read
[State 0]  pc:0x80090b4 address:0x20013f64 val:0x80038e1 size:0x4 type:read
[State 0] Ex Block pc: 0x80038e0 lr:0x8008a31
[State 0] Inst Executing 0x80038e0
[State 0] Ex Block pc: 0x80038ca lr:0x8008a31
[State 0] Inst Executing 0x80038ca
[State 0]  pc:0x80038ca address:0x20013f68 val:0x0 size:0x4 type:read
[State 0]  pc:0x80038ca address:0x20013f6c val:0xf size:0x4 type:read
[State 0]  pc:0x80038ca address:0x20013f70 val:0x20000410 size:0x4 type:read
[State 0]  pc:0x80038ca address:0x20013f74 val:0x10 size:0x4 type:read
[State 0]  pc:0x80038ca address:0x20013f78 val:0x800a9c0 size:0x4 type:read
[State 0]  pc:0x80038ca address:0x20013f7c val:0x71 size:0x4 type:read
[State 0]  pc:0x80038ca address:0x20013f80 val:0x0 size:0x4 type:read
[State 0]  pc:0x80038ca address:0x20013f84 val:0x0 size:0x4 type:read
[State 0]  pc:0x80038ca address:0x20013f88 val:0x0 size:0x4 type:read
[State 0]  pc:0x80038ca address:0x20013f8c val:0x8003a6d size:0x4 type:read
[State 0] Ex Block pc: 0x8003a6c lr:0x8008a31
[State 0] Inst Executing 0x8003a6c
[State 0] Inst Executing 0x8003a6e
[State 0] Ex Block pc: 0x8003a5c lr:0x8008a31
[State 0] Inst Executing 0x8003a5c
[State 0] Inst Executing 0x8003a5e
[State 0] Callind block start_pc:0x8003a70 end_pc: 0x8003a78
[State 0] Ex Block pc: 0x8003a70 lr:0x8008a31
[State 0] Inst Executing 0x8003a70
[State 0]  pc:0x8003a70 address:0x20000410 val:0x20000730 size:0x4 type:read
[State 0] Inst Executing 0x8003a72
[State 0]  pc:0x8003a72 address:0x20000730 val:0x800afd0 size:0x4 type:read
[State 0] Inst Executing 0x8003a74
[State 0]  pc:0x8003a74 address:0x800afd0 val:0x8009075 size:0x4 type:read
[State 0] Inst Executing 0x8003a76
[State 0] Inst Executing 0x8003a78
[State 0] Ex Block pc: 0x8009074 lr:0x8003a7b HardwareSerial::write(unsigned
[State 0] Inst Executing 0x8009074
[State 0]  pc:0x8009074 address:0x20013f80 val:0x10 size:0x4 type:write
[State 0]  pc:0x8009074 address:0x20013f84 val:0x20000410 size:0x4 type:write
[State 0]  pc:0x8009074 address:0x20013f88 val:0x10 size:0x4 type:write
[State 0]  pc:0x8009074 address:0x20013f8c val:0x8003a7b size:0x4 type:write
[State 0] Inst Executing 0x8009076
[State 0] Inst Executing 0x8009078
[State 0]  pc:0x8009078 address:0x20000740 val:0x1 size:0x1 type:write
[State 0] Inst Executing 0x800907a
[State 0]  pc:0x800907a address:0x2000086c val:0x50 size:0x2 type:read
[State 0] Inst Executing 0x800907e
[State 0] Inst Executing 0x8009080
[State 0] Inst Executing 0x8009082
[State 0] Inst Executing 0x8009086
[State 0] Inst Executing 0x800908a
[State 0] Inst Executing 0x800908c
[State 0] Inst Executing 0x800908e
[State 0] Inst Executing 0x8009090
[State 0]  pc:0x8009090 address:0x2000086e val:0x0 size:0x2 type:read
[State 0] Inst Executing 0x8009094
[State 0] Inst Executing 0x8009096
[State 0] Inst Executing 0x8009098
[State 0] Inst Executing 0x800909a
[State 0] Ex Block pc: 0x800909c lr:0x8003a7b
[State 0] Inst Executing 0x800909c
[State 0]  pc:0x800909c address:0x20000868 val:0x20000781 size:0x4 type:read
[State 0] Inst Executing 0x80090a0
[State 0]  pc:0x80090a0 address:0x200007d1 val:0xf7 size:0x1 type:write
[State 0] Inst Executing 0x80090a2
[State 0]  pc:0x80090a2 address:0x2000086c val:0x51 size:0x2 type:write
[State 0] Inst Executing 0x80090a6
[State 0] Inst Executing 0x80090aa
[State 0] Inst Executing 0x80090ac
[State 0] Ex Block pc: 0x8008a20 lr:0x80090b1 serial_tx_active
[State 0] Inst Executing 0x8008a20
[State 0]  pc:0x8008a20 address:0x20013f78 val:0x20000781 size:0x4 type:write
[State 0]  pc:0x8008a20 address:0x20013f7c val:0x80090b1 size:0x4 type:write
[State 0] Inst Executing 0x8008a22
[State 0]  pc:0x8008a22 address:0x20000848 val:0x1 size:0x1 type:read
[State 0] Inst Executing 0x8008a26
[State 0]  pc:0x8008a26 address:0x8008a40 val:0x200006d8 size:0x4 type:read
[State 0] Inst Executing 0x8008a28
[State 0]  pc:0x8008a28 address:0x200006dc val:0x20000808 size:0x4 type:read
[State 0] Inst Executing 0x8008a2c
[State 0] Ex Block pc: 0x8007538 lr:0x8008a31 HAL_UART_GetState
[State 0] Inst Executing 0x8007538
[State 0]  pc:0x8007538 address:0x20000841 val:0x32 size:0x1 type:read
[State 0] Inst Executing 0x800753c
[State 0] Ex Block pc: 0x8008a30 lr:0x8008a31
[State 0] Inst Executing 0x8008a30
[State 0] Inst Executing 0x8008a34
[State 0] Inst Executing 0x8008a36
[State 0] Inst Executing 0x8008a38
[State 0] Inst Executing 0x8008a3a
[State 0] Inst Executing 0x8008a3c
[State 0]  pc:0x8008a3c address:0x20013f78 val:0x20000781 size:0x4 type:read
[State 0]  pc:0x8008a3c address:0x20013f7c val:0x80090b1 size:0x4 type:read
[State 0] Ex Block pc: 0x80090b0 lr:0x8008a31
[State 0] Inst Executing 0x80090b0
[State 0] Ex Block pc: 0x80090b2 lr:0x8008a31
[State 0] Inst Executing 0x80090b2
[State 0] Inst Executing 0x80090b4
[State 0]  pc:0x80090b4 address:0x20013f80 val:0x10 size:0x4 type:read
[State 0]  pc:0x80090b4 address:0x20013f84 val:0x20000410 size:0x4 type:read
[State 0]  pc:0x80090b4 address:0x20013f88 val:0x10 size:0x4 type:read
[State 0]  pc:0x80090b4 address:0x20013f8c val:0x8003a7b size:0x4 type:read
[State 0] Ex Block pc: 0x8003a7a lr:0x8008a31
[State 0] Inst Executing 0x8003a7a
[State 0]  pc:0x8003a7a address:0x20013f90 val:0x800a9c0 size:0x4 type:read
[State 0]  pc:0x8003a7a address:0x20013f94 val:0x20000410 size:0x4 type:read
[State 0]  pc:0x8003a7a address:0x20013f98 val:0x3e size:0x4 type:read
[State 0]  pc:0x8003a7a address:0x20013f9c val:0x0 size:0x4 type:read
[State 0]  pc:0x8003a7a address:0x20013fa0 val:0x0 size:0x4 type:read
[State 0]  pc:0x8003a7a address:0x20013fa4 val:0x8003a97 size:0x4 type:read
[State 0] Ex Block pc: 0x8003a96 lr:0x8008a31
[State 0] Inst Executing 0x8003a96
[State 0]  pc:0x8003a96 address:0x20013fa8 val:0x0 size:0x4 type:read
[State 0]  pc:0x8003a96 address:0x20013fac val:0x6c size:0x4 type:read
[State 0]  pc:0x8003a96 address:0x20013fb0 val:0x21 size:0x4 type:read
[State 0]  pc:0x8003a96 address:0x20013fb4 val:0x80036f5 size:0x4 type:read
[State 0] Ex Block pc: 0x80036f4 lr:0x8008a31
[State 0] Inst Executing 0x80036f4
[State 0]  pc:0x80036f4 address:0x20013fb8 val:0x0 size:0x4 type:read
[State 0]  pc:0x80036f4 address:0x20013fbc val:0x8000a8b size:0x4 type:read
[State 0] Ex Block pc: 0x8000a8a lr:0x8008a31
[State 0] Inst Executing 0x8000a8a
[State 0]  pc:0x8000a8a address:0x20013fc0 val:0x20000414 size:0x4 type:read
[State 0]  pc:0x8000a8a address:0x20013fc4 val:0x0 size:0x4 type:read
[State 0]  pc:0x8000a8a address:0x20013fc8 val:0x0 size:0x4 type:read
[State 0]  pc:0x8000a8a address:0x20013fcc val:0x800343b size:0x4 type:read
[State 0] Ex Block pc: 0x800343a lr:0x8008a31
[State 0] Inst Executing 0x800343a
[State 0]  pc:0x800343a address:0x20013fd0 val:0x800342d size:0x4 type:read
[State 0]  pc:0x800343a address:0x20013fd4 val:0x8003d29 size:0x4 type:read
[State 0] Ex Block pc: 0x8003d28 lr:0x8008a31
[State 0] Inst Executing 0x8003d28
[State 0] Ex Block pc: 0x8003cc8 lr:0x8008a31
[State 0] Inst Executing 0x8003cc8
[State 0] Inst Executing 0x8003cca
[State 0]  pc:0x8003cca address:0x20000420 val:0x0 size:0x1 type:write
[State 0] Inst Executing 0x8003ccc
[State 0]  pc:0x8003ccc address:0x20013fd8 val:0x200003d0 size:0x4 type:read
[State 0]  pc:0x8003ccc address:0x20013fdc val:0x80036c9 size:0x4 type:read
[State 0] Ex Block pc: 0x80036c8 lr:0x8008a31
[State 0] Inst Executing 0x80036c8
[State 0]  pc:0x80036c8 address:0x20013fe0 val:0x0 size:0x4 type:read
[State 0]  pc:0x80036c8 address:0x20013fe4 val:0x8002adf size:0x4 type:read
[State 0] Ex Block pc: 0x8002ade lr:0x8008a31
[State 0] Inst Executing 0x8002ade
[State 0] Ex Block pc: 0x8002ad0 lr:0x8008a31
[State 0] Inst Executing 0x8002ad0
1 [State 0] uARCUS: External Interrupt:38
1 [State 0] uARCUS: test interrupt_flag 0 request:0 halted: 0 excp_idx: -1
orig vec_enabled: 1
[State 0]  pc:0x8002ad0 address:0x8002bb4 val:0x200003d0 size:0x4 type:read
[State 0] Inst Executing 0x8002ad2
[State 0] onException pc: 0x800369c vec: 0
[State 0] Ex Block pc: 0x8008c18 lr:0xfffffff9 USART2_IRQHandler
[State 0] Inst Executing 0x8008c18
[State 0]  pc:0x8008c18 address:0x20013fc0 val:0x0 size:0x4 type:write
[State 0]  pc:0x8008c18 address:0x20013fc4 val:0xfffffff9 size:0x4 type:write
[State 0] Inst Executing 0x8008c1a
[State 0] Inst Executing 0x8008c1c
[State 0] Ex Block pc: 0x80046bc lr:0x8008c21 HAL_NVIC_ClearPendingIRQ
[State 0] Inst Executing 0x80046bc
[State 0] Inst Executing 0x80046be
[State 0] Ex Block pc: 0x80046c0 lr:0x8008c21
[State 0] Inst Executing 0x80046c0
[State 0] Inst Executing 0x80046c2
[State 0] Inst Executing 0x80046c6
[State 0] Inst Executing 0x80046c8
[State 0] Inst Executing 0x80046cc
[State 0] Inst Executing 0x80046ce
[State 0]  pc:0x80046ce address:0x80046d8 val:0xe000e100 size:0x4 type:read
[State 0] Inst Executing 0x80046d0
[State 0]  pc:0x80046d0 address:0xe000e284 val:0x40 size:0x4 type:write
[State 0] Inst Executing 0x80046d4
[State 0] Ex Block pc: 0x8008c20 lr:0x8008c21
[State 0] Inst Executing 0x8008c20
[State 0]  pc:0x8008c20 address:0x8008c2c val:0x200006d8 size:0x4 type:read
[State 0] Inst Executing 0x8008c22
[State 0]  pc:0x8008c22 address:0x200006dc val:0x20000808 size:0x4 type:read
[State 0] Inst Executing 0x8008c24
[State 0] Ex Block pc: 0x800746e lr:0x8008c29 HAL_UART_IRQHandler
[State 0] Inst Executing 0x800746e
[State 0]  pc:0x800746e address:0x20013fb8 val:0x0 size:0x4 type:write
[State 0]  pc:0x800746e address:0x20013fbc val:0x8008c29 size:0x4 type:write
[State 0] Inst Executing 0x8007470
[State 0] Inst Executing 0x8007472
[State 0] Inst Executing 0x8007474
[State 0]  pc:0x8007474 address:0x20000808 val:0x40004400 size:0x4 type:read
[State 0] Inst Executing 0x8007476
[State 0] Ex Block pc: 0x8007476 lr:0x8008c29
[State 0] Inst Executing 0x8007476
1 [State 0] uARCUS: hardware read pc 0x8007476 addr 0x40004400 size 0x4 original 0x0 new 0x1
[State 0]  pc:0x8007476 address:0x40004400 val:0x1 size:0x4 type:read
[State 0] Inst Executing 0x8007478
1 [State 0] uARCUS: hardware read pc 0x8007478 addr 0x4000440c size 0x4 original 0x0 new 0x0
[State 0]  pc:0x8007478 address:0x4000440c val:0x0 size:0x4 type:read
[State 0] Inst Executing 0x800747a
[State 0] Inst Executing 0x800747e
[State 0] Ex Block pc: 0x8007480 lr:0x8008c29
[State 0] Inst Executing 0x8007480
[State 0] Inst Executing 0x8007484
[State 0] Ex Block pc: 0x800748e lr:0x8008c29
[State 0] Inst Executing 0x800748e
[State 0] Ex Block pc: 0x800748e lr:0x8008c29
[State 0] Inst Executing 0x800748e
1 [State 0] uARCUS: hardware read pc 0x800748e addr 0x40004400 size 0x4 original 0x0 new 0x2
[State 0]  pc:0x800748e address:0x40004400 val:0x2 size:0x4 type:read
[State 0] Inst Executing 0x8007490
1 [State 0] uARCUS: hardware read pc 0x8007490 addr 0x40004414 size 0x4 original 0x0 new 0x0
[State 0]  pc:0x8007490 address:0x40004414 val:0x0 size:0x4 type:read
[State 0] Inst Executing 0x8007492
[State 0] Inst Executing 0x8007496
[State 0] Inst Executing 0x800749a
[State 0] Ex Block pc: 0x800749c lr:0x8008c29
[State 0] Inst Executing 0x800749c
[State 0] Ex Block pc: 0x80074a6 lr:0x8008c29
[State 0] Inst Executing 0x80074a6
[State 0] Ex Block pc: 0x80074a6 lr:0x8008c29
[State 0] Inst Executing 0x80074a6
1 [State 0] uARCUS: hardware read pc 0x80074a6 addr 0x40004400 size 0x4 original 0x0 new 0x4
[State 0]  pc:0x80074a6 address:0x40004400 val:0x4 size:0x4 type:read
[State 0] Inst Executing 0x80074a8
[State 0] Inst Executing 0x80074ac
[State 0] Ex Block pc: 0x80074ae lr:0x8008c29
[State 0] Inst Executing 0x80074ae
[State 0] Ex Block pc: 0x80074b8 lr:0x8008c29
[State 0] Inst Executing 0x80074b8
[State 0] Ex Block pc: 0x80074b8 lr:0x8008c29
[State 0] Inst Executing 0x80074b8
1 [State 0] uARCUS: hardware read pc 0x80074b8 addr 0x40004400 size 0x4 original 0x0 new 0x8
[State 0]  pc:0x80074b8 address:0x40004400 val:0x8 size:0x4 type:read
[State 0] Inst Executing 0x80074ba
[State 0] Inst Executing 0x80074be
[State 0] Ex Block pc: 0x80074c0 lr:0x8008c29
[State 0] Inst Executing 0x80074c0
[State 0] Ex Block pc: 0x80074ca lr:0x8008c29
[State 0] Inst Executing 0x80074ca
[State 0] Ex Block pc: 0x80074ca lr:0x8008c29
[State 0] Inst Executing 0x80074ca
1 [State 0] uARCUS: hardware read pc 0x80074ca addr 0x40004400 size 0x4 original 0x0 new 0x20
[State 0]  pc:0x80074ca address:0x40004400 val:0x20 size:0x4 type:read
[State 0] Inst Executing 0x80074cc
1 [State 0] uARCUS: hardware read pc 0x80074cc addr 0x4000440c size 0x4 original 0x0 new 0x20
[State 0]  pc:0x80074cc address:0x4000440c val:0x20 size:0x4 type:read
[State 0] Inst Executing 0x80074ce
[State 0] Inst Executing 0x80074d2
[State 0] Inst Executing 0x80074d6
[State 0] Ex Block pc: 0x80074d8 lr:0x8008c29
[State 0] Inst Executing 0x80074d8
[State 0] Ex Block pc: 0x8007506 lr:0x8008c29
[State 0] Inst Executing 0x8007506
[State 0] Inst Executing 0x8007508
[State 0] Ex Block pc: 0x80073b8 lr:0x800750d UART_Receive_IT
[State 0] Inst Executing 0x80073b8
[State 0]  pc:0x80073b8 address:0x20013fa8 val:0x20 size:0x4 type:write
[State 0]  pc:0x80073b8 address:0x20013fac val:0x800750d size:0x4 type:write
[State 0] Inst Executing 0x80073ba
[State 0]  pc:0x80073ba address:0x20000841 val:0x32 size:0x1 type:read
[State 0] Inst Executing 0x80073be
[State 0] Inst Executing 0x80073c0
[State 0] Inst Executing 0x80073c2
[State 0] Ex Block pc: 0x80073c4 lr:0x800750d
[State 0] Inst Executing 0x80073c4
[State 0] Inst Executing 0x80073c6
[State 0] Ex Block pc: 0x80073cc lr:0x800750d
[State 0] Inst Executing 0x80073cc
[State 0]  pc:0x80073cc address:0x20000810 val:0x0 size:0x4 type:read
[State 0] Inst Executing 0x80073ce
[State 0] Inst Executing 0x80073d2
[State 0] Ex Block pc: 0x80073d4 lr:0x800750d
[State 0] Inst Executing 0x80073d4
[State 0]  pc:0x80073d4 address:0x20000818 val:0x0 size:0x4 type:read
[State 0] Inst Executing 0x80073d6
[State 0] Inst Executing 0x80073d8
[State 0] Ex Block pc: 0x80073da lr:0x800750d
[State 0] Inst Executing 0x80073da
[State 0]  pc:0x80073da address:0x20000830 val:0x20000849 size:0x4 type:read
[State 0] Inst Executing 0x80073dc
[State 0] Inst Executing 0x80073de
[State 0]  pc:0x80073de address:0x20000830 val:0x2000084a size:0x4 type:write
[State 0] Inst Executing 0x80073e0
[State 0]  pc:0x80073e0 address:0x20000808 val:0x40004400 size:0x4 type:read
[State 0] Inst Executing 0x80073e2
[State 0] Ex Block pc: 0x80073e2 lr:0x800750d
[State 0] Inst Executing 0x80073e2
[State 0] user read pc 0x80073e2 addr 0x40004404 original 0x0 fuzzin 0x55 ptr 15
[State 0]  pc:0x80073e2 address:0x40004404 val:0x55 size:0x4 type:read
[State 0] Inst Executing 0x80073e4
[State 0]  pc:0x80073e4 address:0x20000849 val:0x55 size:0x1 type:write
[State 0] Inst Executing 0x80073e6
[State 0]  pc:0x80073e6 address:0x20000836 val:0x1 size:0x2 type:read
[State 0] Inst Executing 0x80073e8
[State 0] Inst Executing 0x80073ea
[State 0] Inst Executing 0x80073ec
[State 0]  pc:0x80073ec address:0x20000836 val:0x0 size:0x2 type:write
[State 0] Inst Executing 0x80073ee
[State 0] Inst Executing 0x80073f0
[State 0] Ex Block pc: 0x80073f2 lr:0x800750d
[State 0] Inst Executing 0x80073f2
[State 0]  pc:0x80073f2 address:0x20000808 val:0x40004400 size:0x4 type:read
[State 0] Inst Executing 0x80073f4
[State 0] Ex Block pc: 0x80073f4 lr:0x800750d
[State 0] Inst Executing 0x80073f4
1 [State 0] uARCUS: hardware read pc 0x80073f4 addr 0x4000440c size 0x4 original 0x0 new 0x0
[State 0]  pc:0x80073f4 address:0x4000440c val:0x0 size:0x4 type:read
[State 0] Inst Executing 0x80073f6
[State 0] Inst Executing 0x80073fa
[State 0]  pc:0x80073fa address:0x4000440c val:0x0 size:0x4 type:write
[State 0] Inst Executing 0x80073fc
[State 0]  pc:0x80073fc address:0x20000841 val:0x32 size:0x1 type:read
[State 0] Ex Block pc: 0x8007400 lr:0x800750d
[State 0] Inst Executing 0x8007400
[State 0] Inst Executing 0x8007402
[State 0] Inst Executing 0x8007404
[State 0] Ex Block pc: 0x8007462 lr:0x800750d
[State 0] Inst Executing 0x8007462
[State 0] Inst Executing 0x8007464
[State 0]  pc:0x8007464 address:0x20000841 val:0x12 size:0x1 type:write
[State 0] Inst Executing 0x8007468
[State 0] Ex Block pc: 0x8007420 lr:0x800750d
[State 0] Inst Executing 0x8007420
[State 0] Ex Block pc: 0x8008b50 lr:0x8007425 HAL_UART_RxCpltCallback
[State 0] Inst Executing 0x8008b50
[State 0]  pc:0x8008b50 address:0x20013fa0 val:0x12 size:0x4 type:write
[State 0]  pc:0x8008b50 address:0x20013fa4 val:0x8007425 size:0x4 type:write
[State 0] Inst Executing 0x8008b52
[State 0] Ex Block pc: 0x8008b2c lr:0x8008b57 uart_index
[State 0] Inst Executing 0x8008b2c
[State 0] Inst Executing 0x8008b2e
[State 0] Ex Block pc: 0x8008b30 lr:0x8008b57
[State 0] Inst Executing 0x8008b30
[State 0] Inst Executing 0x8008b32
[State 0] Inst Executing 0x8008b34
[State 0] Ex Block pc: 0x8008b36 lr:0x8008b57
[State 0] Inst Executing 0x8008b36
[State 0]  pc:0x8008b36 address:0x8008b4c val:0x200006d8 size:0x4 type:read
[State 0] Inst Executing 0x8008b38
[State 0]  pc:0x8008b38 address:0x200006d8 val:0x0 size:0x4 type:read
[State 0] Inst Executing 0x8008b3c
[State 0] Inst Executing 0x8008b3e
[State 0] Ex Block pc: 0x8008b40 lr:0x8008b57
[State 0] Inst Executing 0x8008b40
[State 0] Inst Executing 0x8008b42
[State 0] Inst Executing 0x8008b44
[State 0] Ex Block pc: 0x8008b32 lr:0x8008b57
[State 0] Inst Executing 0x8008b32
[State 0] Inst Executing 0x8008b34
[State 0] Ex Block pc: 0x8008b36 lr:0x8008b57
[State 0] Inst Executing 0x8008b36
[State 0]  pc:0x8008b36 address:0x8008b4c val:0x200006d8 size:0x4 type:read
[State 0] Inst Executing 0x8008b38
[State 0]  pc:0x8008b38 address:0x200006dc val:0x20000808 size:0x4 type:read
[State 0] Inst Executing 0x8008b3c
[State 0] Inst Executing 0x8008b3e
[State 0] Ex Block pc: 0x8008b4a lr:0x8008b57
[State 0] Inst Executing 0x8008b4a
[State 0] Ex Block pc: 0x8008b56 lr:0x8008b57
[State 0] Inst Executing 0x8008b56
[State 0] Inst Executing 0x8008b58
[State 0] Ex Block pc: 0x8008b5c lr:0x8008b57
[State 0] Inst Executing 0x8008b5c
[State 0]  pc:0x8008b5c address:0x8008b6c val:0x20000688 size:0x4 type:read
[State 0] Inst Executing 0x8008b5e
[State 0]  pc:0x8008b5e address:0x2000068c val:0x0 size:0x4 type:read
[State 0] Inst Executing 0x8008b62
[State 0]  pc:0x8008b62 address:0x8008b70 val:0x2000069c size:0x4 type:read
[State 0] Inst Executing 0x8008b64
[State 0]  pc:0x8008b64 address:0x200006a0 val:0x20000804 size:0x4 type:read
[State 0] Inst Executing 0x8008b68
1 [State 0] uARCUS: [crash_handler] reason: access invalid pc 0x0
1 [State 0] uARCUS: output crash snapshot
1 [State 0] uARCUS: reg[0]:0x20000804
1 [State 0] uARCUS: reg[1]:0x8
1 [State 0] uARCUS: reg[2]:0x2000069c
1 [State 0] uARCUS: reg[3]:0x0
1 [State 0] uARCUS: reg[4]:0x20000808
1 [State 0] uARCUS: reg[5]:0x0
1 [State 0] uARCUS: reg[6]:0x0
1 [State 0] uARCUS: reg[7]:0x0
1 [State 0] uARCUS: reg[8]:0x0
1 [State 0] uARCUS: reg[9]:0x0
1 [State 0] uARCUS: reg[10]:0x0
1 [State 0] uARCUS: reg[11]:0x0
1 [State 0] uARCUS: reg[12]:0x0
1 [State 0] uARCUS: reg[13]:0x20013fa0
1 [State 0] uARCUS: reg[14]:0x8008b6b
1 [State 0] uARCUS: reg[15]:0x0
1 [State 0] uARCUS: xpsr: 0x80000036
1 [State 0] uARCUS: ram start 0x20000000 end 0x20014000
1 [State 0] uARCUS: Trace finish, exit
qemu-system-arm:Terminating node id 0 (instance slot 0)
Engine terminated.
