:020000040800F2
:1000000000400120893E0008D13E0008D13E000892
:10001000D13E0008D13E0008D13E0008000000009B
:10002000000000000000000000000000D13E0008B9
:10003000D13E000800000000D13E0008937B00087C
:10004000D13E0008D13E0008D13E0008D13E000854
:10005000D13E0008D13E0008819500088B9500082C
:10006000959500089F950008A9950008D13E0008C5
:10007000D13E0008D13E0008D13E0008D13E000824
:10008000D13E0008D13E0008D13E0008D13E000814
:10009000D13E0008D13E0008D13E0008B3950008CB
:1000A000D13E0008798200088D820008A1820008F4
:1000B000018200081582000829820008B98600081C
:1000C000C9860008D9860008E9860008D13E0008E4
:1000D000D13E00086D8C0008858C00089D8C0008BE
:1000E000C9950008D57C0008D13E0008518200085F
:1000F00065820008000000003D820008D13E000833
:10010000B58C0008CD8C0008D13E0008D13E000817
:10011000D13E0008D13E0008D13E0008000000009A
:10012000D13E0008000000000000000000000000B8
:0C01300000000000000000005FF808F173
:10013C0010B5054C237833B9044B13B10448AFF315
:10014C0000800123237010BDF4000020000000008B
:10015C0080A900080C4B43B10C4810B50C49AFF307
:10016C0000800C48036823B910BD0A48036833B9F2
:10017C007047094B002BF7D0BDE810401847064BD1
:10018C00002BF5D0184700BF0000000080A9000824
:10019C00F8000020F400002000000000034613F8D3
:1001AC00012B002AFBD1181A0138704738B50446C8
:1001BC000D463E2812DC14D8154B1856B0F1FF3FF3
:1001CC0011D003F085FE08B9002308E0104B185736
:1001DC0003F07EFE012808D0012300E0002333B990
:1001EC0038BD0023FBE70023F9E70023F7E721469E
:1001FC00084803F0F1FA0128F2D12A4621460548B5
:10020C0003F0FCFA2946204608F0A4FEE8E700BFFC
:10021C0068AE0008D00300203E2800DD704738B5DA
:10022C000D46044601462D4803F0D6FA03282BD080
:10023C00042848D13E2C11D8294B1857B0F1FF3F58
:10024C0014D003F045FE08B9002308E0244B1857DE
:10025C0003F03EFE01280BD0012300E000234BB934
:10026C002A4621461D4803F0C9FA38BD0023F6E79B
:10027C000023F4E71B4B185D00EB400029461A4B9A
:10028C00184402F031FEEBE73E2C15D8144B1857EE
:10029C00B0F1FF3F18D003F01BFE08B900200CE0B2
:1002AC000F4B185703F014FE01280FD00F490C4BBD
:1002BC00185707F0E1FC00E0002048B92A46214617
:1002CC00064803F09BFA38BD0020F6E70020F4E75F
:1002DC002946204608F06EFDF0E700BFD003002051
:1002EC0068AE0008F00100203002002070AC00085D
:1002FC00072800F3C5802DE9F84F471CFFB2FF001B
:10030C00FFB23F2F00DD3F278A464FEAC0085FFA55
:10031C0088F844464FF0000901250DE0594B185759
:10032C0003F0D6FD012818D0012600E00026B6B94E
:10033C006D00EDB20134E4B2BC424EDA3E2CF5D87D
:10034C00504B1857B0F1FF3F05D003F0C1FD00280A
:10035C00E4D10026EBE70026E9E70026E7E7214693
:10036C00494803F039FA012805D02146464803F0E4
:10037C0033FA00B10026002EDAD015EA0A0F11D09C
:10038C004FF0010B2146404803F026FA01280CD00F
:10039C0021463D4803F020FAB8B9BBF1000F0CD14F
:1003AC00002613E04FF0000BECE745EA09095A462A
:1003BC002146354803F022FABAE72146324803F0C9
:1003CC0018FA012802D1002600E00026002EEED0FB
:1003DC000221204608F06AFDE9E75FFA8AFA19F073
:1003EC00010F16D119F0020F19D119F0040F1DD1FC
:1003FC0019F0080F21D119F0100F25D119F0200F89
:10040C0029D119F0400F2DD119F0800F31D1BDE851
:10041C00F88F0AF00101404608F09CFDE2E70AF073
:10042C00020108F1010008F095FDDEE70AF0040175
:10043C0008F1020008F08EFDDAE70AF0080108F175
:10044C00030008F087FDD6E70AF0100108F104005C
:10045C0008F080FDD2E70AF0200108F1050008F051
:10046C0079FDCEE70AF0400108F1060008F072FDB4
:10047C00CAE70AF0800108F1070008F06BFDC6E737
:10048C00704700BF68AE0008D0030020102809DCBC
:10049C0049B1012383400D4A11680B4313600C4B87
:1004AC001B784BB17047012303FA00F0074A13681D
:1004BC0023EA00031360704710B5044608F04AFCA9
:1004CC0002462146034803F030F910BD100100200C
:1004DC006D010020D0030020012800D0704738B5F2
:1004EC004FF6FF73994200D038BD0B24044D002CFD
:1004FC00FADB284602F060FC0335013CF7E700BF4D
:10050C003002002070B506460D460024AC4205D2E0
:10051C00315D034808F055FF0134F7E770BD00BFAB
:10052C003007002038B51A4C25780B2D2ADC194BD6
:10053C001C78BCB1631E184DED5C184B1D54013C6E
:10054C00144B1C70002913DD002A11DD134B1B5CAE
:10055C0003EB430413460A4601461148204402F0BB
:10056C0041FC38BD0D4B1D540135094B1D70E9E79D
:10057C000A4B1B5C03EB430301460948184402F089
:10058C0075FC38BD0749084803F0E0F838BD00BFDA
:10059C00EC010020180100201C010020F0010020BB
:1005AC003002002098A90008D003002038B504467A
:1005BC000F4D285C00EB40000E4B184402F05EFC23
:1005CC002A5D0D4B1B789A420CD03BB10B490B7832
:1005DC000133DBB20B70013B0949CA54FF22044BB7
:1005EC001A5538BD002BF0D0013B034A1370F5E7C8
:1005FC00F001002030020020EC0100201801002046
:10060C001C0100200022034B1A70FF22024B1A70AF
:10061C00704700BF6C0100200400002070B5044638
:10062C000D4601469C4803F0D7F87F2800F01B824A
:10063C002146994803F0D0F806280DD00023A3B921
:10064C003E2C1FD8954B1857B0F1FF3F38D003F014
:10065C003FFC68B9002316E0914B1B781BB1062DAB
:10066C00EDD10023EBE70023E9E7FFF7CBFFE7E74A
:10067C008A4B185703F02CFC012823D0042D23D0CF
:10068C00012300E000232BB1864B185D0B281DDDE8
:10069C00002010BBA4F12E06F6B2102E27D83E2C4B
:1006AC001FD87E4B185703F013FCA0B33E2C1BD85D
:1006BC007A4B185703F00CFC01282ED0012317E0BD
:1006CC000023E0E70023DEE70023DCE700EB40003B
:1006DC00754B184402F02CFCDBE72046FFF766FF55
:1006EC00D8E74FF0FF30DEE74FF0FF30E2E70023B2
:1006FC002BB1022D13D000213046FFF7C7FE3E2C44
:10070C0017D8664B1857B0F1FF3F23D003F0E0FB2E
:10071C0038B900230EE00023EAE70023E8E70121C3
:10072C00EAE75E4B185703F0D3FB012814D00123E2
:10073C0000E00023E3B18DB10B2D0FD0E30804F0E2
:10074C000701012202FA01F15848C25C22EA0102B7
:10075C00C2540DE00023EDE70023EBE7E30804F0BF
:10076C000701012202FA01F15048C25C0A43C2544B
:10077C0000222146484803F041F80B2D00F26F810E
:10078C00DFE815F05000AE000C00DF000C016D012D
:10079C0041016D016D016D0171017600102E16D8AD
:1007AC003E2C09D83D4B185703F092FBF8B13E2C68
:1007BC0005D83A4B185704E04FF0FF30F4E74FF0F0
:1007CC00FF3003F085FB012813D0012500E0002544
:1007DC00002D00F048813E2C15D8304B1857B0F145
:1007EC00FF3F18D003F074FB28B900250CE000255E
:1007FC00EEE70025ECE7294B185703F069FB0128BD
:10080C0002D1002500E000253DB9022221462248F4
:10081C0002F0E6FF70BD0025F6E70021204608F047
:10082C0045FBF2E73E2C11D81C4B1857B0F1FF3F9B
:10083C001AD003F04DFB08B9002308E0174B1857EA
:10084C0003F046FB012811D0012300E00023002B0C
:10085C0000F009810021204608F028FB00222146E7
:10086C000D4802F0BDFF70BD0023F0E70023EEE75A
:10087C003E2C1DD8094B1857B0F1FF3F2CD003F07C
:10088C0027FB08B9002314E0044B185703F020FB96
:10089C00012823D001230CE0D003002068AE00080F
:1008AC006C010020F00100203002002070010020BB
:1008BC000023002B00F0D7800221204608F0F6FA26
:1008CC00694D0B222146284602F08AFF012221465F
:1008DC00284602F093FF70BD0023EAE70023E8E707
:1008EC003E2C11D8614B1857B0F1FF3F20D003F0CC
:1008FC00EFFA08B9002308E05C4B185703F0E8FA4C
:10090C00012817D0012300E00023002B00F0AB805E
:10091C002146554802F060FF03280DD001212046E6
:10092C0008F0C4FA012221464F4802F059FF70BD6D
:10093C000023EAE70023E8E70021204608F00AFB41
:10094C00ECE73E2C15D8494B1857B0F1FF3F21D09E
:10095C0003F0BEFA08B900200CE0444B185703F022
:10096C00B7FA012818D04249404B185707F084F9C0
:10097C0000E00020002876D00121204608F096FAED
:10098C000021204608F016FA03222146364802F0D0
:10099C0027FF70BD0020EDE70020EBE73E2C11D8BF
:1009AC00324B1857B0F1FF3F29D003F091FA08B938
:1009BC00002508E02D4B185703F08AFA012820D0A7
:1009CC00012500E00025002D4DD0042221462648AB
:1009DC0002F006FF274B185DFF2807D000EB400004
:1009EC00254B184402F0A4FA00B10025002D3AD092
:1009FC004FF0FF3211462046FFF794FD70BD0025E5
:100A0C00E1E70025DFE73E2C1DD8184B1857B0F155
:100A1C00FF3F20D003F05CFA08B9002314E0134B1D
:100A2C00185703F055FA012817D014490F4B1857D3
:100A3C0007F022F9034638B911490C4B185707F047
:100A4C001BF9034600E000236BB106222146064841
:100A5C0002F0C6FE70BD0023F6E70023F4E7094957
:100A6C00014802F073FE70BDD003002068AE000890
:100A7C0070AC0008F00100203002002040AC0008EF
:100A8C0010AC00081CAA000838B5002417E01B4B5A
:100A9C00185703F01DFA012821D01949174B185784
:100AAC0007F0EAF8034638B91649144B185707F003
:100ABC00E3F8034600E000239BB90134E4B23E2C7A
:100ACC0014DCF8D80D4B1857B0F1FF3F05D003F0EC
:100ADC00FFF90028DBD10023EEE70023ECE700232D
:100AEC00EAE706212046FFF799FDE6E70122064BCF
:100AFC001A70064802F0B3FB38BD00BF68AE0008A0
:100B0C0040AC000810AC00086C0100201003002061
:100B1C0070B50122334B1A70334B1B7863B9002329
:100B2C00072B0CDC00223149CA543149CA543149D3
:100B3C00CA540133DBB2F3E7FFF764FDEFE700249F
:100B4C001CE04FF0FF3025E04FF0FF3003F0C0F910
:100B5C00012829D0012500E000253DBB3E2C07D8FB
:100B6C00254B9857B0F1FF3F02D003F0B1F910BB01
:100B7C004DBBFF22214B9A550134E4B226463E2C44
:100B8C0026DCA4F12E03DBB2102BE5D83E2CD8D8F2
:100B9C00194B185703F09CF920B13E2CD4D8164BA6
:100BAC009857D3E70025D8E70025D6E70221204641
:100BBC00FFF734FDDDE7104B985703F089F9012856
:100BCC00D6D00125D4E701212046FFF727FDD0E739
:100BDC0000230B4A13600B4A13700B4A1370014A23
:100BEC00137070BD6D0100206C010020E401002029
:100BFC00700100207C01002068AE0008F00100208C
:100C0C001001002018010020EC01002038B5084B21
:100C1C001D5C0D401AB9074B1B5C9D4207D0044666
:100C2C002A460146044802F086FD024B1D5538BD8C
:100C3C00700100207C010020D0030020072800F365
:100C4C006C81A74B1954002900F067812DE9F04104
:100C5C000646A44B1F5CC400E4B23E2C1AD8A24B2F
:100C6C001857B0F1FF3F27D003F032F908B9002331
:100C7C0011E09D4B185703F02BF901281ED017F0EB
:100C8C00010F01D1002306E0204608F087F9B8B126
:100C9C00012300E00023ABB90025631C3E2B25D8B3
:100CAC009846914B13F90800B0F1FF3F31D003F097
:100CBC000FF948B900231AE00023ECE70023EAE718
:100CCC000023E8E70125E8E7874B13F9080003F058
:100CDC00FFF801281FD017F0020F01D1002306E006
:100CEC00404608F05BF9C0B1012300E000230BB1D2
:100CFC0045F00205A31C3E2B23D898467A4B13F9DA
:100D0C000800B0F1FF3F2FD003F0E2F838B9002310
:100D1C0018E00023EBE70023E9E70023E7E7724B39
:100D2C0013F9080003F0D4F801281FD017F0040FB2
:100D3C0001D1002306E0404608F030F9C0B1012390
:100D4C0000E000230BB145F00405E31C3E2B23D837
:100D5C009846654B13F90800B0F1FF3F2FD003F014
:100D6C00B7F838B9002318E00023EBE70023E9E7D4
:100D7C000023E7E75C4B13F9080003F0A9F80128FE
:100D8C001FD017F0080F01D1002306E0404608F0F1
:100D9C0005F9C0B1012300E000230BB145F00805B3
:100DAC00231D3E2B23D898464F4B13F90800B0F166
:100DBC00FF3F2FD003F08CF838B9002318E0002344
:100DCC00EBE70023E9E70023E7E7474B13F90800BB
:100DDC0003F07EF801281FD017F0100F01D100236B
:100DEC0006E0404608F0DAF8C0B1012300E0002329
:100DFC000BB145F01005631D3E2B23D898463A4B9A
:100E0C0013F90800B0F1FF3F2FD003F061F838B9A7
:100E1C00002318E00023EBE70023E9E70023E7E7D2
:100E2C00314B13F9080003F053F801281FD017F0C9
:100E3C00200F01D1002306E0404608F0AFF8C0B106
:100E4C00012300E000230BB145F02005A31D3E2B30
:100E5C0023D89846244B13F90800B0F1FF3F2ED04D
:100E6C0003F036F838B9002318E00023EBE7002331
:100E7C00E9E70023E7E71C4B13F9080003F028F817
:100E8C0001281ED017F0400F01D1002306E0404688
:100E9C0008F084F8B8B1012300E000230BB145F051
:100EAC004005E31D3E2B27D81C460F4B1857B0F1BD
:100EBC00FF3F2CD003F00CF838B900231DE00023C1
:100ECC00ECE70023EAE70023E8E7074B185702F0AA
:100EDC00FFFF01281DD017F0800F07D100230CE075
:100EEC00E40100207001002068AE0008204608F0E4
:100EFC0055F880B1012300E000230BB145F08005CB
:100F0C00012229463046FFF781FEBDE8F08100231F
:100F1C00F3E70023F1E70023EFE7704738B5A34B65
:100F2C001B78002B00F02C81A14B1D78A14B93F961
:100F3C000000B0F1FF3F16D002F0CAFF08B9002341
:100F4C0012E09C4B93F9000002F0C2FF012818D06C
:100F5C0015F0010F01D1002306E0002008F01EF867
:100F6C0088B1012300E000237BB90024914B93F955
:100F7C000100B0F1FF3F1CD002F0AAFF38B90023EA
:100F8C0018E00023F0E70023EEE70124EEE7894B9D
:100F9C0093F9010002F09CFF012819D015F0020F03
:100FAC0001D1002306E0012007F0F8FF90B10123E6
:100FBC0000E000230BB144F002047E4B93F90200D5
:100FCC00B0F1FF3F1AD002F083FF28B9002316E0DE
:100FDC000023EFE70023EDE7764B93F9020002F0D4
:100FEC0077FF012819D015F0040F01D1002306E07A
:100FFC00022007F0D3FF90B1012300E000230BB1D6
:10100C0044F004046B4B93F90300B0F1FF3F1AD08A
:10101C0002F05EFF28B9002316E00023EFE700235F
:10102C00EDE7644B93F9030002F052FF012819D04D
:10103C0015F0080F01D1002306E0032007F0AEFFE6
:10104C0090B1012300E000230BB144F00804594B8C
:10105C0093F90400B0F1FF3F1AD002F039FF28B920
:10106C00002316E00023EFE70023EDE7514B93F943
:10107C00040002F02DFF012819D015F0100F01D13A
:10108C00002306E0042007F089FF90B1012300E063
:10109C0000230BB144F01004464B93F90500B0F15A
:1010AC00FF3F1AD002F014FF28B9002316E00023EA
:1010BC00EFE70023EDE73F4B93F9050002F008FF43
:1010CC00012819D015F0200F01D1002306E00520CE
:1010DC0007F064FF90B1012300E000230BB144F052
:1010EC002004344B93F90600B0F1FF3F1AD002F004
:1010FC00EFFE28B9002316E00023EFE70023EDE70D
:10110C002C4B93F9060002F0E3FE012819D015F0E0
:10111C00400F01D1002306E0062007F03FFF90B1FD
:10112C00012300E000230BB144F04004214B93F960
:10113C000700B0F1FF3F1AD002F0CAFE28B9002315
:10114C0016E00023EFE70023EDE71A4B93F90700B5
:10115C0002F0BEFE012825D015F0800F01D100232E
:10116C0006E0072007F01AFFF0B1012300E000238E
:10117C000BB144F08004002221461046FFF746FDD7
:10118C000A4B5B78002B00F03681094B5D78094BDC
:10119C0093F90800B0F1FF3F20D002F099FE58B946
:1011AC0000231CE00023E3E70023E1E7E401002037
:1011BC007001002068AE0008A34B93F9080002F000
:1011CC0087FE012818D015F0010F01D1002306E08D
:1011DC00082007F0E3FE88B1012300E000237BB96F
:1011EC000024994B93F90900B0F1FF3F1CD002F099
:1011FC006FFE38B9002318E00023F0E70023EEE778
:10120C000124EEE7904B93F9090002F061FE0128EE
:10121C0019D015F0020F01D1002306E0092007F0C8
:10122C00BDFE90B1012300E000230BB144F0020499
:10123C00854B93F90A00B0F1FF3F1AD002F048FE3B
:10124C0028B9002316E00023EFE70023EDE77E4BDF
:10125C0093F90A0002F03CFE012819D015F0040F96
:10126C0001D1002306E00A2007F098FE90B101237B
:10127C0000E000230BB144F00404734B93F90B0012
:10128C00B0F1FF3F1AD002F023FE28B9002316E07C
:10129C000023EFE70023EDE76B4B93F90B0002F013
:1012AC0017FE012819D015F0080F01D1002306E014
:1012BC000B2007F073FE90B1012300E000230BB16B
:1012CC0044F00804604B93F90C00B0F1FF3F1AD0C6
:1012DC0002F0FEFD28B9002316E00023EFE70023FF
:1012EC00EDE7594B93F90C0002F0F2FD012819D0EF
:1012FC0015F0100F01D1002306E00C2007F04EFE74
:10130C0090B1012300E000230BB144F010044E4BCC
:10131C0093F90D00B0F1FF3F1AD002F0D9FD28B9B6
:10132C00002316E00023EFE70023EDE7464B93F98B
:10133C000D0002F0CDFD012819D015F0200F01D1C0
:10134C00002306E00D2007F029FE90B1012300E0F8
:10135C0000230BB144F020043B4B93F90E00B0F189
:10136C00FF3F1AD002F0B4FD28B9002316E0002389
:10137C00EFE70023EDE7344B93F90E0002F0A8FDE4
:10138C00012819D015F0400F01D1002306E00E20E2
:10139C0007F004FE90B1012300E000230BB144F0F0
:1013AC004004294B93F90F00B0F1FF3F1AD002F023
:1013BC008FFD28B9002316E00023EFE70023EDE7AB
:1013CC00214B93F90F0002F083FD012825D015F075
:1013DC00800F01D1002306E00F2007F0DFFDF0B1F4
:1013EC00012300E000230BB144F0800400222146CD
:1013FC000120FFF70BFC154B9B78002B00F037817D
:10140C00134B9D78104B93F91000B0F1FF3F21D096
:10141C0002F05EFD28B900231DE00023E3E7002362
:10142C00E1E7094B93F9100002F052FD01281FD09F
:10143C0015F0010F01D100230DE0102007F0AEFDD7
:10144C00C0B1012307E000BF68AE0008E401002032
:10145C007001002000237BB90024A34B93F91100E9
:10146C00B0F1FF3F1CD002F033FD38B9002318E077
:10147C000023F0E70023EEE70124EEE79A4B93F903
:10148C00110002F025FD012819D015F0020F01D131
:10149C00002306E0112007F081FD90B1012300E04C
:1014AC0000230BB144F002048F4B93F91200B0F1FE
:1014BC00FF3F1AD002F00CFD28B9002316E00023E0
:1014CC00EFE70023EDE7884B93F9120002F000FDE3
:1014DC00012819D015F0040F01D1002306E01220C9
:1014EC0007F05CFD90B1012300E000230BB144F048
:1014FC0004047D4B93F91300B0F1FF3F1AD002F0B6
:10150C00E7FC28B9002316E00023EFE70023EDE702
:10151C00754B93F9130002F0DBFC012819D015F080
:10152C00080F01D1002306E0132007F037FD90B11E
:10153C00012300E000230BB144F008046A4B93F93B
:10154C001400B0F1FF3F1AD002F0C2FC28B90023FE
:10155C0016E00023EFE70023EDE7634B93F914004B
:10156C0002F0B6FC012819D015F0100F01D10023A0
:10157C0006E0142007F012FD90B1012300E00023D7
:10158C000BB144F01004584B93F91500B0F1FF3F28
:10159C001AD002F09DFC28B9002316E00023EFE7D7
:1015AC000023EDE7504B93F9150002F091FC012854
:1015BC0019D015F0200F01D1002306E0152007F0FB
:1015CC00EDFC90B1012300E000230BB144F02004AA
:1015DC00454B93F91600B0F1FF3F1AD002F078FC9E
:1015EC0028B9002316E00023EFE70023EDE73E4B7C
:1015FC0093F9160002F06CFC012819D015F0400F7D
:10160C0001D1002306E0162007F0C8FC90B101239D
:10161C0000E000230BB144F04004334B93F9170066
:10162C00B0F1FF3F1AD002F053FC28B9002316E0AA
:10163C000023EFE70023EDE72B4B93F9170002F0A3
:10164C0047FC012825D015F0800F01D1002306E0BE
:10165C00172007F0A3FCF0B1012300E000230BB12D
:10166C0044F08004002221460220FFF7CFFA1F4BE2
:10167C00DB78002B00F037811D4BDD781A4B93F98A
:10168C001800B0F1FF3F1AD002F022FC28B9002359
:10169C0016E00023E3E70023E1E7134B93F918006E
:1016AC0002F016FC012818D015F0010F01D100230F
:1016BC0006E0182007F072FC88B1012300E000233B
:1016CC007BB90024084B93F91900B0F1FF3F23D0EC
:1016DC0002F0FEFB70B900231FE00023F0E70023AB
:1016EC00EEE70124EEE700BF68AE0008E40100203D
:1016FC0070010020A34B93F9190002F0E9FB0128BB
:10170C0019D015F0020F01D1002306E0192007F0C3
:10171C0045FC90B1012300E000230BB144F002041E
:10172C00984B93F91A00B0F1FF3F1AD002F0D0FB9E
:10173C0028B9002316E00023EFE70023EDE7914BD7
:10174C0093F91A0002F0C4FB012819D015F0040F0C
:10175C0001D1002306E01A2007F020FC90B10123F0
:10176C0000E000230BB144F00404864B93F91B00FA
:10177C00B0F1FF3F1AD002F0ABFB28B9002316E002
:10178C000023EFE70023EDE77E4B93F91B0002F0FB
:10179C009FFB012819D015F0080F01D1002306E09A
:1017AC001B2007F0FBFB90B1012300E000230BB1E1
:1017BC0044F00804734B93F91C00B0F1FF3F1AD0AE
:1017CC0002F086FB28B9002316E00023EFE7002384
:1017DC00EDE76C4B93F91C0002F07AFB012819D051
:1017EC0015F0100F01D1002306E01C2007F0D6FBEA
:1017FC0090B1012300E000230BB144F01004614BC5
:10180C0093F91D00B0F1FF3F1AD002F061FB28B92B
:10181C00002316E00023EFE70023EDE7594B93F983
:10182C001D0002F055FB012819D015F0200F01D135
:10183C00002306E01D2007F0B1FB90B1012300E06E
:10184C0000230BB144F020044E4B93F91E00B0F171
:10185C00FF3F1AD002F03CFB28B9002316E000230E
:10186C00EFE70023EDE7474B93F91E0002F030FB46
:10187C00012819D015F0400F01D1002306E01E20DD
:10188C0007F08CFB90B1012300E000230BB144F076
:10189C0040043C4B93F91F00B0F1FF3F1AD002F00B
:1018AC0017FB28B9002316E00023EFE70023EDE730
:1018BC00344B93F91F0002F00BFB012825D015F0D7
:1018CC00800F01D1002306E01F2007F067FBF0B169
:1018DC00012300E000230BB144F0800400222146D8
:1018EC000320FFF793F9284B1B79002B00F037816D
:1018FC00264B1D79234B93F92000B0F1FF3F1AD0F2
:10190C0002F0E6FA28B9002316E00023E3E70023EF
:10191C00E1E71C4B93F9200002F0DAFA012818D009
:10192C0015F0010F01D1002306E0202007F036FB53
:10193C0088B1012300E000237BB90024114B93F9FB
:10194C002100B0F1FF3F23D002F0C2FA38B90023D6
:10195C001FE00023F0E70023EEE70124EEE7094B3C
:10196C0093F9210002F0B4FA012820D015F0020FEF
:10197C0001D100230DE0212007F010FBC8B1012399
:10198C0007E000BF68AE0008E401002070010020F1
:10199C0000230BB144F00204A74B93F92200B0F1E1
:1019AC00FF3F1AD002F094FA28B9002316E0002366
:1019BC00EFE70023EDE7A04B93F9220002F088FA41
:1019CC00012819D015F0040F01D1002306E02220C4
:1019DC0007F0E4FA90B1012300E000230BB144F0CE
:1019EC000404954B93F92300B0F1FF3F1AD002F099
:1019FC006FFA28B9002316E00023EFE70023EDE788
:101A0C008D4B93F9230002F063FA012819D015F0DD
:101A1C00080F01D1002306E0232007F0BFFA90B194
:101A2C00012300E000230BB144F00804824B93F92E
:101A3C002400B0F1FF3F1AD002F04AFA28B9002373
:101A4C0016E00023EFE70023EDE77B4B93F924002E
:101A5C0002F03EFA012819D015F0100F01D1002325
:101A6C0006E0242007F09AFA90B1012300E000234D
:101A7C000BB144F01004704B93F92500B0F1FF3F0B
:101A8C001AD002F025FA28B9002316E00023EFE75C
:101A9C000023EDE7684B93F9250002F019FA0128B1
:101AAC0019D015F0200F01D1002306E0252007F0F6
:101ABC0075FA90B1012300E000230BB144F020042F
:101ACC005D4B93F92600B0F1FF3F1AD002F000FAFB
:101ADC0028B9002316E00023EFE70023EDE7564B6F
:101AEC0093F9260002F0F4F9012819D015F0400FF3
:101AFC0001D1002306E0262007F050FA90B1012313
:101B0C0000E000230BB144F040044B4B93F9270049
:101B1C00B0F1FF3F1AD002F0DBF928B9002316E030
:101B2C000023EFE70023EDE7434B93F9270002F086
:101B3C00CFF9012825D015F0800F01D1002306E044
:101B4C00272007F02BFAF0B1012300E000230BB1A2
:101B5C0044F08004002221460420FFF757F8374B4D
:101B6C005B79002B00F03681354B5D79324B93F964
:101B7C002800B0F1FF3F1AD002F0AAF928B90023CF
:101B8C0016E00023E3E70023E1E72B4B93F9280051
:101B9C0002F09EF9012818D015F0010F01D1002395
:101BAC0006E0282007F0FAF988B1012300E00023B1
:101BBC007BB90024204B93F92900B0F1FF3F1CD0D6
:101BCC0002F086F938B9002318E00023F0E700236F
:101BDC00EEE70124EEE7184B93F9290002F078F9AF
:101BEC00012819D015F0020F01D1002306E029209D
:101BFC0007F0D4F990B1012300E000230BB144F0BD
:101C0C0002040D4B93F92A00B0F1FF3F20D002F0F3
:101C1C005FF928B900231CE00023EFE70023EDE770
:101C2C00054B93F92A0002F053F901281FD015F047
:101C3C00040F07D100230CE068AE0008E40100207B
:101C4C00700100202A2007F0A9F990B1012300E0CF
:101C5C0000230BB144F00404A74B93F92B00B0F113
:101C6C00FF3F1AD002F034F928B9002316E0002304
:101C7C00EFE70023EDE7A04B93F92B0002F028F9D6
:101C8C00012819D015F0080F01D1002306E02B20F4
:101C9C0007F084F990B1012300E000230BB144F06C
:101CAC000804954B93F92C00B0F1FF3F1AD002F0C9
:101CBC000FF928B9002316E00023EFE70023EDE726
:101CCC008D4B93F92C0002F003F9012819D015F073
:101CDC00100F01D1002306E02C2007F05FF990B122
:101CEC00012300E000230BB144F01004824B93F964
:101CFC002D00B0F1FF3F1AD002F0EAF828B900230A
:101D0C0016E00023EFE70023EDE77B4B93F92D0062
:101D1C0002F0DEF8012819D015F0200F01D10023B4
:101D2C0006E02D2007F03AF990B1012300E00023E2
:101D3C000BB144F02004704B93F92E00B0F1FF3F2F
:101D4C001AD002F0C5F828B9002316E00023EFE7FB
:101D5C000023EDE7684B93F92E0002F0B9F8012847
:101D6C0019D015F0400F01D1002306E02E2007F00A
:101D7C0015F990B1012300E000230BB144F04004AD
:101D8C005D4B93F92F00B0F1FF3F1AD002F0A0F891
:101D9C0028B9002316E00023EFE70023EDE7564BAC
:101DAC0093F92F0002F094F8012825D015F0800F3C
:101DBC0001D1002306E02F2007F0F0F8F0B1012349
:101DCC0000E000230BB144F08004002221460520E2
:101DDC00FEF71CFF494B9B79002B00F03681484BDA
:101DEC009D79454B93F93000B0F1FF3F1AD002F0CA
:101DFC006FF828B9002316E00023E3E70023E1E79E
:101E0C003D4B93F9300002F063F8012818D015F01F
:101E1C00010F01D1002306E0302007F0BFF888B194
:101E2C00012300E000237BB90024334B93F93100EC
:101E3C00B0F1FF3F1CD002F04BF838B9002318E08A
:101E4C000023F0E70023EEE70124EEE72A4B93F999
:101E5C00310002F03DF8012819D015F0020F01D124
:101E6C00002306E0312007F099F890B1012300E03F
:101E7C0000230BB144F002041F4B93F93200B0F174
:101E8C00FF3F1AD002F024F828B9002316E00023F3
:101E9C00EFE70023EDE7184B93F9320002F018F846
:101EAC00012819D015F0040F01D1002306E03220CF
:101EBC0007F074F890B1012300E000230BB144F05B
:101ECC0004040D4B93F93300B0F1FF3F20D001F027
:101EDC00FFFF28B900231CE00023EFE70023EDE708
:101EEC00054B93F9330001F0F3FF01281FD015F0D7
:101EFC00080F07D100230CE068AE0008E4010020B5
:101F0C0070010020332007F049F890B1012300E064
:101F1C0000230BB144F00804A74B93F93400B0F143
:101F2C00FF3F1AD001F0D4FF28B9002316E000239C
:101F3C00EFE70023EDE7A04B93F9340001F0C8FF65
:101F4C00012819D015F0100F01D1002306E0342020
:101F5C0007F024F890B1012300E000230BB144F00A
:101F6C001004954B93F93500B0F1FF3F1AD001F0F6
:101F7C00AFFF28B9002316E00023EFE70023EDE7BD
:101F8C008D4B93F9350001F0A3FF012819D015F002
:101F9C00200F01D1002306E0352006F0FFFF90B1A1
:101FAC00012300E000230BB144F02004824B93F991
:101FBC003600B0F1FF3F1AD001F08AFF28B9002398
:101FCC0016E00023EFE70023EDE77B4B93F9360097
:101FDC0001F07EFF012819D015F0400F01D100232C
:101FEC0006E0362006F0DAFF90B1012300E0002372
:101FFC000BB144F04004704B93F93700B0F1FF3F44
:10200C001AD001F065FF28B9002316E00023EFE792
:10201C000023EDE7684B93F9370001F059FF0128D5
:10202C0025D015F0800F01D1002306E0372006F0F3
:10203C00B5FFF0B1012300E000230BB144F08004A4
:10204C00002221460620FEF7E1FD5C4BDB79002BDC
:10205C0000F011815A4BDD79574B93F93800B0F1F0
:10206C00FF3F1AD001F034FF28B9002316E00023FB
:10207C00E3E70023E1E7504B93F9380001F028FF28
:10208C00012818D015F0010F01D1002306E03820EB
:10209C0006F084FF88B1012300E000237BB9002403
:1020AC00454B93F93900B0F1FF3F1CD001F010FF04
:1020BC0038B9002318E00023F0E70023EEE70124F1
:1020CC00EEE73D4B93F9390001F002FF012819D0DE
:1020DC0015F0020F01D1002306E0392006F05EFF57
:1020EC0090B1012300E000230BB144F00204324B09
:1020FC0093F93A00B0F1FF3F1AD001F0E9FE28B98C
:10210C00002316E00023EFE70023EDE72A4B93F9B9
:10211C003A0001F0DDFE012819D015F0040F01D1B1
:10212C00002306E03A2006F039FF90B1012300E0CD
:10213C0000230BB144F004041F4B93F93B00B0F1A6
:10214C00FF3F1AD001F0C4FE28B9002316E000238B
:10215C00EFE70023EDE7184B93F93B0001F0B8FED5
:10216C00012819D015F0080F01D1002306E03B20FF
:10217C0006F014FF90B1012300E000230BB144F0F2
:10218C0008040D4B93F93C00B0F1FF3F20D001F057
:10219C009FFE28B900231CE00023EFE70023EDE7A6
:1021AC00054B93F93C0001F093FE01281FD015F06C
:1021BC00100F07D100230CE068AE0008E4010020EA
:1021CC00700100203C2006F0E9FE90B1012300E0F4
:1021DC0000230BB144F01004294B93F93D00B0F1EE
:1021EC00FF3F1AD001F074FE28B9002316E000233B
:1021FC00EFE70023EDE7224B93F93D0001F068FE79
:10220C00012819D015F0200F01D1002306E03D2044
:10221C0006F0C4FE90B1012300E000230BB144F0A2
:10222C002004174B93F93E00B0F1FF3F1AD001F098
:10223C004FFE28B9002316E00023EFE70023EDE75B
:10224C000F4B93F93E0001F043FE012814D015F01A
:10225C00400F01D1002306E03E2006F09FFE68B13E
:10226C00012300E000230BB144F04004002221467E
:10227C000720FEF7CBFC38BD0023F4E70023F2E780
:10228C0068AE000810B51B4C052302221A492046E3
:10229C0001F0F4F9194AE021204601F063FA184ADA
:1022AC009021204601F05EFA164AC021204601F02A
:1022BC0059FA154AD021204601F054FA134AF42158
:1022CC00204601F04FFA124AF521204601F04AFA55
:1022DC00104AF021204601F079FA0F4AFF212046DE
:1022EC0001F06CFA4FF46141204601F0CBFAFEF795
:1022FC000FFC10BDD003002030AA000825020008F6
:10230C00FD02000899040008490C00082906000881
:10231C00B9010008E12400081D0B000808B54FF6B0
:10232C00FF710120FEF7D8F808BD000070B5064615
:10233C00294806F07AFE054670B90123002B47D1D7
:10234C000024AC4211D2244806F087FE234B1B5DBF
:10235C0098423DD10134F4E71F4806F070FE732813
:10236C0001D00123EAE70023E8E77346336576657D
:10237C00EFF3148313F0020F2BD03661164C18496F
:10238C00204607F00EF858213046FEF7BBF81549E9
:10239C00204607F006F8144E10223146204607F06E
:1023AC0042F81249204606F0FCFF114DAD1B0A22E3
:1023BC002946204607F037F80E49204606F0F1FF73
:1023CC0029463046FEF79EF80B49204606F0E9FFF9
:1023DC0070BD7661D2E700BF300700200C000020F2
:1023EC006CAA00087CAA0008F400002080AA00084F
:1023FC00700A002088AA00088CAA000808B50146BB
:10240C00014800F05FFE08BD1003002008B502482B
:10241C0000F0A2FDC0B208BD100300202DE9F04170
:10242C0005461746B1F1FF3F23D00C469846244E83
:10243C000146304600F018FFE0B2FFF7DFFF4146DF
:10244C00304600F025FFDFF878803A4629464046B2
:10245C0000F0FCFF3E46404600F074FD87420ADA6D
:10246C001849194801F072F9184B1D705C70002462
:10247C0017E00024E7E7124800F064FD8742F3DD23
:10248C001349114801F062F9EEE70D4800F05AFDCE
:10249C0058B101235BB1A51CFFF7B8FF0B4B585586
:1024AC000134B442F1DB0023F4E70023F2E7BA1C59
:1024BC00064BD2B27721044801F043F9BDE8F08114
:1024CC0010030020E0A90008D00300202C010020FC
:1024DC0000AA00082DE9F8430D4614466938112866
:1024EC0000F2FF82DFE810F0C602FD026601FD0279
:1024FC007802FD025301FE00FD02FD02FD02FD0209
:10250C00FD021200FD02EC00FD024201537803F0C3
:10251C00180213F0200F22D1207813F0400F24D092
:10252C000023182A00F2DD82DFE812F02100DB0222
:10253C00DB02DB02DB02DB02DB02DB023900DB024B
:10254C00DB02DB02DB02DB02DB02DB025200DB0222
:10255C00DB02DB02DB02DB02DB02DB028400B949BB
:10256C00B94801F0F3F8BDE8F8830123D9E7014637
:10257C00B64800F079FE0226AE420BDAA35DA21932
:10258C005078C001C0B21844C0B2FFF737FF023612
:10259C00F6B2F1E7AD4800F0AFFEBDE8F883062DCA
:1025AC000BD0A278E178C901C9B20A44D2B24FF07B
:1025BC00FF31FFF733FFBDE8F883A178E27801EB38
:1025CC00C21122796479E401E4B22244D2B2F0E778
:1025DC009F4A92F90020511C072919DC062D1DD0A9
:1025EC00A578E178C901C9B20D44EDB24FF0FF3EB8
:1025FC00013252B296490A7096495400A718BE008F
:10260C008F198855C7F804E03D727B72BDE8F883DA
:10261C0091498D4801F09AF8BDE8F88394F802E0EE
:10262C00E1780EEBC11E25796179C901C9B20D445F
:10263C00EDB2DDE7864B93F90070002F0DDD002322
:10264C00791C8B420DDA03EB4304A200814CA25C93
:10265C0090420AD00133DBB2F2E7FF221A70BDE8D8
:10266C00F883002301E00133DBB2994223DD072B11
:10267C00F9DC03F1010E774A4FEA4E0505EB0E0625
:10268C00B40002EB040812F804905C0004EB030C99
:10269C004FEA8C0602EB060C02F80690D8F80460A0
:1026AC00CCF8046098F808608CF8086098F8095029
:1026BC008CF80950D7E7013F654B1F70BDE8F883D4
:1026CC001378527803EBC213012902DD0BB1634A74
:1026DC001360634B1B78002B40F00382FEF7D4F998
:1026EC00BDE8F883042940F3FC811578537896787B
:1026FC0003EBC616D378147903EBC4143E2D11D812
:10270C00584B5857B0F1FF3F21D001F0E1FB08B90D
:10271C00002308E0534B585701F0DAFB012818D07E
:10272C00012300E00023002B00F0DB814E4B585DB1
:10273C000B2810DD0020A8B9224631462846FDF7AB
:10274C00F1FE04212846FDF769FFBDE8F88300235C
:10275C00E9E70023E7E700EB4000444B184400F0A6
:10276C00E7FBE8E72846FDF721FFE5E7012940F301
:10277C00B8811378527803EBC2133D4A1360002BD7
:10278C0040F0AF8101223A4B1A60BDE8F883012971
:10279C0040F3A7815178022D02DD937841EAC311F1
:1027AC00032D02DDE37841EA83312078FDF734FD17
:1027BC00BDE8F883244CF021204600F0CCFF6C21BE
:1027CC00204600F0C8FF0024E0E0264B185701F02B
:1027DC007FFB012817D0012300E00023ABB9A4F143
:1027EC002E03DBB2102B4DD83E2C28D81D4B9857FE
:1027FC0001F06EFB002853D03E2C3BD8194B985758
:10280C003AE00023EAE70023E8E70F4D00212846D1
:10281C0000F0A1FF0121284600F09DFF0B21284666
:10282C0000F099FF0121284600F095FF0121284670
:10283C0000F091FF0121284600F08DFFCFE74FF00B
:10284C00FF30D5E7ACA90008D0030020100300200E
:10285C000400002084010020CCA9000828010020DD
:10286C006C01002068AE0008F0010020300200204E
:10287C00080000204FF0FF3001F02AFB012811D096
:10288C00012300E000237BB93E2C23D8964B9857AC
:10289C00B0F1FF3F2CD001F01BFB78B900201AE0FF
:1028AC000023F0E70023EEE7904D0221284600F0CC
:1028BC0052FF0A21284600F04EFFE5E78A4B985755
:1028CC0001F006FB012815D08949874B985705F074
:1028DC00D3F900E0002078B93E2C1FD8824B9857D2
:1028EC00B0F1FF3F28D001F0F3FA78B9002316E0DD
:1028FC000020F0E70020EEE77C4D0321284600F095
:10290C002AFF0821284600F026FFE5E7764B98576A
:10291C0001F0DEFA012811D0012300E000237BB97D
:10292C003E2C2BD8704B9857B0F1FF3F40D001F0A4
:10293C00CFFA78B9002322E00023F0E70023EEE77A
:10294C006A4D0421284600F006FF0E21284600F0AF
:10295C0002FFE5E7644B985701F0BAFA012829D039
:10296C006449614B985705F087F9034638B96249B9
:10297C005D4B985705F080F9034600E00023DBB966
:10298C007F215A4800F0E7FE0134E4B226463E2C83
:10299C001CDC3FF622AF544B1857B0F1FF3F3FF40D
:1029AC0030AF01F095FA00287FF40FAF002315E744
:1029BC000023E4E70023E2E74C4D0621284600F013
:1029CC00CAFE0121284600F0C6FED9E7F721474888
:1029DC0000F0C1FEBDE8F883002900F08280147875
:1029EC00424DF021284600F0B6FE6E21284600F03C
:1029FC00B2FE2146284600F0AEFE3E2C05DDF72146
:102A0C003A4800F0A8FEBDE8F8832146284600F0BD
:102A1C00E3FE0146284600F09EFE2146284600F0C3
:102A2C00E8FE00F07F01284600F095FE214628467E
:102A3C0000F0DFFE4FF68073184211D121462B486F
:102A4C0000F0D7FE10F4404FD9D0284D214628462F
:102A5C0000F0CFFEC0F38631284600F07CFECEE7B6
:102A6C002146284600F0C5FEC0F3C611284600F0EA
:102A7C0072FEE3E71D4CF021204600F06CFE6A214B
:102A8C00204600F068FE002411E04FF0FF301AE001
:102A9C004FF0FF3001F01CFA012802D17F2500E035
:102AAC007F252946114800F056FE0134E4B2264633
:102ABC003E2C12DCA4F12E05EDB2102DF0D83E2CDC
:102ACC00E3D8094B185701F003FA20B13E2CDFD89C
:102ADC00054B9857DEE77F25E3E7F721034800F025
:102AEC003AFEBDE8F88300BF68AE0008D0030020B2
:102AFC0070AC000840AC000810AC000870B52DE9B3
:102B0C00FF5FEFF3088001B4EFF3098001B449488B
:102B1C00016802B4416802B4816802B4C16802B4AD
:102B2C006846FFF703FC06B003BC0CB0FEF7F6F9E1
:102B3C00384800F0E3FD18B1364800F0E6FDF7E741
:102B4C0006F054FA344B1860344B1B68C01A344AE4
:102B5C00126890425CD91344304A1360002411E08F
:102B6C004FF0FF301AE04FF0FF301EE0012300E081
:102B7C0000232BB12B4B1B682B4113F0010F24D1DD
:102B8C000134E4B226463E2C28DCA4F12E05EDB22D
:102B9C00102DEDD83E2CE3D8234B185701F098F9A3
:102BAC0078B13E2CDFD8204B985701F091F90128D1
:102BBC0009D02146174800F00FFE0228D6D000237A
:102BCC00D7E70023D5E70023D3E7284606F0C2F861
:102BDC00024629460F4800F0A8FDD1E7134B93F9A4
:102BEC000030002B14DB0024104B93F90030013320
:102BFC009C420DDA0E4D63001A19900029184B7A7D
:102C0C000A7A4968285CFFF709FC0134E4B2EBE767
:102C1C0070BD00BFD00300201401002078010020FB
:102C2C00080000201001002068AE000804000020FD
:102C3C008401002000E100E000230B2B0CDC00EBF6
:102C4C0040018A001A44064911F8322012F0400F54
:102C5C0004D10133DBB2F0E700207047012070474C
:102C6C005C02002008B5044B40F2DC524EF66021A9
:102C7C0005F03AFA08BD00BF892C0008F8B50646E5
:102C8C000F4690F83C40474B1B5D13F0800F16D15C
:102C9C0004EB44039A00434B1B5D5BB21344424963
:102CAC0009788B420FDA3F4B1B5D5BB213443F49F3
:102CBC0011F8333013F0400F1ED1002304E0002133
:102CCC0005F08DFA01E00023C3B9364A135D5BB2FF
:102CDC0001335BB2135504EB44039D00135D5BB2EF
:102CEC002B44314A1278934215DA2E4B1B5D5BB2A2
:102CFC000B2B2DDD00230FE00123E5E7294B1B5D9A
:102D0C005BB21A44294B13F83200002100F03F004B
:102D1C0006F020F9D9E7002343B3224B1B5D5BB2CD
:102D2C002B44224A12F8333013F0400F12D13046A4
:102D3C0005F052FA1B4B1B5D5BB21D441B4B03EBA6
:102D4C00C5056A6802443946304605F04BFAF8BDB1
:102D5C000123E1E7134B1B5D5BB22B4412F83300EC
:102D6C00012100F03F0006F0F5F8E0E7304605F0F1
:102D7C0033FA043044F61F63984209D844F62062B3
:102D8C003946304605F02EFAFF22064B1A55F8BD8F
:102D9C00304605F021FA021D3946304605F022FA7C
:102DAC00F2E700BF58020020540200205C02002011
:102DBC0008B505F0DFF908BD084B1B780B2B02DDBD
:102DCC00FF2303707047591C044A11700370044AA6
:102DDC0002EBC30340F2DC525A60704754020020ED
:102DEC005C020020F8B504461D4603780B2B01DD70
:102DFC002078F8BD0F4616460121384606F056F8E5
:102E0C002278174B13F8321067F3050103F83210D0
:102E1C00D6F508761AD446F387066670D5F516658E
:102E2C0016D445F38705A57025780E4BA3FB053505
:102E3C00ED082846FFF700FF60B12178084A12F828
:102E4C00313043F0400302F83130D1E70336E2E78A
:102E5C000335E6E7044880F83C50FFF703FFECE746
:102E6C005C020020ABAAAAAABC02002008B54FF451
:102E7C0016634FF40872FFF7B5FF08BD08B500786C
:102E8C00094B13F830206FF3861203F83020074BF0
:102E9C00A3FB0030C008FFF7CFFE00B108BD04480B
:102EAC00FFF786FFFAE700BF5C020020ABAAAAAAD4
:102EBC00BC02002002780B2A12DC90F90130C3F11D
:102ECC0088039B008B4207DC90F90230C3F5167324
:102EDC009B00994200DC0B46024901EBC202536095
:102EEC00704700BF5C02002010B582B00446084653
:102EFC00B1F5087F12DA002916DBB42916DC94F937
:102F0C000130C3F1880394F90220C2F516729200C5
:102F1C0000929B00B422002106F094FA0146204650
:102F2C00FFF7C8FF02B010BD0020E8E7B420E6E7C9
:102F3C000278034B13F83200C0F38010704700BFC7
:102F4C005C020020024B1878024B1B78C01A7047A9
:102F5C00B3030020B1030020074B1B78074A1278FB
:102F6C00934206DA064A1268D05C0133024A1370A7
:102F7C0070474FF0FF307047B1030020B3030020BF
:102F8C00C4030020064B1B78064A1278934203DADE
:102F9C00054A1268D05C70474FF0FF30704700BF95
:102FAC00B1030020B3030020C403002008B5054B77
:102FBC001B682BB1002204490A7004490A70984717
:102FCC0008BD00BFBC030020B2030020B4030020E6
:102FDC0008B500230C4A13700C4A13700C4B18687C
:102FEC0020B10C4B1A78002106F095FB00230A4AFD
:102FFC0013700A4A13700A4B186820B1094B1A78DF
:10300C00002106F088FB08BDB1030020B3030020AB
:10301C00C4030020C0030020B2030020B40300202E
:10302C00C8030020C10300202DE9F04107460E46DD
:10303C0014461F4B1B7883B31E4B1D7815441E4B37
:10304C001B789D420FD91F2D00D82025DFF86C80EE
:10305C002946D8F8000006F0FFFEC8F80000A8B119
:10306C00EDB2154B1D70154B1B688BB1144D2878A8
:10307C0022463146184406F043FB2B782344DBB23E
:10308C002B700C4A13702046BDE8F0810025E8E750
:10309C0001237B600020BDE8F08192B2143005F072
:1030AC0058FA10B10020BDE8F0812046BDE8F0814F
:1030BC00B0030020B4030020C1030020C80300208B
:1030CC00B203002070B582B005468DF807101C4B7A
:1030DC001B7853B31B4B1C7801341B4B1B789C4245
:1030EC000CD91F2C00D82024184E2146306806F02D
:1030FC00B3FE306098B1E4B2134B1C70134B1B68D9
:10310C007BB1134A11789DF807005854137801339A
:10311C00DBB213700B4A1370012002B070BD002497
:10312C00EAE701236B600020F7E701220DF10701AC
:10313C00143005F00EFA08B90120EEE70020ECE798
:10314C00B0030020B4030020C1030020C8030020FA
:10315C00B2030020002242604FF47A728260064A69
:10316C000260064A92F90E1080F86C1092F90F204A
:10317C0080F86D20704700BFF4AA000868AE000804
:10318C00012800D0704708B54FF6FF73994200D064
:10319C0008BD0248FFF7DEFFFAE700BF100300206E
:1031AC0030B583B004460D4600231E4A13701E4AE8
:1031BC0013701E4B186820B11D4B1A78002106F0B5
:1031CC00AAFA00231B4A13701B4A13701B4B186876
:1031DC0020B11B4B1A78002106F09DFA0022194BE6
:1031EC001A706B00DBB22374332D0FD00022627483
:1031FC0004F11405627C00924FF480421249284677
:10320C0005F052F8637C23B103B030BD0122627427
:10321C00EEE70E49284605F0F4F90D49284605F06D
:10322C00E7F9F1E7B1030020B3030020C403002049
:10323C00C0030020B2030020B4030020C803002008
:10324C00C1030020B0030020A0860100B92F0008A4
:10325C004533000808B5C9B2FFF7A2FF08BD08B591
:10326C003321FFF7F7FF08BD0122054B1A7091407F
:10327C00044B19700023044A1370044A13707047EE
:10328C00B0030020CC030020B2030020B4030020C4
:10329C0010B5437C13B90424204610BD104B1B7889
:1032AC00104A126810490978143005F01DF918B14C
:1032BC00012812D0042400E000240A4B186820B125
:1032CC000A4B1A78002106F026FA0023084A1370DC
:1032DC00034A1370074A1370DEE70124EDE700BFC1
:1032EC00B4030020C8030020CC030020C10300203D
:1032FC00B2030020B003002008B50121FFF7C8FF7E
:10330C0008BD000038B50A4B1B7883420DD2044629
:10331C001F2800D82024074D2146286806F09CFD64
:10332C00286018B1E4B2024B1C7038BD0024FAE7D7
:10333C00C0030020C403002038B5144B1B682BB10C
:10334C00134B1A78134B1B789A4200DA38BD0C4693
:10335C0005460846FFF7D6FF0F4B1B687BB122468C
:10336C0029460D4B186806F0CBF90022084B1A7051
:10337C00084B1C70054B1B6820469847E6E740F24B
:10338C008311064804F0A8FCE9E700BFB80300204D
:10339C00B1030020B3030020C403002090AA00084E
:1033AC002DE9F84398469DF82050437C13B9002032
:1033BC00BDE8F8830646894617461046FFF7A2FF7C
:1033CC001A4B1B68A3B1E5B149463046FFF74CFFD9
:1033DC00032D00DD03256C1EE4B275B133681B6848
:1033EC00E10028FA01F1C9B2304698472546F2E7C8
:1033FC00012373600020BDE8F88300213046FFF7FD
:10340C0047FF4FEA49013B46084A126801F0FE01AA
:10341C0006F1140005F0B5F800B100270022044BAA
:10342C001A70044B1F703846BDE8F883C4030020A3
:10343C00B1030020B303002000B583B00193002337
:10344C000093FFF7ADFF03B05DF804FB08B5012353
:10345C00FFF7F2FF08BD08B54FF6FF710120FFF72B
:10346C008FFE08BD08B5034B1B6813B10846114607
:10347C00984708BDE005002008B5034B1B6813B145
:10348C0008461146984708BDE805002008B5034BCF
:10349C001B6813B108461146984708BDEC0500207F
:1034AC0008B5034B1B6813B108461146984708BD75
:1034BC00F005002008B5034B1B6813B108461146F4
:1034CC00984708BDF805002008B5034B1B6813B1DD
:1034DC0008461146984708BDFC05002008B5034B6B
:1034EC001B680BB10846984708BD00BFE4050020D7
:1034FC0038B50448056825B1144608461A46E1B2A9
:10350C00A84738BDDC05002008B5024B1B6803B189
:10351C00984708BDF405002070B50646403000F011
:10352C0034FA06F1440440223146204600F0E4FA15
:10353C00002586F8C450C6F8C85086F808522B46A9
:10354C00214AE021204600F0FCFA2B461F4A90212C
:10355C00204600F0F6FA2B461D4AC021204600F00A
:10356C00F0FA2B461B4AD021204600F0EAFA2B46F3
:10357C00194AF421204600F0E4FA2B46174AF521AB
:10358C00204600F0DEFA2B46154A7121204600F049
:10359C0008FB2B46134AF021204600F007FB33466C
:1035AC00114A7921204600F0ECFA33460F4AF921F2
:1035BC00204600F0EBFA2B460D4AFF21204600F086
:1035CC00E5FA304670BD00BF713400088534000840
:1035DC00C1340008D534000899340008AD34000813
:1035EC00E9340008FD3400085F3600082F36000867
:1035FC0015350008012800D0704708B54FF6FF7349
:10360C00994200D008BD0248FFF786FFFAE700BFD9
:10361C00D003002008B505220221403000F024FA26
:10362C0008BD18B108B5FFF7F5FF08BD704790F855
:10363C00C43003B9704710B582B0D0F8C8402178B7
:10364C00627802340094023B403000F0DEF902B0A4
:10365C0010BD18B108B5FFF7EAFF08BD704710B5EB
:10366C000446C0F8C010403000F092F92046FFF735
:10367C00D1FF2046FFF7DBFF10BD00002DE9F04124
:10368C0006460D4690461F461B49284606F032FC5E
:10369C0004462F21284606F01AFC0346F8B103B164
:1036AC005D1C14B3641B023486F8C440D6F8C80001
:1036BC0006F01EF896F8C440601C06F011F8C6F827
:1036CC00C8000023035580F80080477096F8C4208A
:1036DC00023A2946023006F0E5FBBDE8F0815C2198
:1036EC00284606F0F4FB0346D9E72846FCF756FDBE
:1036FC00023086F8C400D9E70CAB000808B5D0F846
:10370C00C00003689B68984708BD10B50446D0F804
:10371C00C0000368DB689847B0F1FF3F04D0C1B22A
:10372C0004F1440000F0C4FA10BD08B592B2403068
:10373C0000F030F908BD08B592B2403000F04DF9F8
:10374C0008BD08B5403000F0A6F908BD08B54030FA
:10375C0000F0C5F908BD08B5D0F8C00003681B68B7
:10376C00984708BDD02914D008D9F42914D0F529CC
:10377C0015D0E02915D10B4B1A607047902905D054
:10378C00C02902D1084B1A6070477047074B1A606A
:10379C007047074B1A607047064B1A607047064B10
:1037AC001A607047E0050020F8050020E8050020AD
:1037BC00FC050020EC050020F0050020FF2901D1BC
:1037CC00014B1A60704700BFF4050020014B1A60D2
:1037DC00704700BFDC050020014491F8CC00704715
:1037EC00431893F8CC307F2B02D0084480F8CC20BF
:1037FC007047423100EB810148687047423100EB61
:10380C0081014A6070472DE9F0410D4617469846F4
:10381C00069E0024BC4210DA304605F0EBFB012179
:10382C00284605F097FB404605F0E4FB00212846AE
:10383C0005F090FB0134E4B2ECE7BDE8F08190F8C0
:10384C00083203B1704730B583B0044601210D2016
:10385C0005F02CFBD2250095282302220D212046B1
:10386C00FFF7D1FFFA2005F0C5FB009528230522B0
:10387C000D212046FFF7C7FF7D2005F0BBFB03B0F1
:10388C0030BD000038B50446064D0622284605F02A
:10389C0071FC2046FFF7D3FF29462046FFF7DFFED9
:1038AC0038BD00BF3007002008B54FF6FF7101206E
:1038BC00FFF7A0FE08BD2DE9F84F80468B469246D7
:1038CC0014781F460BB94FF0FF374FF000094D46E7
:1038DC004E4601E009F10109D94523D2B74221D95D
:1038EC001AF80910A9402143D8F8000003681B6896
:1038FC0001F07F01984701361AF80940C5F107011C
:10390C000C41E4B20135062DE4D9B742E2D9D8F81E
:10391C00000003681B6804F07F0198470136E40936
:10392C00073DF0E70DB1B74201D8BDE8F88FD8F8E4
:10393C00000003681B680121A94001392140984708
:10394C00F3E72DE9F0410568EDB11F4616468846B0
:10395C0004462B681B68F0212846984720680368AA
:10396C001B686F219847206803681B68414698477D
:10397C0033463A4631462046FFF79DFF20680368E0
:10398C001B68F7219847BDE8F08100220260704760
:10399C000160704710B582B0ADF80620036863B1C2
:1039AC0004460F2903DC92B2B2F5804F07DB0DF110
:1039BC00060302222046FFF7C4FF02B010BD1A68AE
:1039CC00126841F0E0011846904702230DF10602FF
:1039DC0019462046FFF76FFFEFE710B582B0ADF840
:1039EC00062003687BB104461A68126801F00F01C7
:1039FC0041F090011846904702230DF1060219463A
:103A0C002046FFF758FF02B010BD2DE9F843089E81
:103A1C0004683CB31F4691468846054623681B68DC
:103A2C00F02120469847286803681B68792198473D
:103A3C00286803681B6841469847286803681B6818
:103A4C00494698470024BC4207D200233219012171
:103A5C002846FFF730FF0134F5E7286803681B6838
:103A6C00F7219847BDE8F88303689BB170B51646FB
:103A7C000D4604461A681268F921184690472068CA
:103A8C0003681B6829469847206803681B68314601
:103A9C00984770BD70472DE9F0410468ECB11F46A2
:103AAC0016468846054623681B68F0212046984731
:103ABC00286803681B68414698470024B44207D223
:103ACC0000233A1901212846FFF7F5FE0134F5E7EA
:103ADC00286803681B68F7219847BDE8F08138B562
:103AEC0005460C460846FCF759FB23460246712155
:103AFC002846FFF7D0FF38BD416082600022027378
:103B0C004273026102758261C26102624262826228
:103B1C00C262026342638263C2630264426482646F
:103B2C00C264026542658265C2650266426682664F
:103B3C00C266026742678267B1FA81F14909017076
:103B4C007047D02914D008D9F42914D0F52915D0F0
:103B5C00E02915D1C264C3617047902905D0C029F2
:103B6C0002D1426543627047704702650362704739
:103B7C00826583627047C265C362704702660363E5
:103B8C007047792901D1026743637047F92902D044
:103B9C00FF2903D070474267836370478267836451
:103BAC007047712901D1826603647047C266436411
:103BBC00704770B504460E4615468368934294BF11
:103BCC00012000200AD8636E43B101222270E06B01
:103BDC009847A068854234BF0020012008B963686B
:103BEC005E5570BD30B4002420468C420AD2155D5F
:103BFC001554631CD35CDB01DBB22B431354013033
:103C0C000234F2E730BC704738B504464368197883
:103C1C0071291ED079292ED1056F002D32D08169E2
:103C2C00022905D800231A461946406BA84738BD0F
:103C3C00DA1C0339FFF7D6FFC21C00212046FFF720
:103C4C00B8FF256F6168CB1C8A784978606BA847F0
:103C5C0038BD826EB2B181695A1C0139FFF7C2FFBF
:103C6C00421C00212046FFF7A4FFA36E61680131BE
:103C7C00206C984738BDC56E25B182690133013A75
:103C8C00406CA84738BD08B5002303610373437328
:103C9C008268934204D242680021D1540133F7E781
:103CAC00002303758361836F0BB1806C984708BD4B
:103CBC0010B50446037D6BB1F72906D08269FFF776
:103CCC0078FFA3690133A36110BD00230375FFF7CF
:103CDC009BFF10BD02690AB17F2912DDEF2904DCBC
:103CEC0001F00F03637301F0F001F02978D05ED975
:103CFC00F9297AD06AD9FF296DD12046FFF7C3FF85
:103D0C0010BD013A0261FFF754FF2369002B70D1FB
:103D1C00237B002B6DD0D02B40D008D9F42B2BD08B
:103D2C00F52B32D0E02B0FD00023237310BD902B3A
:103D3C0016D0C02BF8D1636D002BF5D062681278C9
:103D4C00617B606A9847EFE7E36C002BECD061680D
:103D5C0008784A7802EBC012617BE0699847E3E788
:103D6C00236D002BE0D0616808784A7802EBC01212
:103D7C00617B206A9847D7E7E36D002BD4D061684C
:103D8C000A784978E06A9847CEE7236E002BCBD0AF
:103D9C0061680A784978206B9847C5E7A36D002BBA
:103DAC00C2D062681278617BA06A9847BCE7C029D0
:103DBC0012D004D9D0290FD0E02902D010BD9029FF
:103DCC0003D102232361217310BD10BDA1F1F403B3
:103DDC00012BF6D910BD10BD01232361217310BD39
:103DEC00012323750023A36110BD636F0BB1A06B7E
:103DFC00984710BD00B593B01E4A136823F4C05306
:103E0C0043F40063136002230593012208921022ED
:103E1C0009920E9300230F934FF4802310934FF4C9
:103E2C008003119305A801F00FFF00B1FEE70F23EB
:103E3C000093032301930023029303930493012122
:103E4C00684602F015FB00B1FEE702F035FC0A4BA8
:103E5C00A3FB0030800900F04BFC042000F06EFC4A
:103E6C00002211464FF0FF3000F0EEFB13B05DF86E
:103E7C0004FB00BF00700040D34D6210002103E032
:103E8C000B4B5B58435004310A480B4B42189A4277
:103E9C00F6D30A4A02E0002342F8043B084B9A424C
:103EAC00F9D303F01BFF05F0F7FB05F0DFFA7047C1
:103EBC008CB1000800000020F4000020F400002069
:103ECC006C0A0020FEE708B503F08EFE08BD00006A
:103EDC00C0F30313072B03D94FF0FF331846704779
:103EEC0000233E2BFAD8034AD2569042F6D0013327
:103EFC00F7E700BF68AE00087047000010B5044635
:103F0C00074B1868074BA3FB0030800900F0F0FB4F
:103F1C00002221464FF0FF3000F096FB002010BD30
:103F2C0018000020D34D621008B5094B1A6842F0F6
:103F3C0004021A601A6842F002021A60032000F0B0
:103F4C0071FB0F20FFF7DAFFFFF7D6FF002008BD4B
:103F5C00003C0240024A136801331360704700BFF3
:103F6C00640A0020014B1868704700BF640A0020E7
:103F7C00002800F0BB8070B582B00446C36C002BE7
:103F8C006ED0E36C13F0100F40F0B280E36C23F4AE
:103F9C00885323F0020343F00203E364554A536849
:103FAC0023F4403361680B435360E3686269134345
:103FBC00E16B4FF4007292FAA2F2B2FA82F201FAB9
:103FCC0002F21343226A1A43606A022393FAA3F3A0
:103FDC00B3FA83F300FA03F31343626B102A02D093
:103FEC00A16B0A43134321680A6812F0400213D1F3
:103FFC00A5692B43A568E66935432669B6F5807F2C
:10400C0041D0012E3CD02A43E56A012D3ED04D68AB
:10401C003948284002434A6021688868374A024080
:10402C001A438A602269B2F5807F46D0012A44D0B7
:10403C0021680A6B22F0F8720A6322689168304A90
:10404C000A40934249D0E36C23F0120343F010036F
:10405C00E364236D43F001032365012002B070BDBE
:10406C00036580F84830274B1A6A42F001021A6245
:10407C001B6A03F001030193019B03F023FC80E70F
:10408C004FF48072BFE74FF48072BCE760B9206BCD
:10409C0001384FF4604595FAA5F5B5FA85F5A840B9
:1040AC0040F400600243B2E7E06C40F02000E064B2
:1040BC00206D40F001002065A9E725682A6B22F0ED
:1040CC00F872A16A01394FF0F87090FAA0F0B0FACA
:1040DC0080F081400A432A63AFE700202065E36C3F
:1040EC0023F0030343F00103E364B7E701207047B7
:1040FC000120B3E700270140FF16FCFC89F1FFC04B
:10410C00FEFF80BF0038024003689A6812F4806F8B
:10411C0003D09B6813F4807F1CD170B50D46044608
:10412C00FFF720FF064623681A6812F0020F1AD117
:10413C00B5F1FF3FF7D025B1FFF714FF801B854287
:10414C00F1D2E36C43F00403E364002384F84830B9
:10415C00032070BDC36C43F02003C364002380F8BC
:10416C00483001207047A26912B96FF012021A6030
:10417C00E36C43F40073E36423689A6812F0405FC5
:10418C0017D1626ABAB91A6B12F0F87F03D09B6828
:10419C0013F4806F11D1E36C23F48073E364E36C4C
:1041AC0013F4805F0BD1E36C43F00103E364002054
:1041BC0070BD002070BD002070BD002070BD0020BF
:1041CC0070BD0368986D704730B482B000230193C2
:1041DC0090F84830012B00F0C780012380F848305C
:1041EC004B68062B28D805682A6C03EB8303053B28
:1041FC001F249C4022EA04020C6804FA03F31343C4
:10420C002B640B68092B59D805686A6903EB4303C7
:10421C0007249C4022EA04028C6804FA03F313433B
:10422C006B610B68103B012B79D9002380F8483067
:10423C00184602B030BC70470C2B0ED80568EA6BE0
:10424C0003EB8303233B1F249C4022EA04020C68EB
:10425C0004FA03F31343EB63D3E7122B0ED8056870
:10426C00AA6B03EB8303413B1F249C4022EA04020C
:10427C000C6804FA03F31343AB63C2E7182B0ED894
:10428C0005686A6B03EB83035F3B1F249C4022EAA7
:10429C0004020C6804FA03F313436B63B1E705687B
:1042AC002A6B03EB83037D3B1F249C4022EA040210
:1042BC000C6804FA03F313432B63A2E7132B0ED8F9
:1042CC0005682A6903EB43031E3B07249C4022EA42
:1042DC0004028C6804FA03F313432B61A1E71D2B32
:1042EC000ED80568EA6803EB43033C3B07249C406B
:1042FC0022EA04028C6804FA03F31343EB6090E7A0
:10430C000568EA6D03EB43035A3B07249C4022EA01
:10431C0004028C6804FA03F31343EB6581E7134B37
:10432C005B6813F4000F80D1104A536843F4000308
:10433C0053600B68102B7FF478AF0D4B1B6802F1A8
:10434C00467202F52D3202F28332A2FB03239B0C40
:10435C0003EB83035A00019202E0019B013B0193A2
:10436C00019B002BF9D160E7022062E70027014096
:10437C0018000020C06C704730B583B00023019347
:10438C0003681A6812F0400F30D19A6842F00102AB
:10439C009A60184B1B68184AA2FB03239B0C03EB77
:1043AC004303019302E0019B013B0193019B002B12
:1043BC00F9D10446FFF7D6FD054623681B6813F0B8
:1043CC00400F11D1FFF7CEFD401B0228F5D9E36C4D
:1043DC0043F01003E364236D43F0010323650023D2
:1043EC0084F84830012002E0002000E0002003B0F7
:1043FC0030BD00BF1800002083DE1B4390F848300E
:10440C00012B02D102231846704710B50446012334
:10441C0080F84830FFF7B0FF034648BBE26C22F44B
:10442C00E06222F0010242F48072E2642268516878
:10443C0011F4806F05D0E16C21F4405141F48051AE
:10444C00E164E16C11F4805F14D0216D21F0060160
:10445C002165002184F848106FF022011160226858
:10446C00916811F0405F03D1916841F080419160F7
:10447C00184610BD00212165EBE738B503681A68B2
:10448C0012F0400F01D1002038BD04469A6822F08A
:10449C0001029A60FFF766FD054623681B6813F05E
:1044AC00400F0ED0FFF75EFD401B0228F5D9E36CE0
:1044BC0043F01003E364236D43F0010323650120F3
:1044CC0038BD002038BD000038B5002800F08480CD
:1044DC000446C36C43F00203C364FFF7CEFF0546EA
:1044EC0020B1002384F84830284638BD23686FF08B
:1044FC001F021A6022685168384B0B4053602268C7
:10450C009168374B0B4093602268D36D23F03F03C7
:10451C00D3652268D36803F04043D36022681369E3
:10452C0003F0404313612268536903F04043536125
:10453C002268936923F47F6323F00F03936122684D
:10454C00D36923F47F6323F00F03D3612268136ACA
:10455C0023F47F6323F00F0313622268536A23F45E
:10456C007F6323F00F0353622268936A23F47F6303
:10457C0023F00F0393622268D36A23F47F6323F042
:10458C000F03D3622268136B03F07E43136322681C
:10459C00536B03F0404353632268936B03F0404327
:1045AC0093632268D36B03F04043D3632268136C8C
:1045BC0003F0404313642268536C9B0D9B055364BA
:1045CC00084A536823F400035360204603F0A8F90B
:1045DC0000232365E36484E7012585E700003CF8AC
:1045EC0088F080800027014090F84830012B02D1E0
:1045FC0002231846704710B50446012380F8483052
:10460C00FFF73BFF034638B9E26C22F4885222F0E4
:10461C00010242F00102E264002284F848201846AC
:10462C0010BD0000074AD36823F4E0631B041B0C85
:10463C00000200F4E060184340F0BF6040F400302A
:10464C00D060704700ED00E030B4164BDB68C3F36C
:10465C000223C3F10704042C28BF04241D1D062DBE
:10466C0017D9033B012505FA04F4013C214099407C
:10467C0005FA03F3013B1340194300280BDB090136
:10468C00C9B200F1604000F5614080F8001330BC05
:10469C0070470023E6E700F00F000901C9B2024B96
:1046AC001954F4E700ED00E014ED00E0002808DBFD
:1046BC00420900F01F00012303FA00F0014B43F8FC
:1046CC002200704700E100E000280DDB430900F0F8
:1046DC001F00012202FA00F02033044A42F82300A2
:1046EC00BFF34F8FBFF36F8F704700BF00E100E047
:1046FC000138B0F1807F0AD2064B5860F021064A8F
:10470C0082F823100020986007221A60704701205D
:10471C00704700BF10E000E000ED00E0002809DB6E
:10472C00430900F01F00012202FA00F06033024A34
:10473C0042F82300704700BF00E100E0042805D0D8
:10474C00054A136823F0040313607047024A136888
:10475C0043F004031360704710E000E0704708B5A5
:10476C00FFF7FCFF08BD70B110B50446037933B1F7
:10477C0002232371002020610123237110BD43719A
:10478C0003F012F8F4E70120704750B110B504465D
:10479C000223037103F074F8002020612071607112
:1047AC0010BD012070474379012B28D010B4012390
:1047BC00437102220271046822688B401343236008
:1047CC0089B90268136803F03C033C2B06D0012323
:1047DC00037100234371184610BC7047536843F0B3
:1047EC0001035360F3E70268136803F47013B3F525
:1047FC00701FECD1536843F002035360E7E70220CB
:10480C00704710B404682368012202FA01F123EA0C
:10481C00010323600271002010BC70474379012B07
:10482C001FD070B401254571022303710B684968D0
:10483C0019430668336840F6FE74944023EA040377
:10484C0091400B43336004682368C02101FA02F2E3
:10485C0023EA02022260057100234371184670BCE2
:10486C0070470220704710B483B000240194006894
:10487C00019049B101990A4414320192019A1360D2
:10488C00002003B010BC704701990A440832019211
:10489C00F4E708B590F82130DBB2022B03D00423E7
:1048AC008363012008BD0268136823F00E031360B4
:1048BC000268136823F001031360C16B036C0122BF
:1048CC0002FA03F34B6080F82120002380F820309B
:1048DC00436B13B19847002008BD002008BD0000B1
:1048EC00F0B583B0002396E04FEAD30E0EF1080E1C
:1048FC0050F82E4003F00706B6000F27B74024EA05
:10490C0007040F6907FA06F6344340F82E4091E08D
:10491C0086682640CF6807FA0EF73E4386604668E5
:10492C0026EA05054E68C6F300169E4035434560E1
:10493C00C5682C408D6805FA0EF52C43C4604C6894
:10494C0014F0805F66D0514C256A45F00105256254
:10495C00246A04F001040194019C9C08A61C4C4D93
:10496C0055F8265003F003064FEA860E0F2606FA7A
:10497C000EF625EA0605474FB84278D0464EB042AF
:10498C0077D006F58066B04275D006F58066B042E9
:10499C0073D006F58066B04271D006F58066B042E1
:1049AC006FD006F58066B0425FD0072606FA0EF689
:1049BC0035430234364E46F82450384C2568D443DF
:1049CC0005EA04064F6817F4803F01D042EA050659
:1049DC00324D2E606D6804EA05064F6817F4003FEF
:1049EC0001D042EA05062D4D6E60AD6804EA05065D
:1049FC004F6817F4801F01D042EA0506274DAE60C0
:104A0C00ED682C404E6816F4001F01D042EA0504F4
:104A1C00224AD46001330A6832FA03F433D00125F8
:104A2C009D402A40F6D04C68022C3FF45DAF122C0E
:104A3C003FF45AAF06684FEA430E032404FA0EF40F
:104A4C00E44326404F6807F0030707FA0EF73E438E
:104A5C0006604E68771E012F7FF65AAF112E3FF479
:104A6C0057AF122E7FF464AF52E706269EE700265E
:104A7C009CE701269AE7022698E7032696E7042688
:104A8C0094E7052692E703B0F0BD00BF0038024062
:104A9C0000000140000002400004024000040140FC
:104AAC000369194201D1002070470120704712B9E7
:104ABC0009048161704781617047000008B5054B9E
:104ACC005B69034200D108BD024B586104F08AFDBA
:104ADC00F9E700BF0004014090F83E30DBB2402BF8
:104AEC0013D00369B3F5804F1ED0036D002B2DD06E
:104AFC00036D012B33D10268436CC3F3C81303F06D
:104B0C00060343F0F103136129E0036D2BB902682E
:104B1C00436C03F0FE03136121E00268436C43F025
:104B2C000103DBB213611AE090F83D30DBB2212BAC
:104B3C0006D00268436C43F00103DBB213610EE054
:104B4C000268436C03F0FE03136108E00268436CD7
:104B5C00C3F3C81303F0060343F0F0031361002002
:104B6C0070470268436CDBB21361002070478AB057
:104B7C0090F83D30DBB2222B0AD000230993036856
:104B8C005A6909929B690993099B00200AB07047E6
:104B9C00036D23B990F83E30DBB2402B17D0036D78
:104BAC001BB90369B3F5404F1AD0438D9BB2002B50
:104BBC0026D1029303685A6902929A690292029A68
:104BCC001A6842F400721A6000230365DDE70023C3
:104BDC00009303685A6900929B690093009BD4E789
:104BEC000023019303685A6901929A690192019A10
:104BFC001A6842F480721A60036D01330365C4E7CE
:104C0C00438D9BB2012B1AD0438D9BB2022B6FD0DC
:104C1C000268136843F48063136003685A6812F4E3
:104C2C00006F03D05A6842F480525A6000230893F4
:104C3C0003685A6908929B690893089BC4E7C36A86
:104C4C0013F5803F19D0C36A042B3FD0C36A082BDD
:104C5C003CD0036B122B39D0C36A022B30D00268C4
:104C6C00136823F4806313600023059303685A6967
:104C7C0005929B690593059BA6E70268136823F4CC
:104C8C008063136003685A6812F4006F0CD01A68C2
:104C9C0022F480621A600023039303685A6903921A
:104CAC009B690393039B8FE7002204925A69049239
:104CBC009A690492049A1A6842F400721A6083E7A3
:104CCC000268136843F480631360CDE702681368CD
:104CDC0023F4806313600023069303685A690692D9
:104CEC009A690692069A1A6842F400721A606BE787
:104CFC00C36A022B1BD00268136823F48063136011
:104D0C000268136843F40063136003685A6812F472
:104D1C00006F03D05A6842F480525A600023079304
:104D2C0003685A6907929B690793079B4CE70268D3
:104D3C00136843F480631360E7E7438D9BB253B170
:104D4C000268436A591C41621B781361438D9BB204
:104D5C00013B9BB2438500207047438D9BB253B1FE
:104D6C00436A5A1C4262026812691A70438D9BB2E4
:104D7C00013B9BB24385002070477047002800F030
:104D8C00A28070B5044690F83D30002B61D001F044
:104D9C0099FC4F4B984240F29880242384F83D3084
:104DAC002268136823F0010313604A4BA3FB002312
:104DBC009A0C21684B6823F03F0313434B60256822
:104DCC00296A21F03F016668434B9E4246D8531C2A
:104DDC000B432B622568EA6922F44F4222F0FF0252
:104DEC0063683D498B4243D85B00B0FBF3F0C0F3E2
:104DFC000B03032B00D804201043E86121680B68D7
:104E0C0023F0C003E269206A024313430B6021685C
:104E1C008B6823F4034323F0FF032269E068024309
:104E2C0013438B602168CB6823F0FF036269A06990
:104E3C0002431343CB602268136843F001031360F1
:104E4C0000202064202384F83D30206384F83E0049
:104E5C0070BD80F83C30FFF790FF98E74FF49673E5
:104E6C0003FB02F31D4AA2FB03239B090133AFE7AB
:104E7C00A6688EB903EB4301B0FBF1F1C1F30B0152
:104E8C00B1FA81F14909E1B996B903EB4303B0FBDF
:104E9C00F3F040F40040AFE703EB830101EB810139
:104EAC00B0FBF1F1C1F30B01B1FA81F14909EAE769
:104EBC0003EB830303EB8303B0FBF3F343F44040B6
:104ECC009AE7012098E701207047012070BD00BFD0
:104EDC007F841E0083DE1B43A0860100D34D62102D
:104EEC0030B482B00024019490F83D40E4B2202C00
:104EFC0003D0022002B030BC7047294C2468E4086F
:104F0C00284DA5FB0454240A04EB840404EB84040C
:104F1C000194019C651E0195002C35D00468A5698F
:104F2C0015F0020FF5D190F83C50012D35D001252C
:104F3C0080F83C50256815F0010F03D1256845F029
:104F4C000105256005682C6824F400642C6021247C
:104F5C0080F83D40102480F83E40002404644262F6
:104F6C004385114BC362438D03854164026813680A
:104F7C0043F48073136080F83C400268536843F438
:104F8C00E06353602046B5E700230363202280F8DA
:104F9C003D2080F83C300320ACE70220AAE700BF9C
:104FAC001800002089B5F8140000FFFF30B482B05F
:104FBC000024019490F83D40E4B2202C03D0022050
:104FCC0002B030BC70472B4C2468E4082A4DA5FB7A
:104FDC000454240A04EB840404EB84040194019C1F
:104FEC00651E0195002C3AD00468A56915F0020FD6
:104FFC00F5D190F83C50012D3AD0012580F83C5069
:10500C00256815F0010F03D1256845F001052560D1
:10501C0005682C6824F400642C60222480F83D4040
:10502C00102480F83E400024046442624385134BF4
:10503C00C362438D038541640268136843F4806343
:10504C0013600268136843F48073136080F83C406B
:10505C000268536843F4E06353602046B0E70023D2
:10506C000363202280F83D2080F83C300320A7E722
:10507C000220A5E71800002089B5F8140000FFFFF6
:10508C0030B482B090F83D40E4B2282C03D002201A
:10509C0002B030BC7047002932D0002A32D090F8D0
:1050AC003C40012C30D0012480F83C400468256839
:1050BC0015F0010F03D1256845F001052560056841
:1050CC002C6824F400642C60292480F83D402024B2
:1050DC0080F83E400024046441624285C362438DE3
:1050EC000385019403685A6901929A690192019AA5
:1050FC0080F83C405A6842F4E0625A602046C7E7A8
:10510C000120C5E70120C3E70220C1E730B482B01B
:10511C0090F83D40E4B2282C03D0022002B030BC01
:10512C007047002932D0002A32D090F83C40012C34
:10513C0030D0012480F83C400468256815F0010F3C
:10514C0003D1256845F00105256005682C6824F419
:10515C0000642C602A2480F83D40202480F83E40D6
:10516C000024046441624285C362438D038501942B
:10517C0003685A6901929A690192019A80F83C403D
:10518C005A6842F4E0625A602046C7E70120C5E73E
:10519C000120C3E70220C1E790F83D30DBB2202BA1
:1051AC0001D002207047282380F83D3003681A682C
:1051BC0012F0010F03D11A6842F001021A60026862
:1051CC00136843F4806313600268536843F44073BC
:1051DC0053600020704770477047704708B5438D87
:1051EC009BB293B10268436A591C41621B781361EC
:1051FC00438D9BB2013B9BB24385438D9BB223B93C
:10520C0090F83D30DBB2292B01D0002008BD02689C
:10521C00536823F48063536021230363282380F8AD
:10522C003D30FFF7DAFFF0E7704708B5438D9BB2CE
:10523C0093B1436A5A1C4262026812691A70438D18
:10524C009BB2013B9BB24385438D9BB223B990F833
:10525C003D30DBB22A2B01D0002008BD0268536818
:10526C0023F48063536022230363282380F83D30AA
:10527C00FFF7DAFFF0E708B503689A6912F0040F3C
:10528C0009D000219B6913F0800F06D0028B03F02C
:10529C00C1F9002008BD0121F4E78289F7E700007D
:1052AC0008B5C36A042B0DD0C36A082B0AD090F83A
:1052BC003D30DBB2212B24D003686FF480625A613D
:1052CC00002008BD90F83D30DBB2282BEFD11A4BF3
:1052DC00C3620268536823F4E063536003686FF49D
:1052EC0080625A610268136823F4806313600023A0
:1052FC000363202280F83D2080F83E3003F0B2F9A1
:10530C00DEE70D4BC36221230363202380F83D307D
:10531C00002380F83E300268536823F4E063536046
:10532C0003686FF480625A610268136823F4806327
:10533C001360FFF752FFC3E70000FFFF704708B58B
:10534C00038D23B990F83D30DBB2212B0BD090F8B4
:10535C003D30DBB2212B45D090F83E30DBB2402BF8
:10536C003BD0002008BDC36A042B06D0C36A082BAF
:10537C0003D0C36A13F5803F19D10268536823F434
:10538C00E06353600268136843F4007313600023F6
:10539C000363202380F83D3090F83E30DBB2402B85
:1053AC0015D0002380F83E30FFF715FFD9E70268CF
:1053BC00536823F4E063536011230363002380F8E4
:1053CC003E30202380F83D30FFF705FFC9E700236E
:1053DC0080F83E30FFF7B2FFC3E790F83D30DBB208
:1053EC00222BBED1438D9BB25BB10268436A591C20
:1053FC0041621B781361438D9BB2013B9BB2438589
:10540C00AFE70268536823F480635360A9E708B5DB
:10541C0090F83D30DBB2212B01D0002008BD438D2C
:10542C009BB21BBBC36A042B06D0C36A082B03D0E8
:10543C00C36A13F5803F25D10268536823F4E063F7
:10544C0053600268136843F4007313600023036312
:10545C00202380F83D3090F83E30DBB2402B21D039
:10546C00002380F83E30FFF7B6FED6E70268436AA9
:10547C00591C41621B781361438D9BB2013B9BB25B
:10548C004385CAE70268536823F4E0635360112331
:10549C000363002380F83E30202380F83D30FFF773
:1054AC009AFEBAE7002380F83E30FFF747FFB4E7D7
:1054BC00704708B590F83D30DBB2222B01D00020AC
:1054CC0008BD438D9BB2032B2FD8438D9BB2022B6F
:1054DC0037D0438D9BB2032B33D0C36A022B49D0F8
:1054EC000268136823F4806313600268536823F422
:1054FC00E0635360436A5A1C4262026812691A7074
:10550C00438D9BB2013B9BB24385202380F83D30F9
:10551C0090F83E30DBB2402B32D0122303630023D1
:10552C0080F83E30FFF758FEC9E7436A5A1C4262C6
:10553C00026812691A70438D9BB2013B9BB2438582
:10554C00BDE7C36A022B0FD00268136823F4806393
:10555C0013600268136843F40063136002685368B5
:10556C0023F480635360AAE70268136843F48063F2
:10557C001360F3E70268136843F480631360B4E7C5
:10558C000023036380F83E30FFF792FF97E708B5DE
:10559C00438D9BB2032B10D0438D9BB2022B27D093
:1055AC00436A5A1C4262026812691A70438D9BB29C
:1055BC00013B9BB24385002008BDC36A042B06D077
:1055CC00C36A082B03D0C36A13F5803F04D1026869
:1055DC00136823F480631360436A5A1C42620268A6
:1055EC0012691A70438D9BB2013B9BB24385E2E773
:1055FC00C36A042B15D0C36A082B12D0C36A13F5E7
:10560C00803F0ED0C36A022B05D00268136823F4C6
:10561C00806313600AE00268136843F480631360CC
:10562C0004E00268136843F400731360436A5A1C65
:10563C004262026812691A70438D9BB2013B9BB2A5
:10564C004385436A5A1C4262026812691A70438D80
:10565C009BB2013B9BB243850268536823F44073B1
:10566C005360202380F83D3090F83E30DBB2402B65
:10567C0007D012230363002380F83E30FFF7ACFD04
:10568C0099E70023036380F83E30FFF711FF92E7A0
:10569C007047000010B5044690F83D30293B012BB3
:1056AC0037D990F83D30DBB2602B07D003685B68CC
:1056BC0013F4006F02D1202380F83D3000232363C4
:1056CC0084F83E302268136823F400631360236867
:1056DC005A6812F4006F3FD05A6822F400625A6084
:1056EC00626B92F82130DBB2012B18D03A4B53632A
:1056FC00606BFFF7CEF800283FD02268136823F0C8
:10570C0001031360202384F83D30606B436B984792
:10571C0033E000230363282380F83D30D2E7A36BEA
:10572C002D4A5A63A06BFFF7B4F830B323685A695B
:10573C0012F0400F04D0626A511C61621B69137035
:10574C002268136823F001031360202384F83D3092
:10575C00A06B436B984710E094F83D20D2B2602ABE
:10576C0011D05A6912F0400F04D0626A511C616268
:10577C001B691370204602F08DFF94F83D30DBB2AC
:10578C00282B17D010BD202284F83D200022226443
:10579C005A6912F0400F04D0626A511C61621B6995
:1057AC0013702268136823F0010313602046FFF77F
:1057BC006FFFE2E7236C13F0040FE3D0074BE362B7
:1057CC0000232363202284F83D2084F83E302046B9
:1057DC0002F048FFD6E700BF555B00080000FFFF52
:1057EC0000B583B00268536823F4E0635360002370
:1057FC00019303685A6901921A6842F001021A6017
:10580C00019B0268136823F4806313600268536879
:10581C0013F4006F0ED090F83D30DBB2222B50D039
:10582C0090F83D30DBB22A2B4BD0436B1B685B6886
:10583C009BB24385438D9BB203B3536913F0040FA2
:10584C0009D0436A591C416212691A70438D9BB28C
:10585C00013B9BB2438503685A6912F0400F09D093
:10586C00426A511C41621B691370438D9BB2013B10
:10587C009BB24385036C43F004030364036C33BB9A
:10588C0090F83D30DBB2282B24D090F83D30DBB2C1
:10589C002A2B1FD090F83D30DBB2292B1AD0036B8A
:1058AC00222B04D090F83D30DBB2222B1DD10023EB
:1058BC000363202280F83D2080F83E30FFF7B4FCD3
:1058CC0013E0836B1B685B689BB24385B2E7FFF701
:1058DC00E1FE0AE0074BC36200230363202280F839
:1058EC003D2080F83E3002F0BDFE002003B05DF894
:1058FC0004FB00BF0000FFFFF8B5054603689F6975
:10590C005C695E6890F83E30DBB2102B29D090F8C1
:10591C003E30DBB2402B24D04C4B234013B116F459
:10592C00007F70D14A4B234013B116F4007F6DD128
:10593C00484B3B40002B71D0474B234033B116F4FE
:10594C00806F03D0454B2340002B63D0434B234047
:10595C00002B4FD016F4007F4CD02846FFF7EDF902
:10596C00F8BD14F0011F02D016F4007F23D13C4B7C
:10597C00234013B116F4007F21D1344B234013B1D3
:10598C0016F4007F1FD12B6D2BBB324B3B4013B356
:10599C00314B23402BB116F4806F02D02F4B234098
:1059AC00ABB12E4B23402BB316F4007F22D02846EC
:1059BC00FFF72DFDF8BD2846FFF78EF8E3E72846E4
:1059CC00FFF7CFF8DFE72846FFF7D1F8DBE72846EB
:1059DC00FFF7B5FCF8BD234B23402BB116F4806FB9
:1059EC0002D01E4B234033B11C4B234013B116F491
:1059FC00007F04D1F8BD2846FFF75BFDF8BD2846B3
:105A0C00FFF7C5FDF8BDFFF736FCF8BD2846FFF7DC
:105A1C00E7FEF8BD2846FFF7E1FBF8BD114B23402C
:105A2C002BB116F4806F02D00C4B234053B10B4BAF
:105A3C002340002BDED016F4007FDBD02846FFF786
:105A4C008CF9D7E72846FFF7F0FBF8BD0200010000
:105A5C00100001000400020080000100040001009D
:105A6C00080001004000010070B5044603685D6940
:105A7C005E68344A154209D016F4807F06D0026C59
:105A8C0042F0010202646FF480725A6115F4813F96
:105A9C000AD016F4807F07D0236C43F002032364F2
:105AAC0023686FF400725A6115F4823F14D016F417
:105ABC00807F11D094F83E30DBB2202B1DD0236CAC
:105ACC0043F00403236494F83E30DBB2102B2ED049
:105ADC0023686FF480625A6115F4843F0AD016F47F
:105AEC00807F07D0236C43F00803236423686FF492
:105AFC0000625A61236C03BB70BD638D9BB2002B9B
:105B0C00DDD194F83D30DBB2212B0CD094F83D3034
:105B1C00DBB2292B07D094F83D30DBB2282BCED149
:105B2C00236B212BCBD12046FFF7BAFBD4E722689D
:105B3C00136843F400731360CAE72046FFF7AAFD0D
:105B4C00DAE700BF0001010008B5406A026813687B
:105B5C0023F48063136000234385426B5363826B91
:105B6C00536390F83D30DBB2602B0DD0202380F8CE
:105B7C003D30002380F83E300268136823F00103A7
:105B8C00136002F087FD08BD202380F83D30002310
:105B9C0080F83E3003640268136823F0010313603D
:105BAC00FFF776FD08BD90F83D007047006C70471C
:105BBC0082B0224B9B6813F0F00F25D11F4B5B6A10
:105BCC0013F0805F08D01E4B1B6803F4C053B3F571
:105BDC00C05F14D0002118E0184A536A43F0805378
:105BEC005362536A03F080530193019B144B1B685F
:105BFC0003F4C053516A21F080515162E7E7B0F5CC
:105C0C00404F11D0002100E0002179B90D4A1368F2
:105C1C0023F001030B431360136803F00103994253
:105C2C000AD0012002B070470121EEE7054A136843
:105C3C0043F004031360E9E70020F3E70038024067
:105C4C0000700040003C024070B582B0044603680E
:105C5C0013F0010F58D0744B9B6803F00C03082B06
:105C6C003BD0714B9B6803F00C030C2B30D063685A
:105C7C00012B00F08580002B40F088806A4B1A685D
:105C8C0022F480321A601A6822F480221A60636847
:105C9C00002B00F09180FEF765F905464FF40033B8
:105CAC0093FAA3F3604B19684FF4003393FAA3F300
:105CBC00B3FA83F303F01F03012202FA03F3194230
:105CCC0022D1FEF74FF9401B6428E7D9032078E373
:105CDC00554B9B6813F4803FC9D04FF4003393FAB3
:105CEC00A3F3514B19684FF4003393FAA3F3B3FAAF
:105CFC0083F303F01F03012202FA03F3194203D0CA
:105D0C006368002B00F05683236813F0020F00F039
:105D1C009C80454B9B6803F00C03042B6ED0424BCC
:105D2C009B6803F00C030C2B63D0E368002B00F092
:105D3C002A81012292FAA2F3B3FA83F303F184537A
:105D4C0003F58E139B001A60FEF70CF9054602232F
:105D5C0093FAA3F3344B1968022393FAA3F3B3FA1F
:105D6C0083F303F01F03012202FA03F3194240F0FC
:105D7C00FA80FEF7F7F8401B0228E8D9032020E34D
:105D8C00294A136843F48033136080E7052B09D04C
:105D9C00254B1A6822F480321A601A6822F4802289
:105DAC001A6074E7204B1A6842F480221A601A6851
:105DBC0042F480321A606AE7FEF7D4F805464FF4D5
:105DCC00003393FAA3F3184B19684FF4003393FA8A
:105DDC00A3F3B3FA83F303F01F03012202FA03F3D4
:105DEC00194291D0FEF7BEF8401B6428E7D9032076
:105DFC00E7E20D4B9B6813F4803F96D1022393FA94
:105E0C00A3F3094B1968022393FAA3F3B3FA83F3B0
:105E1C0003F01F03012202FA03F3194206D0E368D0
:105E2C00934203D00120CCE200380240C1484368C1
:105E3C0023F4F85321694FF4F85292FAA2F2B2FA11
:105E4C0082F201FA02F213434360236813F0100F3D
:105E5C005CD0B84B9B6813F00C0F40F0D8804FF41B
:105E6C00007393FAA3F3B34B19684FF4007393FACE
:105E7C00A3F3B3FA83F303F01F03012202FA03F333
:105E8C00194203D0A369002B00F09682206AA94B1B
:105E9C005B6803F46043984240F29D80FFF788FEF4
:105EAC00002840F08B82A3494B6823F46043226A9C
:105EBC0013434B604B6823F07F43E0694FF07F4204
:105ECC0092FAA2F2B2FA82F200FA02F213434B6097
:105EDC00236A4FF4604292FAA2F2B2FA82F2D340F1
:105EEC005A1C4FF400439340924A926802F0F0021D
:105EFC00F02191FAA1F1B1FA81F1CA408E498A5C84
:105F0C00D3408E4A13600F20FDF7F8FF236813F07F
:105F1C00080F00F017816369002B00F0E680012167
:105F2C0091FAA1F2B2FA82F2854B13449B001960EC
:105F3C00FEF718F80546022393FAA3F27D4A516B3B
:105F4C0093FAA3F3B3FA83F303F01F03012202FACB
:105F5C0003F3194240F0F680FEF704F8401B0228C8
:105F6C00E9D903202DE27348436823F4F8532169DF
:105F7C004FF4F85292FAA2F2B2FA82F201FA02F259
:105F8C001343436061E7012393FAA3F3B3FA83F35A
:105F9C0003F1845303F58E139B0000221A60FDF766
:105FAC00E1FF0546022393FAA3F3624B196802231F
:105FBC0093FAA3F3B3FA83F303F01F03012202FA5B
:105FCC0003F319423FF441AFFDF7CCFF401B02280D
:105FDC00E8D90320F5E157494B6823F46043184393
:105FEC0048604B6823F07F43E0694FF07F4292FAA0
:105FFC00A2F2B2FA82F200FA02F213434B60206A68
:10600C00FFF7D6FD00283FF463AF0120D9E1A36967
:10601C00002B3FD04FF4807393FAA3F3B3FA83F3BE
:10602C0003F1845303F58E139B0001221A60FDF7D4
:10603C0099FF05464FF4007393FAA3F33D4B19688F
:10604C004FF4007393FAA3F3B3FA83F303F01F0333
:10605C00012202FA03F3194206D1FDF783FF401B1C
:10606C000228E7D90320ACE132494B6823F46043A2
:10607C00226A13434B604B6823F07F43E0694FF077
:10608C007F4292FAA2F2B2FA82F200FA02F21343BF
:10609C004B603BE74FF4807393FAA3F3B3FA83F3AB
:1060AC0003F1845303F58E139B0000221A60FDF755
:1060BC0059FF05464FF4007393FAA3F31D4B19686F
:1060CC004FF4007393FAA3F3B3FA83F303F01F03B3
:1060DC00012202FA03F319423FF418AFFDF742FF15
:1060EC00401B0228E6D903206BE1012292FAA2F2AE
:1060FC00B2FA82F2124B13449B0000221A60FDF795
:10610C0031FF0546022393FAA3F20A4A516B93FA24
:10611C00A3F3B3FA83F303F01F03012202FA03F390
:10612C0019420FD0FDF71EFF401B0228EAD90320AD
:10613C0047E100BF00380240A8AE0008180000205C
:10614C00A0C19110236813F0040F00F093809F4BB3
:10615C005B6A13F0805F3DD19C4B5A6A42F08052CF
:10616C005A625B6A03F080530193019B0125984BA3
:10617C001B6813F4807F2FD0A368012B40D0002B19
:10618C0044D1924B5A6B22F480725A635A6B22F4AC
:10619C0080625A63A368002B4ED0FDF7E3FE0646DF
:1061AC004FF4007393FAA3F2884A516B93FAA3F35A
:1061BC00B3FA83F303F01F03012202FA03F319422B
:1061CC0057D1FDF7CFFE801B41F288339842E7D9B7
:1061DC000320F6E00025CAE77D4A136843F4807378
:1061EC001360FDF7BFFE0646794B1B6813F4807FE6
:1061FC00C2D1FDF7B7FE801B6428F5D90320E0E07F
:10620C00724A536B43F480735363C3E7052B09D075
:10621C006E4B5A6B22F480725A635A6B22F4806272
:10622C005A63B7E7694B5A6B42F480625A635A6BF4
:10623C0042F480725A63ADE7FDF794FE06464FF4C4
:10624C00007393FAA3F2614A516B93FAA3F3B3FA76
:10625C0083F303F01F03012202FA03F3194208D05F
:10626C00FDF780FE801B41F288339842E7D903206A
:10627C00A7E0B5BB636A002B00F0A280534A92687A
:10628C0002F00C020C2A00F09E80022B2FD04FF053
:10629C00807393FAA3F3B3FA83F303F1845303F5F6
:1062AC008E139B0000221A60FDF75CFE04464FF033
:1062BC00007393FAA3F3454B19684FF0007393FAEC
:1062CC00A3F3B3FA83F303F01F03012202FA03F3DF
:1062DC0019426DD0FDF746FE001B0228E7D90320BA
:1062EC006FE03A4A536A23F080535362C2E74FF08F
:1062FC00807393FAA3F3B3FA83F303F1845303F596
:10630C008E139B0000221A60FDF72CFE05464FF001
:10631C00007393FAA3F32D4B19684FF0007393FAA3
:10632C00A3F3B3FA83F303F01F03012202FA03F37E
:10633C00194206D0FDF716FE401B0228E7D90320B0
:10634C003FE022498B6823F47D03A26AE06A024392
:10635C00206B024313438B604FF0807393FAA3F3CB
:10636C00B3FA83F303F1845303F58E139B000122DC
:10637C001A60FDF7F7FD04464FF0007393FAA3F390
:10638C00124B19684FF0007393FAA3F3B3FA83F32B
:10639C0003F01F03012202FA03F3194206D1FDF7A1
:1063AC00E1FD001B0228E7D903200AE0002008E0E9
:1063BC00002006E0012004E0012002E0012000E0C2
:1063CC00002002B070BD0120FBE700BF0038024086
:1063DC0000700040224B986800F00C02082A3CD058
:1063EC000C2A13D0042A0FD01D4B586800F46040BF
:1063FC004FF4604393FAA3F3B3FA83F3D840431CEE
:10640C004FF40040984070471648704700F47011E4
:10641C004FF4701292FAA2F2B2FA82F221FA02F25C
:10642C0011498A5C00F440004FF4400393FAA3F343
:10643C00B3FA83F3D8400130094B9B6813F4803FC7
:10644C0005D00A4B03FB02F3B3FBF0F07047054B8E
:10645C0003FB02F3B3FBF0F070470448704700BF36
:10646C00003802400024F400C0AE000800127A008C
:10647C008D4B1B6803F001038B4214D201290CD005
:10648C00894A136823F001030B431360136803F06C
:10649C000103994207D001207047834A136843F0E7
:1064AC0004031360ECE770B5036813F0020F06D019
:1064BC007E4A936823F0F0038468234393600C4670
:1064CC000546036813F0010F00F0A3804368022B0C
:1064DC0035D0032B48D0012B5BD04FF4007292FACD
:1064EC00A2F2724A10684FF4007292FAA2F2B2FA57
:1064FC0082F202F01F02012101FA02F2104200F0B6
:10650C00D0806A498A6822F0030213438B60FDF73E
:10651C0029FD06466B68022B4ED0032B5BD0012B5A
:10652C0068D0624B9B6813F00C0F72D0FDF71AFD0C
:10653C00801B41F288339842F3D9032070BD4FF48D
:10654C00003292FAA2F2594A10684FF4003292FAD1
:10655C00A2F2B2FA82F202F01F02012101FA02F257
:10656C001042CED1012070BD4FF0007292FAA2F20F
:10657C004E4A10684FF0007292FAA2F2B2FA82F20E
:10658C0002F01F02012101FA02F21042B9D10120DE
:10659C0070BD022292FAA2F2444A1068022292FAC8
:1065AC00A2F2B2FA82F202F01F02012101FA02F207
:1065BC001042A6D1012070BD3C4B9B6803F00C032C
:1065CC00082B26D0FDF7CEFC801B41F28833984275
:1065DC00F2D9032070BD354B9B6803F00C030C2BD8
:1065EC0017D0FDF7BFFC801B41F288339842F2D9DB
:1065FC00032070BD2D4B9B6803F00C03042B08D0BB
:10660C00FDF7B0FC801B41F288339842F2D903208D
:10661C0070BD254B1B6803F001039C4214D2012C66
:10662C000CD0214A136823F0010323431360136831
:10663C0003F001039C4207D0012070BD1A4A136875
:10664C0043F004031360ECE72B6813F0040F06D03F
:10665C00164A936823F4E063E9680B4393602B6854
:10666C0013F0080F07D0114A936823F4605329697B
:10667C0043EAC1039360FFF7ADFE0C4B9B6803F03C
:10668C00F003F02292FAA2F2B2FA82F2D340084A54
:10669C00D35CD840074B18600F20FDF72FFC00206F
:1066AC0070BD012070BD00BF003C024000380240AC
:1066BC00A8AE000818000020014B1868704700BFF6
:1066CC001800002008B5FFF7F7FF074B9B6803F491
:1066DC00E0634FF4E06292FAA2F2B2FA82F2D34093
:1066EC00024AD35CD84008BD00380240B8AE00085E
:1066FC0008B5FFF7E1FF074B9B6803F460534FF4B9
:10670C00605292FAA2F2B2FA82F2D340024AD35CFD
:10671C00D84008BD00380240B8AE00080F23036013
:10672C000B4B9A6802F0030242609A6802F0F00286
:10673C0082609A6802F4E062C2609B68DB0803F432
:10674C00E0630361034B1B6803F001030B607047AC
:10675C0000380240003C024010B5044603689A68B9
:10676C0012F4805F03D0DB6813F4807F0FD12368B1
:10677C009A6812F4005F03D0DB6813F4007F0FD12A
:10678C004FF400320B4B5A610123637710BD01F0BB
:10679C008FFA2268D368DBB263F4C073D360E6E788
:1067AC00204600F009F82268D368DBB263F420734A
:1067BC00D360E5E700040140704700000368B0F1C6
:1067CC00804F0ED01C4A90420BD002F58062904252
:1067DC0007D002F58062904203D002F57C429042D1
:1067EC0003D123F070034A681343B0F1804F16D0E5
:1067FC00114A904213D002F5806290420FD002F5FC
:10680C00806290420BD002F57C42904207D002F598
:10681C008062904203D002F58062904203D123F44F
:10682C004073CA68134303608B68C3620B6883624E
:10683C0001234361704700BF0004004030B4036A79
:10684C0023F001030362036A4468826922F0730235
:10685C000D682A4323F002038D682B434460826148
:10686C004A684263036230BC704730B4036A23F059
:10687C0010030362036A4468826922F4E6420D68DD
:10688C0042EA052223F020038D6843EA0513446095
:10689C0082614A688263036230BC704730B4036A19
:1068AC0023F480730362036A4468C26922F07302A2
:1068BC000D682A4323F400738D6843EA0523446072
:1068CC00C2614A68C263036230BC704730B4036A69
:1068DC0023F480530362036A4468C26922F4E642DB
:1068EC000D6842EA052223F400538D6843EA053310
:1068FC004460C2614A680264036230BC704710B4E1
:10690C00012303FA01F4036A23EA04030362036A12
:10691C008A401343036210BC7047A8B110B50446FB
:10692C0090F835305BB1022384F83530211D206896
:10693C00FFF744FF012384F83530002010BD80F8A8
:10694C00343001F02BFCEEE70120704710B5044603
:10695C00022380F835300368196A41F21112114292
:10696C0003D11A6822F001021A60204601F01AFCC9
:10697C00002084F8350084F8340010BD10B50446AE
:10698C000C290DD8DFE801F0070C0C0C170C0C0CC3
:10699C001D0C0C0C23000268D36843F00203D36077
:1069AC0001222068FFF7ABFF2268136843F0010354
:1069BC001360002010BD0268D36843F00403D36059
:1069CC00EEE70268D36843F00803D360E8E7026897
:1069DC00D36843F01003D360E2E710B504460C29EA
:1069EC000DD8DFE801F0070C0C0C1C0C0C0C220C65
:1069FC000C0C28000268D36823F00203D360002239
:106A0C002068FFF77CFF2368196A41F211121142CA
:106A1C0003D11A6822F001021A60002010BD02682E
:106A2C00D36823F00403D360E9E70268D36823F04A
:106A3C000803D360E3E70268D36823F01003D36044
:106A4C00DDE7A8B110B5044690F835305BB10223F0
:106A5C0084F83530211D2068FFF7B0FE012384F83F
:106A6C003530002010BD80F8343000F0E3FFEEE745
:106A7C000120704710B50446022380F835300368B6
:106A8C00196A41F21112114203D11A6822F0010263
:106A9C001A60204600F0FAFF002084F8350084F8D4
:106AAC00340010BD10B5044601220068FFF727FF23
:106ABC002268136843F001031360002010BD10B569
:106ACC00044600220068FFF71AFF2368196A41F296
:106ADC001112114203D11A6822F001021A6001232B
:106AEC0084F83530002010BD90F83430012B28D0BC
:106AFC0010B50446012380F83430022380F8353079
:106B0C000C2A0BD8DFE802F0070A0A0A110A0A0A53
:106B1C00150A0A0A19000068FFF790FE012384F891
:106B2C003530002084F8340010BD0068FFF79DFE5E
:106B3C00F4E70068FFF7B2FEF0E70068FFF7C6FE67
:106B4C00ECE70220704738B590F83430012B66D052
:106B5C000D460446012380F83430022380F835308A
:106B6C000C2A1AD8DFE802F007191919201919197B
:106B7C003419191947000068FFF760FE2268936901
:106B8C0043F0080393612268936923F00403936133
:106B9C0022689369E9680B439361012384F83530CB
:106BAC00002084F8340038BD0068FFF75EFE2268D0
:106BBC00936943F4006393612268936923F48063BF
:106BCC00936122689369E96843EA01239361E4E7DE
:106BDC000068FFF763FE2268D36943F00803D361B2
:106BEC002268D36923F00403D3612268D369E9686E
:106BFC000B43D361D1E70068FFF768FE2268D369C5
:106C0C0043F40063D3612268D36923F48063D361B6
:106C1C002268D369E96843EA0123D361BDE7022006
:106C2C0038BD70477047704710B5044603681A6941
:106C3C0012F0020F11D0DA6812F0020F0DD06FF0C3
:106C4C0002021A610123037503689B6913F0030F99
:106C5C005ED0FFF7E6FF0023237523681A6912F054
:106C6C00040F12D0DA6812F0040F0ED06FF0040289
:106C7C001A610223237523689B6913F4407F4DD05E
:106C8C002046FFF7CEFF0023237523681A6912F004
:106C9C00080F12D0DA6812F0080F0ED06FF008024D
:106CAC001A61042323752368DB6913F0030F3CD0AE
:106CBC002046FFF7B6FF0023237523681A6912F0EC
:106CCC00100F12D0DA6812F0100F0ED06FF0100205
:106CDC001A61082323752368DB6913F4407F2BD0DA
:106CEC002046FFF79EFF0023237523681A6912F0D4
:106CFC00010F03D0DA6812F0010F24D123681A694E
:106D0C0012F0400F03D0DA6812F0400F22D110BD00
:106D1C0001F04EFA2046FFF785FF9CE7204601F074
:106D2C0047FA2046FFF77EFFADE7204601F040FA18
:106D3C002046FFF777FFBEE7204601F039FA2046E0
:106D4C00FFF770FFCFE76FF001021A61204601F0E8
:106D5C003CFAD3E76FF040021A612046FFF763FF5D
:106D6C00D5E790F83930DBB2122B03D0322B01D09F
:106D7C00022070478368B3F5805F16D00268036AFF
:106D8C00591C01621B785360C38C013B9BB2C384BA
:106D9C00DBB90268D36823F08003D3600268D36840
:106DAC0043F04003D36000207047036A02681B88DD
:106DBC00C3F30803536003691BB9036A023303620C
:106DCC00E2E7036A01330362DEE70020704700004C
:106DDC002DE9F04705460268136923F44053C16856
:106DEC000B43136183680269134342691343C269FD
:106DFC0013430168CA6822F4164222F00C021343B2
:106E0C00CB600268536923F4407381690B4353616F
:106E1C00C369B3F5004F5DD0D0F80080B44B9845F2
:106E2C0000F00D81FFF74EFC00EB800000EB8000C2
:106E3C006C68A400B0FBF4F4AE4FA7FB04346409F7
:106E4C002601FFF73FFC00EB800000EB80006C6834
:106E5C00A400B0FBF4FAFFF735FC00EB800000EB6C
:106E6C0080006C68A400B0FBF4F4A7FB0434640944
:106E7C004FF0640909FB14A424013234A7FB043439
:106E8C00640904F0F0043444FFF71CFC00EB8000B0
:106E9C0000EB80006E68B600B0FBF6F6FFF712FC54
:106EAC0000EB800000EB80006B689B00B0FBF3F004
:106EBC00A7FB0030400909FB10694FEA091909F1D9
:106ECC003209A7FB0937C7F343172744C8F80870E2
:106EDC00BDE8F087D0F80080854B984558D0FFF777
:106EEC00F1FB00EB800000EB80006C686400B0FBF1
:106EFC00F4F4804FA7FB043464092601FFF7E2FB8E
:106F0C0000EB800000EB80006C686400B0FBF4FACE
:106F1C00FFF7D8FB00EB800000EB80006C6864008E
:106F2C00B0FBF4F4A7FB043464094FF0640909FBCB
:106F3C0014A4E4003234A7FB04346409640004F4A0
:106F4C00F8743444FFF7BEFB00EB800000EB8000CC
:106F5C006E687600B0FBF6F6FFF7B4FB00EB800032
:106F6C0000EB80006B685B00B0FBF3F3A7FB032323
:106F7C005B0909FB13694FEAC90909F13209A7FB3F
:106F8C000937C7F342172744C8F80870BDE8F087E3
:106F9C00FFF7AEFB00EB800000EB80006C68640038
:106FAC00B0FBF4F4534FA7FB043464092601FFF73C
:106FBC009FFB00EB800000EB80006C686400B0FB72
:106FCC00F4FAFFF795FB00EB800000EB80006C6897
:106FDC006400B0FBF4F4A7FB043464094FF06409BB
:106FEC0009FB14A4E4003234A7FB043464096400E4
:106FFC0004F4F8743444FFF77BFB00EB800000EBE7
:10700C0080006B685B00B0FBF3F6FFF771FB00EBE5
:10701C00800000EB80006B685B00B0FBF3F3A7FB18
:10702C0003235B0909FB1363DB003233A7FB033734
:10703C00C7F342173C44C8F80840BDE8F087FFF797
:10704C0057FB00EB800000EB80006C68A400B0FBE9
:10705C00F4F4284FA7FB043464092601FFF748FB1E
:10706C0000EB800000EB80006C68A400B0FBF4FA2D
:10707C00FFF73EFB00EB800000EB80006C68A40087
:10708C00B0FBF4F4A7FB043464094FF0640909FB6A
:10709C0014A424013234A7FB0434640904F0F00472
:1070AC003444FFF725FB00EB800000EB80006E689A
:1070BC00B600B0FBF6F6FFF71BFB00EB800000EB15
:1070CC0080006B689B00B0FBF3F3A7FB03235B0909
:1070DC0009FB13694FEA091909F13209A7FB0937B2
:1070EC00C7F343172744C8F80870BDE8F08700BF02
:1070FC00003801401F85EB512DE9F04105460E4645
:10710C0090461C46FCF72EFF0746B8F1000F2AD01C
:10711C002B681B6836EA030353D1B4F1FF3FF7D059
:10712C0024B1FCF71FFFC01B8442F1D22A68D3683C
:10713C0023F08003D3602A68D36823F02003D36044
:10714C002A68D36823F48073D3602A68536923F0C8
:10715C0001035361012385F83930002385F8383059
:10716C000320BDE8F0812B681B6836EA030325D0A9
:10717C00B4F1FF3FF7D024B1FCF7F4FEC01B8442FE
:10718C00F1D22A68D36823F08003D3602A68D368CD
:10719C0023F02003D3602A68D36823F48073D36070
:1071AC002A68536923F001035361012385F83930B0
:1071BC00002385F838300320BDE8F0810020BDE8BD
:1071CC00F0810020BDE8F081704748B310B504464B
:1071DC0090F83930FBB1022384F839302268D36837
:1071EC0023F40053D3602046FFF7F2FD22681369A5
:1071FC0023F4904313612268536923F02A035361EB
:10720C002268D36843F40053D3600020E063012369
:10721C0084F8393010BD80F83830FFF7D5FFDAE745
:10722C000120704770B504460D461E4690F8393063
:10723C00DBB2012B04D0222B02D00223184670BDE6
:10724C00002D59D0002A59D094F83830012B57D042
:10725C00012384F838300023E36394F83930DBB22F
:10726C00222B05D0122384F83930A284E28413E057
:10727C00322384F83930F8E7334600228021204647
:10728C00FFF73AFF00283DD122682B88C3F308038F
:10729C0053602369A3B90235E38C9BB1013BE384B2
:1072AC00A368B3F5805FE7D03346002280212046E7
:1072BC00FFF722FF40BB23682A785A600135EBE7C1
:1072CC000135E9E73346002240212046FFF714FF41
:1072DC00034608B10323B1E794F83920D2B2322A1D
:1072EC0006D0012284F83920002284F83820A5E742
:1072FC00222284F83920F7E701239FE701239DE739
:10730C0002239BE7032399E7032397E790F839308F
:10731C00DBB2012B03D0222B01D00220704711B31A
:10732C001AB390F83830012B21D0012380F8383073
:10733C0001628284C2840023C36390F83930DBB2CB
:10734C00222B0CD0122380F83930002380F83830EF
:10735C000168CA6842F08002CA601846704732233E
:10736C0080F83930F1E70120704701207047022086
:10737C00704790F83930DBB2012B03D0122B01D0BF
:10738C000220704761B36AB390F83830012B2BD0D0
:10739C00012380F8383081628285C2850023C36363
:1073AC0090F83930DBB2122B16D0222380F839300A
:1073BC00002380F838300168CA6842F48072CA60D1
:1073CC0001684A6942F001024A610168CA6842F0E8
:1073DC002002CA6018467047322380F83930E7E73C
:1073EC0001207047012070470220704708B50268E1
:1073FC00D36823F04003D36090F83930DBB2322BE2
:10740C0006D0012380F8393001F0E4FB002008BDE0
:10741C00222380F83930F7E708B590F83930DBB221
:10742C00222B03D0322B01D0022008BD8368B3F588
:10743C00805F29D00369002B3AD1836A5A1C82627F
:10744C00026852681A70C38D013B9BB2C385002B36
:10745C003BD10268D36823F02003D36090F8393015
:10746C00DBB2322B2DD00268D36823F48073D36047
:10747C000268536923F001035361012380F839300A
:10748C0001F096FB002008BD836A026942B90268CC
:10749C005268C2F308021A80836A02338362D2E70D
:1074AC0002685268D2B21A80836A01338362CAE7D7
:1074BC00826A531C836203685B6803F07F0313705A
:1074CC00C1E7122380F83930DAE7002008BD10B587
:1074DC0082B0044603681968DA6811F0010F06D00F
:1074EC0002F480721AB1C26B42F00102C2631968D5
:1074FC005A6902F0010211F0020F04D01AB1E16BCB
:10750C0041F00401E163196811F0040F04D01AB1C1
:10751C00E16B41F00201E163196811F0080F04D02E
:10752C001AB1E26B42F00802E2631A68DB6803F0FE
:10753C00200312F0200F00D0ABB923681A68DB6867
:10754C0003F0800312F0800F00D083B923681A680F
:10755C00DB6803F0400312F0400F00D05BB9E36B23
:10756C006BB902B010BD2046FFF756FFE5E7204689
:10757C00FFF7F7FBEAE72046FFF738FFEFE7236852
:10758C001A6801925B680193019B012384F83930DE
:10759C00204601F045FBE4E790F839007047C0F352
:1075AC00031351F8233000F00F0023FA00F000F021
:1075BC000100704710B4C0F3031451F8243000F0EC
:1075CC000F00012202FA00F0034341F8243010BCF2
:1075DC00704710B4C0F3031451F8243000F00F00BE
:1075EC00012202FA00F023EA000341F8243010BC17
:1075FC0070470000072813D8DFE800F004140608D1
:10760C000A0C0E1008487047084870470848704725
:10761C000848704708487047084870470848704742
:10762C0000207047074870470000024000080240E5
:10763C00000C02400010024000180240001C0240E6
:10764C00001402400004024088B0072866D8DFE826
:10765C0000F004111D2935414D59314BDA6942F0C6
:10766C000102DA61DB6903F001030093009B2D48F2
:10767C0008B070472A4BDA6942F00202DA61DB6922
:10768C0003F002030193019B2748F1E7244BDA69CD
:10769C0042F00402DA61DB6903F004030293029BFB
:1076AC002248E5E71E4BDA6942F00802DA61DB6931
:1076BC0003F008030393039B1D48D9E7184BDA69C1
:1076CC0042F01002DA61DB6903F010030493049BAF
:1076DC001848CDE7124BDA6942F04002DA61DB69F7
:1076EC0003F040030593059B1348C1E70C4BDA6983
:1076FC0042F08002DA61DB6903F080030693069B9B
:10770C000E48B5E7064BDA6942F02002DA61DB6914
:10771C0003F020030793079B0948A9E70020A7E77C
:10772C000038024000000240000402400008024001
:10773C00000C02400010024000180240001C0240E5
:10774C000014024008B5054900F08CFAC0F3C430AF
:10775C00022801D0002008BD102008BDECAB0008A9
:10776C0008B5054900F07EFAC0F3C430431E102B57
:10777C0000D9002008BD00BF14AB000808B50949AA
:10778C0000F070FAC0F3C430032805D0042805D0EB
:10779C00022805D0002008BD082008BD0C2008BD1B
:1077AC00042008BD70AC000810B586B0104C94F9DC
:1077BC000000C0F30310FFF747FF0E4B5A6A42F06C
:1077CC0000525A625B6A03F000530093009B2378CB
:1077DC0003F00F02012393409BB201930323029306
:1077EC000023039301A9FDF77BF806B010BD00BF81
:1077FC001500002000380240F0B589B004460F4651
:10780C001646002303930493059306930793019361
:10781C000293194900F0FBF9039078B12046FFF769
:10782C0091FF054608B1102808D1012E08D03B461F
:10783C000022294603A8FDF716F8C0B109B0F0BD27
:10784C0003A8FCF7A2FF0028F8D10C4B1C7003A86E
:10785C00FCF789FF0028F1D10023019302932A46FB
:10786C0001A903A8FCF7DAFF0028E7D1DFE72946D6
:10787C0003A8FCF798FFE1E7ECAB0008150000202B
:10788C00024A536A23F00053536270470038024097
:10789C0010B586B004460A4900F0B9F9019030B130
:1078AC002046FFF74FFF014618B1102801D006B053
:1078BC0010BD01A8FCF7A5FF01A8FCF766FFF6E7D1
:1078CC00ECAB000810B586B00268134B9A4216D088
:1078DC00124C94F90000C0F30310FFF7B5FE2378A7
:1078EC0003F00F02012393409BB2019303230293F5
:1078FC000023039301A9FCF7F3FF06B010BD03F5B9
:10790C008A331A6A42F400721A621B6A03F4007317
:10791C000093009BDCE700BF002401401500002011
:10792C000268094B9A4200D0704703F58A335A69B2
:10793C0042F400725A615A6922F400725A611A6A4E
:10794C0022F400721A62EFE70024014010B59AB0DD
:10795C0004465422002105A801F0DDFE0023029309
:10796C0003930493ADF806303049204600F04FF9EC
:10797C000590002855D00023069307934FF480629E
:10798C000A9213931493089309930E931093102255
:10799C001292189301220F921193254B1C7005A87B
:1079AC00FCF7E6FA10B100201AB010BD2046FFF724
:1079BC00D7FE02901F2801D90020F5E7012303937D
:1079CC000223049302A905A8FCF7FEFB08B10020D2
:1079DC00EAE705A8FCF712FD08B10020E4E70A214C
:1079EC0005A8FCF791FB08B10020DDE705A8FCF722
:1079FC00C1FC10F4007F05D105A8FCF7F5FD40B1E2
:107A0C000020D1E705A8FCF7DCFB80B2ADF806003E
:107A1C00F2E705A8FCF758FD28B9BDF8060080B2BE
:107A2C00C2E70020C0E70020BEE700BF14AB00088F
:107A3C001500002070B586B00646124C124994F918
:107A4C00000000F00FF90546304600F06BF994F990
:107A5C000000C0F30310FFF7F7FD0223029300228E
:107A6C0003920493C5F306250595237803F00F02C2
:107A7C00012393409BB206A941F8143DFCF730FF5B
:107A8C0006B070BD1500002070AC000808B500F001
:107A9C0001FA08BDF0B595B006460C4615461F46D2
:107AAC003822002106A801F036FE00230193029330
:107ABC000393049305931F49304600F0A8F80690F1
:107ACC0048B300F0DBFAB0FBF4F001380790013D4D
:107ADC00099500230A9308938DF84D309DF8683072
:107AEC00012B1AD03046FFF749FE044638B1042862
:107AFC0005D0082803D00C2801D018280BD16023FE
:107B0C0001930023039304930297224601A906A82C
:107B1C00FFF719F848B115B0F0BD074B1E7006A859
:107B2C00FEF78FFF0028F6D1DCE7214606A8FEF70A
:107B3C00B9FFF0E770AC00081500002010B58EB04E
:107B4C0004460D4900F063F8009090B12046FFF711
:107B5C0015FE014638B1042805D0082803D00C289E
:107B6C0001D0182805D16846FEF7A9FF6846FEF734
:107B7C0081FF0EB010BD00BF70AC000808B5FCF75B
:107B8C00F1F908BD704708B5FCF7E4F9FCF7E7FD1F
:107B9C00FFF7F8FF08BD70B586B004460E461546D3
:107BAC00C0F30310FFF750FD04F00F040123A340B2
:107BBC009BB20193022304930296039501A9FCF74F
:107BCC008FFE06B070BD08B522B9002289B2FCF751
:107BDC006EFF08BD012289B2FCF769FF08BD08B52C
:107BEC0089B2FCF75DFF08BD08B5FCF79DF9FCF701
:107BFC0001F908BD91F90030B3F1FF3F05D0834284
:107C0C0001D00C31F6E74868704700207047B0F19E
:107C1C00FF3F03D008B5FFF7EDFF08BD002070470C
:107C2C004B6833B1834201D00C31F9E791F9000074
:107C3C0070474FF0FF30704718B108B5FFF7F0FFF1
:107C4C0008BD4FF0FF30704791F90030B3F1FF3FA2
:107C5C0005D0834201D00C31F6E7886870474FF0AD
:107C6C00FF307047B0F1FF3F02D14FF0FF3070474B
:107C7C0008B5FFF7E9FF08BDB0F1FF3F08D091F957
:107C8C000030B3F1FF3F05D0984205D00C31F6E738
:107C9C00002070470020704701207047884205D0B3
:107CAC0008B111B9704708467047002070470000B2
:107CBC0008B5034B1B6813B1024A1068984708BDFE
:107CCC00000600202406002008B50248FEF744FDFB
:107CDC0008BD00BF04060020FEE700000E4B1A682A
:107CEC0042F480721A6099680C4A0A409A601A68C9
:107CFC0022F0885222F001121A601A6822F48022B3
:107D0C001A609A6822F47D029A600022DA604FF0C1
:107D1C000062034B9A607047003802400CC0FF8829
:107D2C0000ED00E08AB00368B3F1804F21D0026807
:107D3C004F4B9A422BD002684E4B9A4235D0026878
:107D4C004D4B9A423FD002684C4B9A4249D0026844
:107D5C004B4B9A4253D002684A4B9A425DD0026810
:107D6C00494B9A4267D00268484B9A4271D00AB08C
:107D7C00704703F50E335A6A42F001025A625B6A8D
:107D8C0003F001030193019B414B5860CFE703F5CE
:107D9C000D335A6A42F002025A625B6A03F0020324
:107DAC000293029B3A4B9860C5E703F50C335A6A71
:107DBC0042F004025A625B6A03F004030393039BD0
:107DCC00334BD860BBE703F50B335A6A42F0080219
:107DDC005A625B6A03F008030493049B2C4B1861F2
:107DEC00B1E703F50A335A6A42F010025A625B6A31
:107DFC0003F010030593059B254B5861A7E703F58A
:107E0C0009335A6A42F020025A625B6A03F020037B
:107E1C000693069B1E4B98619DE703F598331A6AEF
:107E2C0042F004021A621B6A03F004030793079BD7
:107E3C00174B186293E703F596331A6A42F008025F
:107E4C001A621B6A03F008030893089B104B5862D4
:107E5C0089E703F594331A6A42F010021A621B6A1E
:107E6C0003F010030993099B094B98627FE700BF4D
:107E7C000004004000080040000C004000100040CE
:107E8C000014004000080140000C014000100140AB
:107E9C00280600200368B3F1804F20D002682B4BDA
:107EAC009A4222D002682A4B9A4224D00268294B6B
:107EBC009A4226D00268284B9A4228D00268274B57
:107ECC009A422AD00268264B9A422CD00268254B43
:107EDC009A422ED00268244B9A4230D07047234AE3
:107EEC00536A23F001035362D8E7204A536A23F004
:107EFC0002035362D6E71D4A536A23F0040353620C
:107F0C00D4E71A4A536A23F008035362D2E7174A9C
:107F1C00536A23F010035362D0E7144A536A23F0D8
:107F2C0020035362CEE7114A136A23F00403136251
:107F3C00CCE70E4A136A23F008031362CAE70B4A14
:107F4C00136A23F010031362C8E700BF000400405B
:107F5C0000080040000C00400010004000140040DD
:107F6C0000080140000C01400010014000380240A4
:107F7C00B0F1FF3F37D008B51D4B984228D012D82E
:107F8C00A3F54063984230D008D91A4B98421DD0C3
:107F9C0003F58063984221D12E2008BDB0F1804FAB
:107FAC001CD11C2008BD144B984213D008D9134B7C
:107FBC00984211D003F5806398420FD11B2008BD65
:107FCC00A3F57443984209D12C2008BD1E2008BD8E
:107FDC002B2008BD192008BD1A2008BD084801F047
:107FEC0023FF002008BD002070471D2008BD00BFE6
:107FFC00001000400008004000080140000C014047
:10800C0004AF0008B0F1FF3F2CD008B5164B9842D6
:10801C0019D00CD9154B984207D01ED9144B984245
:10802C0003D003F58063984212D1022008BDA3F55A
:10803C004063984207D008D90E4B984203D003F501
:10804C008063984204D1012008BDB0F1804FFAD072
:10805C00094801F0E9FE002008BDA3F574439842DD
:10806C00F6D1F0E7002070470010004000080140F6
:10807C00000C014000080040E8AE000810B586B0C6
:10808C00044600230193029303930493059306A9DA
:10809C0041F8183D01A8FEF741FB2046FFF7B2FF5F
:1080AC00012807D0022815D00E4801F0BDFE00248F
:1080BC00204602E0049CFEF705FBB4F5A06F06D049
:1080CC000CD9B4F5C06F02D0B4F5E06F00D140000C
:1080DC0006B010BD059CFEF70BFBEEE7B4F5806F08
:1080EC00F6D1F4E7CCAE00082DE9F04186B0054698
:1080FC001746984600240194029403940494059422
:10810C00061D4FF08040286068602961FFF7B6FFBC
:10811C00174BA3FB0030800C0138A8606C61EC603D
:10812C00C5F8448001940297039404942868FFF7DF
:10813C001FFF22460E2140B2FCF786FA2868FFF793
:10814C0017FF40B2FCF7B2FA3046FEF7E6FB10B16F
:10815C0006B0BDE8F081224601A93046FEF7C4FC0A
:10816C000028F5D121463046FEF708FCF0E700BFA9
:10817C0083DE1B4310B5041D002343640068FFF726
:10818C00F7FE40B2FCF7A0FA2046FEF7DFFB00B189
:10819C0010BD00212046FEF720FCF9E708B5FFF7DB
:1081AC00C1FD08BD08B5FFF775FE08BD0438704762
:1081BC0010B50446FFF7FAFF436C13B1227D012A78
:1081CC0000D010BD00219847FBE708B5FFF7EEFF84
:1081DC00036C03B1984708BD4368586A70474368FD
:1081EC00596270474368343321F0404143F82120F1
:1081FC007047000008B5034B586808B1FEF714FD32
:10820C0008BD00BF2806002008B5034B986808B1CC
:10821C00FEF70AFD08BD00BF2806002008B5034B79
:10822C00D86808B1FEF700FD08BD00BF2806002085
:10823C0008B5034B186908B1FEF7F6FC08BD00BF82
:10824C002806002008B5034B586908B1FEF7ECFC72
:10825C0008BD00BF2806002008B5034B986908B17B
:10826C00FEF7E2FC08BD00BF2806002008B5034B52
:10827C00186A08B1FEF7D8FC08BD00BF280600201C
:10828C0008B5034B586A08B1FEF7CEFC08BD00BF19
:10829C002806002008B5034B986A08B1FEF7C4FC09
:1082AC0008BD00BF28060020002800F00E812DE933
:1082BC00F04F8BB004461E4600920F4600F1040AA4
:1082CC00824990F95800FFF7A2FC0546804994F9C1
:1082DC005900FFF79CFC002D00F0B580002800F041
:1082EC00B28001462846FFF7D9FC2060002800F038
:1082FC00AE80784B984200F0AE802268764B9A4262
:10830C0000F0C68094F95900C0F30310FFF79CF9F4
:10831C00019094F9590000F00F034FF0010808FA8E
:10832C0003F39BB205936A4D2946FFF79BFC4FEA7A
:10833C00D0094FEA091909F01009294694F9590096
:10834C00FFF790FC00F0070049EA000006904FF0A0
:10835C00020BCDF820B0294694F95900FFF782FCA6
:10836C00C0F301100790294694F95900FFF77AFCE5
:10837C00C0F30620099005A90198FCF7B1FA94F90D
:10838C005800C0F30310FFF75FF9019094F95800FF
:10839C0000F00F0308FA03F39BB20593DFF82C915E
:1083AC004946FFF75FFCC5082D0105F0100549464D
:1083BC0094F95800FFF756FC00F0070005430695AA
:1083CC00CDF820B0494694F95800FFF74BFCC0F3A8
:1083DC0001100790494694F95800FFF743FCC0F38D
:1083EC000620099005A90198FCF77AFA23686360C6
:1083FC00A7600025E5602661FF23E361009B6361B4
:10840C00A5612562656284F841504246294694F97B
:10841C005A00FCF719F994F95A00FCF747F942464F
:10842C00294694F95B00FCF70FF994F95B00FCF713
:10843C003DF95046FCF7A2FC9DF8503084F85D30B5
:10844C000BB0BDE8F08F254801F0EEFCF8E72448AE
:10845C0001F0EAFCF4E703F5F2335A6A42F4001235
:10846C005A625A6A02F400120392039A9A6942F40D
:10847C0000129A619A6922F400129A611F2384F8FF
:10848C005A30202384F85B30164BC3F800A034E735
:10849C0003F5F0335A6A42F480025A625A6A02F4C3
:1084AC0080020492049A9A6942F480029A619A6951
:1084BC0022F480029A61212384F85A30222384F812
:1084CC005B30084BC3F804A01CE7704740AC0008B5
:1084DC0010AC000800540040005800401CAF0008CD
:1084EC004CAF0008800600202DE9F84F83468A46E1
:1084FC0091469846FBF736FD07460024022519E005
:10850C003046FDF753FB60B93046FDF74CFB202895
:10851C0009D045B9FBF726FDC41B642CF0D9012505
:10852C00F2E70225F0E73046FDF740FB04280DD1B9
:10853C00632C0BD80BF1040643464A465146304691
:10854C00FCF7CEFC0028EED10025DDE72846BDE87F
:10855C00F88F202A01D90220704730B400230AE09A
:10856C00CD5CC41884F8685090F88840013480F8C9
:10857C0088400133DBB29CB2A242F1D8002030BC5F
:10858C0070472DE9F84F83468A4691469846FBF78B
:10859C00E9FC07460024022519E03046FDF706FBEE
:1085AC0060B93046FDF7FFFA202809D045B9FBF732
:1085BC00D9FCC41B642CF0D90125F2E70225F0E7A5
:1085CC003046FDF7F3FA04280DD1632C0BD80BF1D0
:1085DC00040643464A4651463046FCF7E7FC002861
:1085EC00EED10025DDE72846BDE8F88F043870474A
:1085FC0030B108B519B101660430FCF7CDFD08BDEA
:10860C00704730B108B519B141660430FCF7C4FDB0
:10861C0008BD7047F8B505460F461646FFF7E6FF4E
:10862C00EB689E4200D0F8BD044687B9002380F861
:10863C00883080F85C30436E03B19847082394F877
:10864C00882004F168012846FCF71AFDF8BD0123C7
:10865C0080F85C300823202200F168012846FCF7E2
:10866C0055FDE0E710B50446FFF7C0FF036E1BB1E4
:10867C0090F85C20012A03D02046FCF78DFD10BD3C
:10868C0090F82C10C1F1200111F0FF01F4D06830EA
:10869C009847F1E710B50446FFF7A8FF90F85D3056
:1086AC0003B110BD2046FCF777FDFAE708B5024B85
:1086BC001868FDF721F908BD8006002008B5024BAB
:1086CC001868FDF7D1F908BD8006002008B5024BEB
:1086DC005868FDF711F908BD8006002008B5024B5B
:1086EC005868FDF7C1F908BD80060020002800F08D
:1086FC001B81F0B58BB00446051D8C4990F95800D0
:10870C00FFF785FA06468A4994F95900FFF77FFA74
:10871C00014600287ED0002E7CD03046FFF7BEFAF2
:10872C00206000287AD0834B98427BD0824B9842B1
:10873C0000F09280814B984200F0A880804B9842C8
:10874C0000F0BE807F4B984200F0D48094F9590021
:10875C00C0F30310FEF778FF0746754994F95900EA
:10876C00FFF780FA94F8593003F00F03012606FA4C
:10877C0003F39BB20593C3081B0103F0100300F035
:10878C00070213430693C0F301130793C0F30620AB
:10879C0009900323089305A93846FCF7A1F894F92E
:1087AC005800C0F30310FEF74FFF07465F4994F9DA
:1087BC005800FFF757FA94F8583003F00F039E4017
:1087CC00B6B20596C3081B0103F0100300F00702B4
:1087DC0013430693C0F30110079005A93846FCF724
:1087EC007FF894F84420584B43F822502368636078
:1087FC00A36CA360E36CE360236D2361636D636121
:10880C000C23A3610023E36123622846FEF7DDFC01
:10881C000BB0F0BD4D4801F007FBF9E74C4801F0F7
:10882C0003FBF5E703F580335A6942F480425A6141
:10883C005A6922F480425A611A6A42F480421A62DE
:10884C001B6A03F480430093009B002384F844309C
:10885C00252384F85A3079E703F5FA339A6942F400
:10886C0000329A619A6922F400329A615A6A42F48F
:10887C0000325A625B6A03F400330193019B0123BB
:10888C0084F84430262384F85A305FE703F5F83334
:10889C009A6942F480229A619A6922F480229A6140
:1088AC005A6A42F480225A625B6A03F48023029370
:1088BC00029B022384F84430272384F85A3045E77E
:1088CC0003F5F6339A6942F400229A619A6922F40C
:1088DC0000229A615A6A42F400225A625B6A03F4DB
:1088EC0000230393039B032384F84430302384F840
:1088FC005A302BE703F5F4339A6942F480129A61EB
:10890C009A6922F480129A615A6A42F480125A626D
:10891C005B6A03F480130493049B042384F84430AF
:10892C00312384F85A3011E7704700BF14AE0008A9
:10893C00C0AD000800380140004400400048004031
:10894C00004C004000500040D806002068AF0008E2
:10895C0098AF000810B50F4B93F901400E49204613
:10896C00FFF755F9A8B10C492046FFF750F90B4910
:10897C00FFF762F90A4B83F8590083F858404FF41B
:10898C0016529A6400225A65DA641A651846FFF783
:10899C00ADFE10BD68AE000814AE0008C0AD0008F6
:1089AC001C0000202DE9F04107460E46FBF7DAFAD1
:1089BC008046264B93F9015025492846FFF727F9A5
:1089CC0000283FD0002401E00134E4B2042C0ED87E
:1089DC00204B53F82430002BF6D01D492846FFF7C6
:1089EC0016F91C4B53F824301B688342ECD1042C31
:1089FC0007D9194B93F84430042B16D8164B93F81F
:108A0C0044404FF47A73B2B23946124D55F82400F3
:108A1C00FEF708FC98B1FBF7A5FAA0EB0800B0F53F
:108A2C007A7FEED30020BDE8F081FFF793FF0A4B6D
:108A3C0093F84430042BE1D90020BDE8F081304696
:108A4C00BDE8F0810020BDE8F08100BF68AE0008F1
:108A5C0014AE0008D80600201C00002008B590F8C1
:108A6C004420064B53F82200FEF796FD00F022003E
:108A7C00222814BF0020012008BD00BFD80600200A
:108A8C0008B590F84420064B53F82200FEF784FDFD
:108A9C0000F01200122814BF0020012008BD00BFF6
:108AAC00D8060020A0B138B504460D46FFF7D6FF16
:108ABC0088B994F845302B7094F84400012204F1E5
:108ACC004501064B53F82000FEF753FC002038BD3F
:108ADC004FF0FF3070474FF0FF3038BDD806002004
:108AEC0018B338B504460D46FFF7B8FF00B138BDD2
:108AFC0094F844300D4A42F823500D4A42F8234072
:108B0C000122002194F95A00FBF79EFD94F95A00BA
:108B1C00FBF7CCFD94F84400012204F14501054B10
:108B2C0053F82000FEF725FCE1E77047880600208B
:108B3C009C060020D806002008B310B5044690F817
:108B4C0044300F4A42F823100E4A42F82300022206
:108B5C00002190F95A00FBF777FD94F95A00FBF7C6
:108B6C00A5FD94F84400616EB4F86A309BB2012202
:108B7C001944054B53F82000FEF7C8FB10BD704795
:108B8C00B0060020C4060020D8060020024658B1CA
:108B9C000020042807D8054B53F820309A4204D003
:108BAC000130C0B2F5E7704705207047D8060020A9
:108BBC0008B5FFF7EBFF042800D908BD034B53F8A9
:108BCC002030034A52F820009847F6E78806002028
:108BDC009C06002010B5FFF7D9FF0E4B53F8204030
:108BEC00042800D910BD0C4B53F820302046984770
:108BFC00B0F1FF3FF6D094F84400616EB4F86A30DF
:108C0C009BB201221944054B53F82000FEF77EFB62
:108C1C00E8E700BFC4060020B0060020D8060020FC
:108C2C0082B003681A6812F0010F0ED11A6812F0A4
:108C3C00020F0FD11A6812F0040F0ED11A6812F03D
:108C4C00080F04D05B68019301E05B680193019B02
:108C5C0002B070475B680193F9E75B680193F6E734
:108C6C0008B52520FBF75AFD024B1868FEF72FFCC0
:108C7C0008BD00BFD806002008B52620FBF74EFD26
:108C8C00024B5868FEF723FC08BD00BFD806002035
:108C9C0008B52720FBF742FD024B986808B1FEF798
:108CAC0016FC08BDD806002008B53020FBF736FDB1
:108CBC00024BD868FEF70BFC08BD00BFD80600209D
:108CCC0008B53120FBF72AFD024B1869FEF7FFFBB4
:108CDC0008BD00BFD806002003460B4A126842B1FB
:108CEC00094A106803446A46934206D8064A136040
:108CFC0070470649044A1160F2E70C22044B1A60D3
:108D0C004FF0FF30704700BFEC060020700A0020C7
:108D1C00680A00204FF0FF3070474FF400534B604F
:108D2C0000207047012070470020704700207047DA
:108D3C0008B508461146FFF735FE08BDFEE70000F2
:108D4C001622024B1A604FF0FF307047680A002061
:108D5C000120704708B5102819D800F12E033E2BBE
:108D6C008CBF00230123BBB1102800D82E300F4B31
:108D7C001856B0F1FF3F16D0FEF7E8FD0C4B1B6800
:108D8C000C2B11D00B2B0AD90C3B984008BD3E285C
:108D9C008CBF00230123E6E74FF0FF30E9E7C3F176
:108DAC000C03D84008BD002008BD00BF68AE000809
:108DBC008800002070B582B005460E463E281CD8AF
:108DCC00344B1C56B4F1FF3F15D033492046FEF707
:108DDC0053FFF8B131492046FEF7E1FB80B1002288
:108DEC002F4B1B680C2B02D010D90C3BDE403146AC
:108DFC002046FEF701FD02B070BD4FF0FF34E1E7F5
:108E0C0026492046FEF7D6FB0122E9E7C3F10C0305
:108E1C009E40ECE723492046FEF72EFFF0B11F4998
:108E2C002046FEF7BCFB78B100221D4B1B68082BBB
:108E3C0002D00FD9083BDE4000923346FF221A497C
:108E4C002046FEF727FED6E714492046FEF7B2FB74
:108E5C000122EAE7C3F108039E40EDE70121284611
:108E6C0000F024F80E4B1B68082B02D008D9083BE5
:108E7C00DE407F2E08D90121284600F06BF8BAE7B6
:108E8C00C3F108039E40F4E70021284600F062F885
:108E9C00B1E700BF68AE0008ECAB0008F00600209C
:108EAC008C00002070AC000818E4030038B53E2894
:108EBC0010D8234B1C56B4F1FF3F2ED00D46214940
:108ECC002046FEF76CFB40B9032D22D8DFE805F0F5
:108EDC001C32262C4FF0FF34EDE71B492046FEF7E1
:108EEC00CBFE38B12046FEF7D3FC16492046FEF7E0
:108EFC0070FBE9E715492046FEF7BEFE0028F4D0CA
:108F0C002046FEF71BFEF0E7002211462046FEF736
:108F1C0042FE0F492046FEF74DFB38BD01220021D1
:108F2C002046FEF738FEF4E7022200212046FEF729
:108F3C0032FEEEE7002201212046FEF72CFEE8E788
:108F4C0068AE0008F0060020ECAB000870AC00081E
:108F5C001007002038B53E280BD80E4B1C56B4F128
:108F6C00FF3F05D00D460C492046FEF718FB18B9FB
:108F7C0038BD4FF0FF34F2E7C4F30310FEF73AFBB1
:108F8C0004F00F040121A1402A4689B2FEF71BFE12
:108F9C00EEE700BF68AE00081007002010B53E28B1
:108FAC000ED8104B1C56B4F1FF3F19D00E49204679
:108FBC00FEF7F5FA38B90020003018BF012010BDBB
:108FCC004FF0FF34EFE7C4F30310FEF713FB04F08C
:108FDC000F040121A14089B2FEF701FEC0B2EBE7FC
:108FEC000020E9E768AE00081007002008B5FEF77E
:108FFC00C5FD08BD7047B0F86A309BB201335A42C8
:10900C0003F07F0302F07F0258BF53429BB2A0F8DB
:10901C006A30B0F86820B0F86A309BB29A4201D03E
:10902C00002070474FF0FF307047B0F834319BB2DE
:10903C004033B0F83601181A00F03F007047B0F812
:10904C0034319BB2B0F83621934203D0D0F8303192
:10905C00985C70474FF0FF307047B0F8342192B2F3
:10906C00B0F836319A4209D0D0F83021D25C0133B5
:10907C0003F03F03A0F83631104670474FF0FF3035
:10908C007047037C33B1B0F83C21B0F83E319BB251
:10909C009A42F8D1704710B582B004460DF1070121
:1090AC00FFF700FD98B9B4F860309BB2013303F0C0
:1090BC003F03B4F86220934209D0E16DB4F860200C
:1090CC0092B29DF8070088549BB2A4F8603002B0AD
:1090DC0010BD000070B501230374B0F83C51EC18BE
:1090EC00634204F07F0403F07F0358BF5C42E6B296
:1090FC00B0F83E319BB2E2B29342F9D0D0F838319D
:10910C005955A0F83C6100F1D4042046FFF7B8FC97
:10911C0008B1012070BD02492046FFF70DFDF8E7AC
:10912C000390000808B5084B33B10848FFF77DFFE2
:10913C0020B1012323B908BD0023FBE70023F9E785
:10914C00AFF30080F7E700BF0000000030070020FD
:10915C0000F11103C0F830310023A0F83431A0F82D
:10916C00363100F15102C0F83821A0F83C31A0F89A
:10917C003E31704710B5C0F81C1180F8402102F048
:10918C000703042B21D0062B1DD0022B01D000236A
:10919C0000E0062302F03001302918D012F0200F25
:1091AC001BD04FF48061C0F82811013312F0080F66
:1091BC0017D04FF40052C0F82421082B15D0092BDE
:1091CC0021D0002314E00823E4E70723E2E74FF45F
:1091DC00C061C0F828110133E8E70021C0F828115C
:1091EC00E4E70022C0F82421E7E70022C0F82021A0
:1091FC0073B100F1D4042046FFF778FA08492046F1
:10920C00FFF76EFC10BD4FF48052C0F82021EFE741
:10921C00044B054A40F22B11044800F0FFF900BF43
:10922C00A3900008B8AF000844B00008C4AF000811
:10923C003E2904D8034B5B5680F82D3170474FF014
:10924C00FF33F9E768AE00083E2904D8034B5B56A0
:10925C0080F82C3170474FF0FF33F9E768AE000807
:10926C0038B50446002343604FF47A7383600F4B88
:10927C0003600F4B984211D00D460E492846FEF75D
:10928C00DBFC84F82D010C492846FEF7D5FC84F84C
:10929C002C012046FFF75CFF204638BD0021FFF76C
:1092AC00C7FF01212046FFF7CFFFF2E72CB00008E3
:1092BC0030070020C0AD000814AE0008012800D013
:1092CC00704708B54FF6FF73994200D008BD0249AC
:1092DC000248FFF7C5FFF9E70044004030070020C3
:1092EC0008B54FF6FF710120FFF7E8FF08BDF8B590
:1092FC0007460E4600242546022C0DDC3B190A229B
:10930C001979304600F09AF805442E21304600F0C9
:10931C0058F805440134EFE70A22F979304600F099
:10932C008DF82844F8BD000030B4054D056001717E
:10933C00427183719DF80830C37130BC704700BF17
:10934C0080B00008012800D070474FF6FF73994297
:10935C00FAD100B583B0002100910B460A460348B0
:10936C00FFF7E2FF03B05DF804FB00BF74080020B8
:10937C0008B54FF6FF710120FFF7E4FF08BDF8B503
:10938C0005460024561E52B12B681B684F1C0978E9
:10939C002846984718B1013432463946F2E7204640
:1093AC00F8BD61B138B50D4604460846F6F7F6FE31
:1093BC0023685B68024629462046984738BD002042
:1093CC00704708B503681B68984708BD30B58BB06B
:1093DC00054600238DF82430012A01DD09AC06E096
:1093EC000A22FBE73731C9B2217019466BB1B1FBC8
:1093FC00F2F3C9B203FB02F0C0B2091AC9B2013CC4
:10940C000929EFDC3031C9B2EEE754B12046F6F74A
:10941C00C5FE2B685B6802462146284698470BB070
:10942C0030BD0020FBE708B51AB1D2B2FFF7CEFF72
:10943C0008BD03681B68C9B2984708BD08B5FFF79B
:10944C00F2FF08BD10B4401A019CE41A04FB00F0B2
:10945C00521A90FBF2F0184410BC7047704708B5D4
:10946C000320FBF7DFF8FAF72EFD08BD08B5FFF770
:10947C00F5FFF8F707FFF9F741FB034B002BFAD088
:10948C00FFF750FEF7E700BF3191000800230128D9
:10949C0003D040080133DBB2F9E7184670470000EF
:1094AC0010B5074C074B9C4208D0143CE368002BCA
:1094BC00F8D0201D032201469847F3E710BD00BFEA
:1094CC00BC0900207C080020012800D0704708B59A
:1094DC004FF6FF73994200D008BD234B06221A7039
:1094EC000020D86007221A751862082283F82820F9
:1094FC005863092283F83C2098640A2283F8502090
:10950C00D865172283F86420186783F87820C3F88D
:10951C00840083F88C20C3F8980083F8A020C3F84B
:10952C00AC0083F8B420C3F8C000282283F8C8200C
:10953C00C3F8D40083F8DC20C3F8E80083F8F020EB
:10954C00C3F8FC0083F80421C3F8100183F8182138
:10955C00C3F8240183F82C21C3F83801034A0449C9
:10956C0000F057F8B8E700BF7C080020000000208E
:10957C00AD94000808B50120FBF7A0FA08BD08B5AA
:10958C000220FBF79BFA08BD08B50420FBF796FAFE
:10959C0008BD08B50820FBF791FA08BD08B51020E6
:1095AC00FBF78CFA08BD10B52024B4F5007F04D865
:1095BC00A0B2FBF783FA6400F7E710BD10B54FF4C7
:1095CC008064B4F5004F04D8A0B2FBF777FA6400BE
:1095DC00F7E710BD08B5836813B1C368984708BD99
:1095EC0001F07CF808B5FFF751FF00EB8000830019
:1095FC0003481844043083680BB1FFF7EBFF08BD38
:10960C007C08002008B54FF6FF710120FFF75CFFC6
:10961C0008BD0B460146184600F01EB81FB51C4687
:10962C00094B05461B68D86852B1084B8DE80A00F7
:10963C0002922B462246064900F01CF800F036FD3B
:10964C00044B1A46F2E700BF9000002084B00008DB
:10965C0091B00008BFB0000810B5054C13462CB1F2
:10966C000A4601460220AFF3008010BD204610BD13
:10967C00000000000EB403B5014603AB054853F8D7
:10968C00042B0068019300F021F902B05DF804EBA3
:10969C0003B070479000002070B500250C4E0D4CA7
:1096AC00A41BA410A54209D101F064F900250A4EAF
:1096BC000A4CA41BA410A54205D170BD56F8253048
:1096CC0098470135EEE756F8253098470135F2E713
:1096DC0058B1000858B1000858B1000888B100080A
:1096EC00024B0146186800F06BB800BF90000020D8
:1096FC00024B0146186800F017B800BF900000201C
:10970C0010B5431E0A44914200D110BD11F8014B13
:10971C0003F8014FF7E703460244934200D1704728
:10972C0003F8011BF9E7000038B50546002943D0C2
:10973C0051F8043C0C1F002BB8BFE41800F0ACFE31
:10974C001E4A1368104633B9636014602846BDE89E
:10975C00384000F0A2BEA3420BD921686218934294
:10976C0001BF1A685B685218226063600460EDE701
:10977C0013465A680AB1A242FAD919685818A0427D
:10978C000BD120680144581882421960DED1106850
:10979C005268014419605A60D8E702D90C232B6037
:1097AC00D4E7206821188A4201BF11685268091851
:1097BC00216062605C60C9E738BD00BFBC09002055
:1097CC0070B5CD1C25F0030508350C2D38BF0C25C4
:1097DC00002D064601DBA94203D90C23336000207F
:1097EC0070BD00F059FE234A1468214691B9224CF1
:1097FC0023681BB9304600F037FB20602946304601
:10980C0000F032FB431C26D10C233046336000F0B1
:10981C0044FEE4E70B685B1B1AD40B2B0FD90B60CF
:10982C00CC18CD50304600F038FE04F10B00231D4F
:10983C0020F00700C31A1BD05A42E25070BD8C4274
:10984C000BBF63684B681360636018BF0C46E9E795
:10985C000C464968CAE7C41C24F00304A04205D096
:10986C00211A304600F000FB0130CDD02560D9E73D
:10987C0070BD00BFBC090020C0090020936810B463
:10988C00013B002B936008DA9469A34202DBCBB254
:10989C000A2B02D110BC00F049BB1368581C106095
:1098AC001970C8B210BC7047F8B506460F4614467E
:1098BC00D518AC4201D1002007E03A4614F8011B40
:1098CC003046FFF7DBFF431CF3D1F8BD2DE9F04F19
:1098DC009DB00C4617460393064618B183690BB925
:1098EC0000F0DEFC7C4B9C4257D17468A3891807AE
:1098FC005DD52369002B5AD00023099320238DF8C2
:10990C00293030234FF0010B8DF82A30B8464546EC
:10991C0015F8013B002B55D1B8EB070A0BD0534679
:10992C003A4621463046FFF7BFFF013000F0C480B5
:10993C00099B5344099398F80030002B00F0BC802D
:10994C0000234FF0FF3204930793059206938DF892
:10995C0053301A9305222978604800F08FFD05F1E9
:10996C000108049B002831D1D90644BF20228DF870
:10997C0053201A0744BF2B228DF853202A782A2A09
:10998C002CD000210A20079AA84698F800300135FF
:10999C00303B092B6DD971B326E0514B9C4201D160
:1099AC00B468A3E74F4B9C4208BFF4689EE721467E
:1099BC00304600F00DFB00289ED04FF0FF301DB05C
:1099CC00BDE8F08F252BA7D0A846A0E7434A454613
:1099DC00801A0BFA00F018430490BBE7039A111D90
:1099EC0012680391002A01DB079204E0524243F013
:1099FC0002030792049398F800302E2B10D198F89C
:109A0C00013008F101012A2B37D1039B08F1020820
:109A1C001A1D1B680392002BB8BF4FF0FF33059340
:109A2C00314D032298F80010284600F027FD40B174
:109A3C004023401B03FA00F0049B08F10108034388
:109A4C00049398F800100622284808F101078DF8B5
:109A5C00281000F013FD002834D0254B03BB039BCA
:109A6C00073323F0070308330393099B4B440993F3
:109A7C004CE700FB0232012186E700230A25184639
:109A8C000593884698F800200131303A092A03D909
:109A9C00002BC5D00590C3E705FB00200123F0E7A0
:109AAC0003AB00932246134B04A93046AFF300805E
:109ABC00B0F1FF3F8146D8D1A3895B063FF57DAF5E
:109ACC0009987CE703AB009322460A4B04A9304665
:109ADC0000F08AF8ECE700BF18B10008C4B0000829
:109AEC0038B10008F8B00008CAB00008CEB00008C1
:109AFC0000000000B59800082DE9F04791461F467C
:109B0C008A680B6906469342B8BF1346C9F8003001
:109B1C0091F843200C46DDF8208012B10133C9F8CE
:109B2C0000302368990642BFD9F800300233C9F8D7
:109B3C000030256815F0060507D104F1190AE36811
:109B4C00D9F800209B1A9D422ADB94F843302268F6
:109B5C00003318BF012392062FD404F14302394677
:109B6C003046C047013022D02368E56803F0060375
:109B7C00042B18BF0025D9F800204FF0000908BFAE
:109B8C00AD1AA368226908BF25EAE5759342C4BFE4
:109B9C009B1AED181A344D451BD10020BDE8F087F7
:109BAC000123524639463046C047013003D14FF0AD
:109BBC00FF30BDE8F0870135C1E73020E11881F8AE
:109BCC0043005A1C94F845102244023382F8431087
:109BDC00C3E70123224639463046C0470130E6D060
:109BEC0009F10109D7E700002DE9F04317460A7E79
:109BFC0085B06E2A984606460C460C9B01F1430E26
:109C0C0000F0BC801AD8632A2ED00AD8002A00F0A3
:109C1C00C880582A00F08A8004F1420584F842205A
:109C2C002AE0642A01D0692AF6D121681A6811F059
:109C3C00800F23D0111D1960136827E0732A00F0E0
:109C4C00B48008D86F2A2AD0702AE5D10A6842F06D
:109C5C0020020A6003E0752A21D0782ADCD1782210
:109C6C006F4984F8452064E01A6801F14205111D22
:109C7C001960136884F842300123A3E011F0400FFF
:109C8C0002F104011960D7D0B2F90030002B03DACD
:109C9C002D225B4284F8432062490A2217E0206897
:109CAC00196810F0800F03D0081D18600B6806E0CF
:109CBC0010F0400F01F104001860F7D00B886F2AE8
:109CCC0014BF0A2208225749002084F84300656813
:109CDC00002DA560C0F29C80206820F0040020605C
:109CEC00002B3FD1002D40F095807546082A0BD1F2
:109CFC002368DA0708D5236962689A42DEBF3023ED
:109D0C0005F8013C05F1FF35AEEB05032361CDF8F9
:109D1C0000803B4603AA21463046FFF7EDFE01309A
:109D2C0055D14FF0FF3005B0BDE8F08381F84520E8
:109D3C003C492268186812F0800F00F104051D6080
:109D4C0001D0036802E05506FBD50388D00744BF59
:109D5C0042F0200222601BB9226822F0200222600D
:109D6C001022B1E77546B3FBF2F002FB1033CB5C6B
:109D7C0005F8013D03460028F5D1B7E708681A68D5
:109D8C0010F0800F496904D0101D18601368196019
:109D9C0007E010F0400F02F1040018601368F6D0D1
:109DAC001980002375462361B1E71A68111D1960EB
:109DBC00156800216268284600F060FB08B1401B62
:109DCC00606063682361002384F843309FE7236954
:109DDC002A4639463046C0470130A2D023689B073B
:109DEC0007D5002504F11909E368039A9B1A9D42D3
:109DFC0005DBE068039B9842B8BF184693E7012344
:109E0C004A4639463046C04701308AD00135EBE727
:109E1C00002BA7D10B7804F1420584F8423065E79A
:109E2C00E6B00008D5B000080FB40A4B13B51C6897
:109E3C0024B1A36913B9204600F032FA05AB049A99
:109E4C00A16820460193FFF741FD02B0BDE8104028
:109E5C0004B0704790000020024B0A460146186877
:109E6C0000F01CBB9000002038B50023054C0546C3
:109E7C0008462360FEF730FF431C02D1236803B170
:109E8C002B6038BD680A0020C9B2034610F8012BBC
:109E9C001AB19142F9D11846704700290CBF1846E7
:109EAC000020704770B5044602B970BD234611F806
:109EBC00015B561E03F8015B1DB91444A34203D188
:109ECC0070BD1C463246EFE703F8015BF6E738B588
:109EDC0003460D4651B1002429461846FFF7D4FF1E
:109EEC0008B9204638BD431C0446F5E7BDE83840A8
:109EFC00FFF7CABFF0B5037833B1034618465E1CB2
:109F0C001B7833B91846F0BD0B78002B18BF002016
:109F1C00F0BD4D1E441E15F8012F002AF3D014F885
:109F2C00017F33469742F6D0E8E70000F8B50E46BD
:109F3C001446054618B183690BB900F0B1F9214BF1
:109F4C009C422AD16C68A369A360A3891A072ED5F9
:109F5C00236963B323692068F6B2C01A6369374674
:109F6C00984204DB2146284600F030F928BBA36850
:109F7C000130013BA36023685A1C22601E70636988
:109F8C00984204D0A389DB0719D50A2E17D1214694
:109F9C00284600F01BF990B10FE00B4B9C4201D10D
:109FAC00AC68D0E7094B9C4208BFEC68CBE7214674
:109FBC00284600F00DF80028CCD04FF0FF3738467B
:109FCC00F8BD00BF18B1000838B10008F8B000089F
:109FDC00324B70B51D6806460C4625B1AB6913B9FA
:109FEC00284600F05DF92E4B9C420FD16C68B4F9F9
:109FFC000C309AB215072CD4D00611D40922326039
:10A00C0043F04003A3814FF0FF3070BD254B9C42C1
:10A01C0001D1AC68EBE7244B9C4208BFEC68E6E747
:10A02C00510712D5616B41B104F14403994202D03E
:10A03C003046FFF779FB00236363A38923F02403E5
:10A04C00A3810023636023692360A38943F0080381
:10A05C00A38123694BB9A38903F42073B3F5007F63
:10A06C0003D02146304600F0C9F9A28912F0010351
:10A07C000CD00023A36063695B42A361236953B9CD
:10A08C00B4F90C3013F08000BAD170BD920758BFF0
:10A09C006369A360F2E70020F7E700BF900000209F
:10A0AC0018B1000838B10008F8B0000808B506204F
:10A0BC0000F042FA0120FEF741FE00008A892DE9EA
:10A0CC00F041054610070C465AD44B68002B05DCB2
:10A0DC000B6C002B02DC0020BDE8F081E66A002E40
:10A0EC00F9D0002312F480522F682B6033D0606DAE
:10A0FC00A3895A0705D56368C01A636B0BB1236C2F
:10A10C00C01A00230246E66A216A2846B047431C5F
:10A11C00A38906D129681D294BD82B4ACA40D607DA
:10A12C0047D5002262602269D904226004D5421C02
:10A13C0001D12B6803B96065616B2F600029CAD00F
:10A14C0004F14403994202D02846FFF7EDFA0020AF
:10A15C006063BDE8F081216A01232846B047411CA9
:10A16C00C6D12B68002BC3D01D2B01D0162B01D1CF
:10A17C002F60B0E7A38943F04003A381BDE8F081D1
:10A18C000F69002FA7D0930718BF00230E6808BFD4
:10A19C004B69A6EB07080F608B60B8F1000F9ADDD6
:10A1AC0043463A46216A2846A66AB047002807DC8F
:10A1BC00A38943F04003A3814FF0FF30BDE8F08149
:10A1CC000744A8EB0008E8E70100402038B50B690C
:10A1DC0005460C46DBB118B183690BB900F060F889
:10A1EC000C4B9C4209D16C68B4F90C307BB1214604
:10A1FC002846BDE83840FFF761BF074B9C4201D1B0
:10A20C00AC68F1E7054B9C4208BFEC68ECE700201A
:10A21C0038BD00BF18B1000838B10008F8B000080C
:10A22C00014900F0A9B800BFD9A10008002310B55E
:10A23C00044603604360836081814366C28103618D
:10A24C0043618361194608225C30FFF764FA054BC1
:10A25C0024626362044BA362044BE362044B2363EA
:10A26C0010BD00BF7DA500089FA50008D7A500085C
:10A27C00FBA5000870B568254A1E55430E4605F12E
:10A28C007401FFF79DFA044640B1002180E84200BA
:10A29C000C30A06005F16802FFF73DFA204670BD56
:10A2AC00836910B5044633BB8364C3640365124BE6
:10A2BC00124A1B688262984204BF0123836100F03A
:10A2CC001FF86060204600F01BF8A060204600F0EC
:10A2DC0017F80022E06004216068FFF7A7FF012255
:10A2EC000921A068FFF7A2FF02221221E068FFF704
:10A2FC009DFF0123A36110BDC0B000082DA2000872
:10A30C00F8B51C4B07461E68B36913B93046FFF706
:10A31C00C7FF4836B4687368013B03D5336833B163
:10A32C003668F7E7B4F90C506DB16834F4E70421E2
:10A33C003846FFF79FFF30600028F1D10C2304460C
:10A34C003B602046F8BD4FF6FF73E3810123656641
:10A35C00A3812560A560656025616561A561082202
:10A36C00294604F15C00FFF7D6F96563A563A56483
:10A37C00E564E6E7C0B000082DE9F843804689465D
:10A38C00002600F1480414B93046BDE8F883A568EE
:10A39C006768013F01D52468F5E7AB89012B07D924
:10A3AC00B5F90E30013303D029464046C847064361
:10A3BC006835EEE770B50E46B1F90E1090B0002975
:10A3CC0014461D4607DA00232B60B3891A0610D4F5
:10A3DC004FF480630EE001AA00F030F90028F2DBA4
:10A3EC00029A02F47042A2F500535A425A412A6072
:10A3FC00EEE740230020236010B070BD8B8973B54D
:10A40C009D0706460C4607D504F1470323602361DC
:10A41C000123636102B070BD01AB6A46FFF7CAFF4E
:10A42C00009905463046FFF7CBF948B9B4F90C3022
:10A43C009A05EFD423F0030343F00203A381E3E76F
:10A44C000D4BB362A389206043F08003A381009B72
:10A45C0020616361019B5BB1B4F90E10304600F0D2
:10A46C00FFF828B1A38923F0030343F00103A38170
:10A47C00A3891D43A581CDE72DA2000810B5C9B253
:10A48C0002449042034601D1002010BD1C780130DB
:10A49C008C42F6D1184610BD70477047F8B5074688
:10A4AC0014460E4621B91146BDE8F840FFF788B9AD
:10A4BC0022B9FFF739F925462846F8BD00F0F2F825
:10A4CC0084420FD921463846FFF77AF90546002811
:10A4DC00F2D031462246FFF713F931463846FFF7E2
:10A4EC0023F9E9E73546E7E71F2938B504460D4659
:10A4FC0004D9162303604FF0FF3038BD426C12B103
:10A50C0052F821304BB9204600F030F82A4601466B
:10A51C002046BDE8384000F017B8012B0AD0591C72
:10A52C0003D116230360012038BD0024284642F8CD
:10A53C0025409847002038BD024B01461868FFF7AC
:10A54C00D3BF00BF9000002038B50023064C054651
:10A55C00084611462360FEF7F3FB431C02D1236827
:10A56C0003B12B6038BD00BF680A0020FEF7F0BBBA
:10A57C0010B50C46B1F90E1000F09EF80028ABBFD8
:10A58C00636DA3891B1823F48053ACBF6365A3814F
:10A59C0010BD2DE9F0411F468B890546DB050C46A5
:10A5AC00164605D502230022B1F90E1000F068F80A
:10A5BC00A389324623F48053A381B4F90E103B4691
:10A5CC002846BDE8F04100F017B810B50C46B1F9BB
:10A5DC000E1000F055F8431CA38915BF606523F4D9
:10A5EC00805343F48053A38118BFA38110BDB1F9EC
:10A5FC000E1000F013B8000038B505460846114699
:10A60C000022054C22601A46FEF792FB431C02D135
:10A61C00236803B12B6038BD680A002038B50023CD
:10A62C00054C054608462360FEF774FB431C02D11B
:10A63C00236803B12B6038BD680A002038B50023AD
:10A64C00064C0546084611462360FEF766FB431C84
:10A65C0002D1236803B12B6038BD00BF680A00200B
:10A66C0038B50023054C054608462360FEF75AFB17
:10A67C00431C02D1236803B12B6038BD680A00204B
:10A68C0038B50546084611460022054C22601A468C
:10A69C00FEF74AFB431C02D1236803B12B6038BD83
:10A6AC00680A002051F8040C0028A0F10400BCBF7B
:10A6BC000B58C0187047000038B5054608461146BF
:10A6CC000022054C22601A46FEF730FB431C02D1D7
:10A6DC00236803B12B6038BD680A002008B5FFF76A
:10A6EC00E5FC0000244B1A68D0075CBF01221A60FD
:10A6FC00224B1A68D1075CBF01221A60204B1A68E2
:10A70C00D2075CBF01221A601E4B1A68D0075CBFCF
:10A71C0001221A601C4B1A68D1075CBF01221A6017
:10A72C001A4B1A68D2075CBF01221A60184B1A68C0
:10A73C00D0075CBF01221A60164B1A68D1075CBFA8
:10A74C0001221A60144B1A68D2075CBF01221A60EE
:10A75C00124B1A68D0075CBF01221A60104B1A68A2
:10A76C00D1075CBF01221A600E4B1A68D2075CBF7E
:10A77C0001221A60704700BFF0090020EC0900208C
:10A78C00E8090020E4090020E0090020DC09002091
:10A79C00D8090020D4090020D0090020CC090020C1
:10A7AC00C8090020C4090020244B1A68D0075CBFDC
:10A7BC0001221A60224B1A68D1075CBF01221A6071
:10A7CC00204B1A68D2075CBF01221A601E4B1A6814
:10A7DC00D0075CBF01221A601C4B1A68D1075CBF02
:10A7EC0001221A601A4B1A68D2075CBF01221A6048
:10A7FC00184B1A68D0075CBF01221A60164B1A68F6
:10A80C00D1075CBF01221A60144B1A68D2075CBFD7
:10A81C0001221A60124B1A68D0075CBF01221A6021
:10A82C00104B1A68D1075CBF01221A600E4B1A68D4
:10A83C00D2075CBF01221A60704700BF200A0020BB
:10A84C001C0A0020180A0020140A0020100A0020FC
:10A85C000C0A0020080A0020040A0020000A00202C
:10A86C00FC090020F8090020F4090020184B1A6894
:10A87C00D1075CBF01221A60164B1A68D2075CBF65
:10A88C0001221A60144B1A68D0075CBF01221A60AF
:10A89C00124B1A68D1075CBF01221A60104B1A6860
:10A8AC00D2075CBF01221A600E4B1A68D0075CBF3E
:10A8BC0001221A600C4B1A68D1075CBF01221A6086
:10A8CC000A4B1A68D2075CBF01221A60704700BF9E
:10A8DC00400A00203C0A0020380A0020340A0020DC
:10A8EC00300A00202C0A0020280A0020240A00200C
:10A8FC00184B1A68D1075CBF01221A60164B1A68F4
:10A90C00D2075CBF01221A60144B1A68D0075CBFD7
:10A91C0001221A60124B1A68D1075CBF01221A601F
:10A92C00104B1A68D2075CBF01221A600E4B1A68D2
:10A93C00D0075CBF01221A600C4B1A68D1075CBFB0
:10A94C0001221A600A4B1A68D2075CBF01221A60F6
:10A95C00704700BF600A00205C0A0020580A0020E3
:10A96C00540A0020500A00204C0A0020480A0020FB
:10A97C00440A0020F8B500BFF8BC08BC9E467047DE
:0CA98C00F8B500BFF8BC08BC9E46704740
:10A998004D617820736572766F732061747461639A
:10A9A8006865640031302D62697420616464726581
:10A9B8007373696E67206E6F7420737570706F7231
:10A9C80074656400746F6F206D616E7920717565B0
:10A9D80072696573000000004932433A20546F6F72
:10A9E800206D616E79206279746573207265636584
:10A9F80069766564000000004932433A20546F6F5D
:10AA0800206665772062797465732072656365696D
:10AA180076656400556E6B6E6F776E2070696E2078
:10AA28006D6F6465000000002F646174612F6769B1
:10AA3800742F7032696D2D7265616C5F6669726D15
:10AA4800776172652F476174657761792F537461F7
:10AA58006E646172644669726D6174612E696E6FAD
:10AA680000000000534E415053484F542052454770
:10AA78005300000052414D0053544152540000000D
:10AA88004C454E000D0A00002F686F6D652F6469F4
:10AA98006E6769736F756C2F2E61726475696E6F5E
:10AAA80031352F7061636B616765732F53544D3374
:10AAB800322F68617264776172652F73746D3332F7
:10AAC8002F312E332E302F6C696272617269657373
:10AAD8002F576972652F7372632F576972652E63DA
:10AAE800707000000000000000000000D130000875
:10AAF80035300008512F0008652F0008912F0008F5
:10AB0800DD2F00082E6370700000000000000000B8
:10AB1800002401400300000001000000002401405F
:10AB2800038000000400000000240140030002002C
:10AB38000600000000240140030003000700000095
:10AB4800002401400380030010000000002401409D
:10AB580003000400110000000024014003800400E9
:10AB68001C00000000240140030009001D00000033
:10AB780000240140038009001E0000000024014059
:10AB880003000A001F0000000024014003800A009F
:10AB980020000000002401400300050021000000FF
:10ABA8000024014003800500220000000024014029
:10ABB8000300060023000000002401400380060073
:10ABC80024000000002401400300070025000000C5
:10ABD8000024014003800700FF000000000000007F
:10ABE8000000000004000000007400400380000022
:10ABF800050000000074004003000100FF00000091
:10AC08000000000000000000160000000054004092
:10AC18000A04000018000000005400400A04000064
:10AC28001A000000005800400A040000FF0000005D
:10AC38000000000000000000170000000054004061
:10AC48000A04000019000000005400400A04000033
:10AC58001B000000005800400A040000FF0000002C
:10AC6800000000000000000000000000000000409C
:10AC780012810000010000000000004012010100E4
:10AC880002000000000801401283000003000000D9
:10AC98000008014012030100050000000000004008
:10ACA800128100000600000000040040128200002B
:10ACB8000700000000040040120201000F0000001D
:10ACC8000000004012810000100000000004004055
:10ACD800128201001100000000040040120202006C
:10ACE80013000000000000401201010014000000E1
:10ACF800000400401282000015000000000400401B
:10AD08001202010016000000000800401282000034
:10AD1800170000000008004012020100180000009F
:10AD280000080040128201001900000000080040DD
:10AD3800120202001A000000000000401281010007
:10AD48001B00000000000040120102001C0000006F
:10AD5800000C0140128300001D00000000080140A3
:10AD6800128300001E0000000008014012030100C9
:10AD78001F000000001001401283000026000000A0
:10AD88000004004012820000270000000004004078
:10AD98001202010028000000000400401282010095
:10ADA800290000000004004012020200FF00000019
:10ADB8000000000000000000030000000044004004
:10ADC800120700000A0000000038014012070000C6
:10ADD8001700000000380140120700001B000000A7
:10ADE80000480040120700002B000000004C004003
:10ADF8001208000032000000005000401208000055
:10AE0800FF00000000000000000000000200000039
:10AE1800004400401207000009000000003801400B
:10AE28001207000016000000003801401207000059
:10AE38001A00000000480040120700002A00000025
:10AE4800004C0040120800002C0000000050004098
:10AE580012080000FF0000000000000000000000D1
:10AE680003020A1315141A080927160706051918E4
:10AE78002A2CFF0D0E0F172D2E2F707122232B3227
:10AE8800292826250C0B1C1B12111F1E1D2400012E
:10AE98000410212007062223251C111F1E1D240033
:10AEA8000000000000000000010203040607080972
:10AEB8000000000001020304030406080C10182017
:10AEC8003000000054494D3A20556E6B6E6F776E16
:10AED80020636C6F636B20736F757263650000008D
:10AEE80054494D3A20556E6B6E6F776E2074696DBC
:10AEF800657220696E7374616E63650054494D3ADA
:10AF080020556E6B6E6F776E2074696D657220497F
:10AF180052516E004552524F523A206174206C656E
:10AF2800617374206F6E65204932432070696E200A
:10AF3800686173206E6F20706572697068657261F0
:10AF48006C0A00004552524F523A20493243207051
:10AF5800696E73206D69736D617463680A0000001F
:10AF68004552524F523A206174206C6561737420C7
:10AF78006F6E6520554152542070696E2068617368
:10AF8800206E6F207065726970686572616C0A0066
:10AF98004552524F523A2055285329415254207055
:10AFA800696E73206D69736D617463680A000000CF
:10AFB8006461746162697473213D30002F686F6D3C
:10AFC800652F64696E6769736F756C2F2E61726483
:10AFD80075696E6F31352F7061636B616765732FAB
:10AFE80053544D33322F68617264776172652F73E1
:10AFF800746D33322F312E332E302F636F72657399
:10B008002F61726475696E6F2F486172647761721F
:10B018006553657269616C2E6370700000000000F2
:10B0280000000000E19000088B93000837900008AA
:10B03800679000084B9000088F900008766F69644D
:10B0480020486172647761726553657269616C3A10
:10B058003A626567696E286C6F6E6720756E7369F2
:10B06800676E656420696E742C20627974652900A6
:10B078000000000000000000FB9200082C2066750C
:10B088006E6374696F6E3A200061737365727469D8
:10B098006F6E2022257322206661696C65643A20F0
:10B0A80066696C6520222573222C206C696E6520E8
:10B0B8002564257325730A0094000020232D302B66
:10B0C8002000686C4C0065666745464700303132A1
:10B0D80033343536373839414243444546003031F8
:10B0E8003233343536373839616263646566000057
:10B0F8000000000000000000000000000000000048
:10B108000000000000000000000000000000000037
:10B118000000000000000000000000000000000027
:10B128000000000000000000000000000000000017
:10B138000000000000000000000000000000000007
:10B1480000000000000000000000000000000000F7
:10B158006B94000861010008292300086334000883
:10B16800B5380008ED9200087D9300081196000894
:10B17800F1A60008B5A7000879A80008FDA80008EE
:04B188003D0100087D
:10B18C0000000000FF00000013000000736E6170EF
:10B19C0073686F7400FF000068FF1F000000000060
:10B1AC000000000000000000000000000000000093
:10B1BC000000000000000000000000000000000083
:10B1CC000000000000000000000000000000000073
:10B1DC000000000000000000000000000000000063
:10B1EC00050000000000000000000000000000004E
:10B1FC000000000000000000000000000000000043
:10B20C0000000000000000000A0000000800000020
:10B21C00940000200000000018B1000838B10008AC
:10B22C00F8B0000800000000000000000000000062
:10B23C000000000000000000000000000000000002
:10B24C0000000000000000000000000000000000F2
:10B25C0000000000000000000000000000000000E2
:10B26C0000000000000000000000000000000000D2
:04B27C0000000000CE
:0400000508003E8928
:00000001FF
