:020000040800F2
:10000000004001201D3E0008653E00083105000843
:10001000653E0008653E0008653E000800000000DF
:10002000000000000000000000000000653E000825
:10003000653E000800000000653E0008277B0008C0
:10004000653E0008653E0008653E0008653E000804
:10005000653E0008653E0008159500081F950008DC
:1000600029950008339500083D950008653E000875
:10007000653E0008653E0008653E0008653E0008D4
:10008000653E0008653E0008653E0008653E0008C4
:10009000653E0008653E0008653E0008479500087B
:1000A000653E00080D8200082182000835820008A4
:1000B00095810008A9810008BD8100084D860008CF
:1000C0005D8600086D8600087D860008653E000894
:1000D000653E0008018C0008198C0008318C00086E
:1000E0005D950008697C0008653E0008E581000810
:1000F000F981000800000000D1810008653E000879
:10010000498C0008618C0008653E0008653E0008C7
:10011000653E0008653E0008653E000800000000DE
:10012000653E000800000000000000000000000024
:0C01300000000000000000005FF808F173
:10013C0010B5054C237833B9044B13B10448AFF315
:10014C0000800123237010BDF4000020000000008B
:10015C0014A900080C4B43B10C4810B50C49AFF373
:10016C0000800C48036823B910BD0A48036833B9F2
:10017C007047094B002BF7D0BDE810401847064BD1
:10018C00002BF5D0184700BF0000000014A9000890
:10019C00F8000020F400002000000000034613F8D3
:1001AC00012B002AFBD1181A0138704738B50446C8
:1001BC000D463E2812DC14D8154B1856B0F1FF3FF3
:1001CC0011D003F04FFE08B9002308E0104B18576C
:1001DC0003F048FE012808D0012300E0002333B9C6
:1001EC0038BD0023FBE70023F9E70023F7E721469E
:1001FC00084803F0BBFA0128F2D12A4621460548EB
:10020C0003F0C6FA2946204608F06EFEE8E700BF68
:10021C000CAE0008D00300203E2800DD704738B536
:10022C000D46044601462D4803F0A0FA03282BD0B6
:10023C00042848D13E2C11D8294B1857B0F1FF3F58
:10024C0014D003F00FFE08B9002308E0244B185714
:10025C0003F008FE01280BD0012300E000234BB96A
:10026C002A4621461D4803F093FA38BD0023F6E7D1
:10027C000023F4E71B4B185D00EB400029461A4B9A
:10028C00184402F0FBFDEBE73E2C15D8144B185725
:10029C00B0F1FF3F18D003F0E5FD08B900200CE0E9
:1002AC000F4B185703F0DEFD01280FD00F490C4BF4
:1002BC00185707F0ABFC00E0002048B92A4621464D
:1002CC00064803F065FA38BD0020F6E70020F4E795
:1002DC002946204608F038FDF0E700BFD003002087
:1002EC000CAE0008F00100203002002014AC000815
:1002FC00072800F3C5802DE9F84F471CFFB2FF001B
:10030C00FFB23F2F00DD3F278A464FEAC0085FFA55
:10031C0088F844464FF0000901250DE0594B185759
:10032C0003F0A0FD012818D0012600E00026B6B984
:10033C006D00EDB20134E4B2BC424EDA3E2CF5D87D
:10034C00504B1857B0F1FF3F05D003F08BFD002840
:10035C00E4D10026EBE70026E9E70026E7E7214693
:10036C00494803F003FA012805D02146464803F01A
:10037C00FDF900B10026002EDAD015EA0A0F11D0D3
:10038C004FF0010B2146404803F0F0F901280CD046
:10039C0021463D4803F0EAF9B8B9BBF1000F0CD186
:1003AC00002613E04FF0000BECE745EA09095A462A
:1003BC002146354803F0ECF9BAE72146324803F000
:1003CC00E2F9012802D1002600E00026002EEED032
:1003DC000221204608F034FDE9E75FFA8AFA19F0A9
:1003EC00010F16D119F0020F19D119F0040F1DD1FC
:1003FC0019F0080F21D119F0100F25D119F0200F89
:10040C0029D119F0400F2DD119F0800F31D1BDE851
:10041C00F88F0AF00101404608F066FDE2E70AF0A9
:10042C00020108F1010008F05FFDDEE70AF00401AB
:10043C0008F1020008F058FDDAE70AF0080108F1AB
:10044C00030008F051FDD6E70AF0100108F1040092
:10045C0008F04AFDD2E70AF0200108F1050008F087
:10046C0043FDCEE70AF0400108F1060008F03CFD20
:10047C00CAE70AF0800108F1070008F035FDC6E76D
:10048C00704700BF0CAE0008D0030020102809DC18
:10049C0049B1012383400D4A11680B4313600C4B87
:1004AC001B784BB17047012303FA00F0074A13681D
:1004BC0023EA00031360704710B5044608F014FCDF
:1004CC0002462146034803F0FAF810BD1001002043
:1004DC006D010020D0030020012800D0704738B5F2
:1004EC004FF6FF73994200D038BD0B24044D002CFD
:1004FC00FADB284602F02AFC0335013CF7E700BF83
:10050C003002002070B506460D460024AC4205D2E0
:10051C00315D034808F01FFF0134F7E770BD00BFE1
:10052C003007002008B500BE0249034808F003FF5D
:10053C0008BD00BF2CA900083007002038B51A4CA4
:10054C0025780B2D2ADC194B1C78BCB1631E184D79
:10055C00ED5C184B1D54013C144B1C70002913DD31
:10056C00002A11DD134B1B5C03EB430413460A46B4
:10057C0001461148204402F0FFFB38BD0D4B1D54C1
:10058C000135094B1D70E9E70A4B1B5C03EB430378
:10059C0001460948184402F033FC38BD07490848A5
:1005AC0003F09EF838BD00BFEC01002018010020BC
:1005BC001C010020F0010020300200203CA90008A2
:1005CC00D003002038B504460F4D285C00EB4000EA
:1005DC000E4B184402F01CFC2A5D0D4B1B789A4202
:1005EC000CD03BB10B490B780133DBB20B70013BE8
:1005FC000949CA54FF22044B1A5538BD002BF0D0C0
:10060C00013B034A1370F5E7F00100203002002093
:10061C00EC010020180100201C0100200022034BDB
:10062C001A70FF22024B1A70704700BF6C01002039
:10063C000400002070B504460D4601469C4803F0AA
:10064C0095F87F2800F01B822146994803F08EF81C
:10065C0006280DD00023A3B93E2C1FD8954B185754
:10066C00B0F1FF3F38D003F0FDFB68B9002316E072
:10067C00914B1B781BB1062DEDD10023EBE700232A
:10068C00E9E7FFF7CBFFE7E78A4B185703F0EAFBE4
:10069C00012823D0042D23D0012300E000232BB10B
:1006AC00864B185D0B281DDD002010BBA4F12E0617
:1006BC00F6B2102E27D83E2C1FD87E4B185703F0BD
:1006CC00D1FBA0B33E2C1BD87A4B185703F0CAFBB6
:1006DC0001282ED0012317E00023E0E70023DEE7FA
:1006EC000023DCE700EB4000754B184402F0EAFBFA
:1006FC00DBE72046FFF766FFD8E74FF0FF30DEE779
:10070C004FF0FF30E2E700232BB1022D13D0002174
:10071C003046FFF7BBFE3E2C17D8664B1857B0F18E
:10072C00FF3F23D003F09EFB38B900230EE00023DB
:10073C00EAE70023E8E70121EAE75E4B185703F0EC
:10074C0091FB012814D0012300E00023E3B18DB10B
:10075C000B2D0FD0E30804F00701012202FA01F17E
:10076C005848C25C22EA0102C2540DE00023EDE7B6
:10077C000023EBE7E30804F00701012202FA01F180
:10078C005048C25C0A43C25400222146484802F039
:10079C00FFFF0B2D00F26F81DFE815F05000AE006B
:1007AC000C00DF000C016D0141016D016D016D014B
:1007BC0071017600102E16D83E2C09D83D4B1857D7
:1007CC0003F050FBF8B13E2C05D83A4B185704E017
:1007DC004FF0FF30F4E74FF0FF3003F043FB0128FC
:1007EC0013D0012500E00025002D00F048813E2C9F
:1007FC0015D8304B1857B0F1FF3F18D003F032FB2F
:10080C0028B900250CE00025EEE70025ECE7294B84
:10081C00185703F027FB012802D1002500E0002522
:10082C003DB902222146224802F0A4FF70BD0025EA
:10083C00F6E70021204608F003FBF2E73E2C11D826
:10084C001C4B1857B0F1FF3F1AD003F00BFB08B943
:10085C00002308E0174B185703F004FB012811D0B4
:10086C00012300E00023002B00F009810021204629
:10087C0008F0E6FA002221460D4802F07BFF70BD1D
:10088C000023F0E70023EEE73E2C1DD8094B185748
:10089C00B0F1FF3F2CD003F0E5FA08B9002314E0C7
:1008AC00044B185703F0DEFA012823D001230CE087
:1008BC00D00300200CAE00086C010020F0010020D9
:1008CC0030020020700100200023002B00F0D780A4
:1008DC000221204608F0B4FA694D0B222146284625
:1008EC0002F048FF01222146284602F051FF70BD5C
:1008FC000023EAE70023E8E73E2C11D8614B185798
:10090C00B0F1FF3F20D003F0ADFA08B9002308E0A6
:10091C005C4B185703F0A6FA012817D0012300E00E
:10092C000023002B00F0AB802146554802F01EFF3F
:10093C0003280DD00121204608F082FA012221461D
:10094C004F4802F017FF70BD0023EAE70023E8E7E9
:10095C000021204608F0C8FAECE73E2C15D8494B8C
:10096C001857B0F1FF3F21D003F07CFA08B90020F2
:10097C000CE0444B185703F075FA012818D0424983
:10098C00404B185707F042F900E00020002876D0C1
:10099C000121204608F054FA0021204608F0D4F931
:1009AC0003222146364802F0E5FE70BD0020EDE73B
:1009BC000020EBE73E2C11D8324B1857B0F1FF3F1B
:1009CC0029D003F04FFA08B9002508E02D4B185731
:1009DC0003F048FA012820D0012500E00025002D65
:1009EC004DD004222146264802F0C4FE274B185D48
:1009FC00FF2807D000EB4000254B184402F062FAA8
:100A0C0000B10025002D3AD04FF0FF3211462046A0
:100A1C00FFF794FD70BD0025E1E70025DFE73E2CD4
:100A2C001DD8184B1857B0F1FF3F20D003F01AFA1D
:100A3C0008B9002314E0134B185703F013FA0128DC
:100A4C0017D014490F4B185707F0E0F8034638B984
:100A5C0011490C4B185707F0D9F8034600E0002356
:100A6C006BB106222146064802F084FE70BD0023BD
:100A7C00F6E70023F4E70949014802F031FE70BDA6
:100A8C00D00300200CAE000814AC0008F0010020CC
:100A9C0030020020E4AB0008B4AB0008C0A9000889
:100AAC0038B5002417E01B4B185703F0DBF901286D
:100ABC0021D01949174B185707F0A8F8034638B935
:100ACC001649144B185707F0A1F8034600E0002311
:100ADC009BB90134E4B23E2C14DCF8D80D4B1857FA
:100AEC00B0F1FF3F05D003F0BDF90028DBD10023A6
:100AFC00EEE70023ECE70023EAE706212046FFF7A8
:100B0C0099FDE6E70122064B1A70064802F071FBCC
:100B1C0038BD00BF0CAE0008E4AB0008B4AB000855
:100B2C006C0100201003002008B50122134B1A7031
:100B3C00134B1B7863B90023072B0CDC00221149E3
:100B4C00CA541149CA541149CA540133DBB2F3E7F0
:100B5C00FFF764FDEFE700233E2B05DCFF210C4A79
:100B6C00D1540133DBB2F7E700230A4A13600A4A77
:100B7C0013700A4A1370014A137008BD6D010020EE
:100B8C006C010020E4010020700100207C01002099
:100B9C00F00100201001002018010020EC010020C1
:100BAC0038B5084B1D5C0D401AB9074B1B5C9D42B8
:100BBC0007D004462A460146044802F086FD024B43
:100BCC001D5538BD700100207C010020D003002091
:100BDC00072800F36C81A74B1954002900F067819A
:100BEC002DE9F0410646A44B1F5CC400E4B23E2C38
:100BFC001AD8A24B1857B0F1FF3F27D003F032F9A7
:100C0C0008B9002311E09D4B185703F02BF901286C
:100C1C001ED017F0010F01D1002306E0204608F08A
:100C2C0087F9B8B1012300E00023ABB90025631CA0
:100C3C003E2B25D89846914B13F90800B0F1FF3F95
:100C4C0031D003F00FF948B900231AE00023ECE788
:100C5C000023EAE70023E8E70125E8E7874B13F9CF
:100C6C00080003F0FFF801281FD017F0020F01D184
:100C7C00002306E0404608F05BF9C0B1012300E018
:100C8C0000230BB145F00205A31C3E2B23D898463C
:100C9C007A4B13F90800B0F1FF3F2FD003F0E2F8C4
:100CAC0038B9002318E00023EBE70023E9E7002321
:100CBC00E7E7724B13F9080003F0D4F801281FD0B2
:100CCC0017F0040F01D1002306E0404608F030F97C
:100CDC00C0B1012300E000230BB145F00405E31C77
:100CEC003E2B23D89846654B13F90800B0F1FF3F13
:100CFC002FD003F0B7F838B9002318E00023EBE746
:100D0C000023E9E70023E7E75C4B13F9080003F045
:100D1C00A9F801281FD017F0080F01D1002306E015
:100D2C00404608F005F9C0B1012300E000230BB1E7
:100D3C0045F00805231D3E2B23D898464F4B13F93D
:100D4C000800B0F1FF3F2FD003F08CF838B9002326
:100D5C0018E00023EBE70023E9E70023E7E7474B24
:100D6C0013F9080003F07EF801281FD017F0100FBC
:100D7C0001D1002306E0404608F0DAF8C0B10123A7
:100D8C0000E000230BB145F01005631D3E2B23D86A
:100D9C0098463A4B13F90800B0F1FF3F2FD003F0FF
:100DAC0061F838B9002318E00023EBE70023E9E7EA
:100DBC000023E7E7314B13F9080003F053F801283F
:100DCC001FD017F0200F01D1002306E0404608F099
:100DDC00AFF8C0B1012300E000230BB145F02005B2
:100DEC00A31D3E2B23D89846244B13F90800B0F1D1
:100DFC00FF3F2ED003F036F838B9002318E000235B
:100E0C00EBE70023E9E70023E7E71C4B13F90800A5
:100E1C0003F028F801281ED017F0400F01D1002351
:100E2C0006E0404608F084F8B8B1012300E0002346
:100E3C000BB145F04005E31D3E2B27D81C460F4B4C
:100E4C001857B0F1FF3F2CD003F00CF838B9002341
:100E5C001DE00023ECE70023EAE70023E8E7074B5B
:100E6C00185702F0FFFF01281DD017F0800F07D193
:100E7C0000230CE0E4010020700100200CAE0008FF
:100E8C00204608F055F880B1012300E000230BB197
:100E9C0045F08005012229463046FFF781FEBDE86A
:100EAC00F0810023F3E70023F1E70023EFE770471D
:100EBC0038B5A34B1B78002B00F02C81A14B1D786F
:100ECC00A14B93F90000B0F1FF3F16D002F0CAFF1E
:100EDC0008B9002312E09C4B93F9000002F0C2FF0A
:100EEC00012818D015F0010F01D1002306E00020D5
:100EFC0008F01EF888B1012300E000237BB9002420
:100F0C00914B93F90100B0F1FF3F1CD002F0AAFF06
:100F1C0038B9002318E00023F0E70023EEE70124A2
:100F2C00EEE7894B93F9010002F09CFF012819D0E0
:100F3C0015F0020F01D1002306E0012007F0F8FFA5
:100F4C0090B1012300E000230BB144F002047E4B6E
:100F5C0093F90200B0F1FF3F1AD002F083FF28B9D9
:100F6C00002316E00023EFE70023EDE7764B93F91F
:100F7C00020002F077FF012819D015F0040F01D1FF
:100F8C00002306E0022007F0D3FF90B1012300E01C
:100F9C0000230BB144F004046B4B93F90300B0F144
:100FAC00FF3F1AD002F05EFF28B9002316E00023A1
:100FBC00EFE70023EDE7644B93F9030002F052FFD7
:100FCC00012819D015F0080F01D1002306E00320E9
:100FDC0007F0AEFF90B1012300E000230BB144F009
:100FEC000804594B93F90400B0F1FF3F1AD002F0FA
:100FFC0039FF28B9002316E00023EFE70023EDE7C3
:10100C00514B93F9040002F02DFF012819D015F073
:10101C00100F01D1002306E0042007F089FF90B1E6
:10102C00012300E000230BB144F01004464B93F96C
:10103C000500B0F1FF3F1AD002F014FF28B90023CD
:10104C0016E00023EFE70023EDE73F4B93F9050093
:10105C0002F008FF012819D015F0200F01D1002350
:10106C0006E0052007F064FF90B1012300E00023A7
:10107C000BB144F02004344B93F90600B0F1FF3F60
:10108C001AD002F0EFFE28B9002316E00023EFE798
:10109C000023EDE72C4B93F9060002F0E3FE012848
:1010AC0019D015F0400F01D1002306E0062007F0FF
:1010BC003FFF90B1012300E000230BB144F040044A
:1010CC00214B93F90700B0F1FF3F1AD002F0CAFE92
:1010DC0028B9002316E00023EFE70023EDE71A4BB5
:1010EC0093F9070002F0BEFE012825D015F0800F01
:1010FC0001D1002306E0072007F01AFFF0B101230D
:10110C0000E000230BB144F080040022214610467D
:10111C00FFF746FD0A4B5B78002B00F03681094B3C
:10112C005D78094B93F90800B0F1FF3F20D002F035
:10113C0099FE58B900231CE00023E3E70023E1E704
:10114C00E4010020700100200CAE0008A34B93F9C1
:10115C00080002F087FE012818D015F0010F01D10C
:10116C00002306E0082007F0E3FE88B1012300E02D
:10117C0000237BB90024994B93F90900B0F1FF3F90
:10118C001CD002F06FFE38B9002318E00023F0E702
:10119C000023EEE70124EEE7904B93F9090002F0EF
:1011AC0061FE012819D015F0020F01D1002306E0D1
:1011BC00092007F0BDFE90B1012300E000230BB124
:1011CC0044F00204854B93F90A00B0F1FF3F1AD0AA
:1011DC0002F048FE28B9002316E00023EFE70023B5
:1011EC00EDE77E4B93F90A0002F03CFE012819D082
:1011FC0015F0040F01D1002306E00A2007F098FE39
:10120C0090B1012300E000230BB144F00404734BB4
:10121C0093F90B00B0F1FF3F1AD002F023FE28B96E
:10122C00002316E00023EFE70023EDE76B4B93F967
:10123C000B0002F017FE012819D015F0080F01D190
:10124C00002306E00B2007F073FE90B1012300E0B1
:10125C0000230BB144F00804604B93F90C00B0F17F
:10126C00FF3F1AD002F0FEFD28B9002316E0002340
:10127C00EFE70023EDE7594B93F90C0002F0F2FD78
:10128C00012819D015F0100F01D1002306E00C2015
:10129C0007F04EFE90B1012300E000230BB144F0A7
:1012AC0010044E4B93F90D00B0F1FF3F1AD002F031
:1012BC00D9FD28B9002316E00023EFE70023EDE762
:1012CC00464B93F90D0002F0CDFD012819D015F015
:1012DC00200F01D1002306E00D2007F029FE90B16C
:1012EC00012300E000230BB144F020043B4B93F9A5
:1012FC000E00B0F1FF3F1AD002F0B4FD28B9002364
:10130C0016E00023EFE70023EDE7344B93F90E00D2
:10131C0002F0A8FD012819D015F0400F01D10023CF
:10132C0006E00E2007F004FE90B1012300E000233C
:10133C000BB144F04004294B93F90F00B0F1FF3F7F
:10134C001AD002F08FFD28B9002316E00023EFE736
:10135C000023EDE7214B93F90F0002F083FD0128E8
:10136C0025D015F0800F01D1002306E00F2007F0E7
:10137C00DFFDF0B1012300E000230BB144F0800449
:10138C00002221460120FFF70BFC154B9B78002B0C
:10139C0000F03781134B9D78104B93F91000B0F18E
:1013AC00FF3F21D002F05EFD28B900231DE0002391
:1013BC00E3E70023E1E7094B93F9100002F052FD3B
:1013CC0001281FD015F0010F01D100230DE01020D2
:1013DC0007F0AEFDC0B1012307E000BF0CAE000862
:1013EC00E40100207001002000237BB90024A34BF2
:1013FC0093F91100B0F1FF3F1CD002F033FD38B966
:10140C00002318E00023F0E70023EEE70124EEE7C9
:10141C009A4B93F9110002F025FD012819D015F013
:10142C00020F01D1002306E0112007F081FD90B1DD
:10143C00012300E000230BB144F002048F4B93F91D
:10144C001200B0F1FF3F1AD002F00CFD28B90023B6
:10145C0016E00023EFE70023EDE7884B93F9120029
:10146C0002F000FD012819D015F0040F01D1002362
:10147C0006E0122007F05CFD90B1012300E0002390
:10148C000BB144F004047D4B93F91300B0F1FF3F12
:10149C001AD002F0E7FC28B9002316E00023EFE78E
:1014AC000023EDE7754B93F9130002F0DBFC0128E8
:1014BC0019D015F0080F01D1002306E0132007F016
:1014CC0037FD90B1012300E000230BB144F0080478
:1014DC006A4B93F91400B0F1FF3F1AD002F0C2FC32
:1014EC0028B9002316E00023EFE70023EDE7634B58
:1014FC0093F9140002F0B6FC012819D015F0100F66
:10150C0001D1002306E0142007F012FD90B1012355
:10151C0000E000230BB144F01004584B93F9150074
:10152C00B0F1FF3F1AD002F09DFC28B9002316E061
:10153C000023EFE70023EDE7504B93F9150002F081
:10154C0091FC012819D015F0200F01D1002306E0E1
:10155C00152007F0EDFC90B1012300E000230BB146
:10156C0044F02004454B93F91600B0F1FF3F1AD01C
:10157C0002F078FC28B9002316E00023EFE70023E3
:10158C00EDE73E4B93F9160002F06CFC012819D0E4
:10159C0015F0400F01D1002306E0162007F0C8FC1F
:1015AC0090B1012300E000230BB144F04004334B15
:1015BC0093F91700B0F1FF3F1AD002F053FC28B991
:1015CC00002316E00023EFE70023EDE72B4B93F904
:1015DC00170002F047FC012825D015F0800F01D12F
:1015EC00002306E0172007F0A3FCF0B1012300E074
:1015FC0000230BB144F08004002221460220FFF7A7
:10160C00CFFA1F4BDB78002B00F037811D4BDD78B8
:10161C001A4B93F91800B0F1FF3F1AD002F022FCDC
:10162C0028B9002316E00023E3E70023E1E7134B7E
:10163C0093F9180002F016FC012818D015F0010FD0
:10164C0001D1002306E0182007F072FC88B10123B9
:10165C0000E000237BB90024084B93F91900B0F18A
:10166C00FF3F23D002F0FEFB70B900231FE00023E4
:10167C00F0E70023EEE70124EEE700BF0CAE000814
:10168C00E401002070010020A34B93F9190002F033
:10169C00E9FB012819D015F0020F01D1002306E057
:1016AC00192007F045FC90B1012300E000230BB199
:1016BC0044F00204984B93F91A00B0F1FF3F1AD092
:1016CC0002F0D0FB28B9002316E00023EFE700233B
:1016DC00EDE7914B93F91A0002F0C4FB012819D0E5
:1016EC0015F0040F01D1002306E01A2007F020FCAE
:1016FC0090B1012300E000230BB144F00404864BAD
:10170C0093F91B00B0F1FF3F1AD002F0ABFB28B9E4
:10171C00002316E00023EFE70023EDE77E4B93F95F
:10172C001B0002F09FFB012819D015F0080F01D106
:10173C00002306E01B2007F0FBFB90B1012300E027
:10174C0000230BB144F00804734B93F91C00B0F167
:10175C00FF3F1AD002F086FB28B9002316E00023C5
:10176C00EFE70023EDE76C4B93F91C0002F07AFBDA
:10177C00012819D015F0100F01D1002306E01C2010
:10178C0007F0D6FB90B1012300E000230BB144F02D
:10179C001004614B93F91D00B0F1FF3F1AD002F019
:1017AC0061FB28B9002316E00023EFE70023EDE7E7
:1017BC00594B93F91D0002F055FB012819D015F077
:1017CC00200F01D1002306E01D2007F0B1FB90B1E2
:1017DC00012300E000230BB144F020044E4B93F99D
:1017EC001E00B0F1FF3F1AD002F03CFB28B90023D9
:1017FC0016E00023EFE70023EDE7474B93F91E00BB
:10180C0002F030FB012819D015F0400F01D1002354
:10181C0006E01E2007F08CFB90B1012300E00023B2
:10182C000BB144F040043C4B93F91F00B0F1FF3F67
:10183C001AD002F017FB28B9002316E00023EFE7BB
:10184C000023EDE7344B93F91F0002F00BFB01284A
:10185C0025D015F0800F01D1002306E01F2007F0E2
:10186C0067FBF0B1012300E000230BB144F08004CE
:10187C00002221460320FFF793F9284B1B79002BFC
:10188C0000F03781264B1D79234B93F92000B0F1E2
:10189C00FF3F1AD002F0E6FA28B9002316E0002325
:1018AC00E3E70023E1E71C4B93F9200002F0DAFA9E
:1018BC00012818D015F0010F01D1002306E02020DB
:1018CC0007F036FB88B1012300E000237BB900242C
:1018DC00114B93F92100B0F1FF3F23D002F0C2FA73
:1018EC0038B900231FE00023F0E70023EEE70124C2
:1018FC00EEE7094B93F9210002F0B4FA012820D04D
:10190C0015F0020F01D100230DE0212007F010FB90
:10191C00C8B1012307E000BF0CAE0008E4010020B1
:10192C007001002000230BB144F00204A74B93F983
:10193C002200B0F1FF3F1AD002F094FA28B900232C
:10194C0016E00023EFE70023EDE7A04B93F922000C
:10195C0002F088FA012819D015F0040F01D10023E8
:10196C0006E0222007F0E4FA90B1012300E0002306
:10197C000BB144F00404954B93F92300B0F1FF3FF5
:10198C001AD002F06FFA28B9002316E00023EFE713
:10199C000023EDE78D4B93F9230002F063FA012845
:1019AC0019D015F0080F01D1002306E0232007F011
:1019BC00BFFA90B1012300E000230BB144F00804FE
:1019CC00824B93F92400B0F1FF3F1AD002F04AFA8F
:1019DC0028B9002316E00023EFE70023EDE77B4B4B
:1019EC0093F9240002F03EFA012819D015F0100FDB
:1019FC0001D1002306E0242007F09AFA90B10123CC
:101A0C0000E000230BB144F01004704B93F9250057
:101A1C00B0F1FF3F1AD002F025FA28B9002316E0E6
:101A2C000023EFE70023EDE7684B93F9250002F064
:101A3C0019FA012819D015F0200F01D1002306E066
:101A4C00252007F075FA90B1012300E000230BB1BB
:101A5C0044F020045D4B93F92600B0F1FF3F1AD0FF
:101A6C0002F000FA28B9002316E00023EFE7002368
:101A7C00EDE7564B93F9260002F0F4F9012819D042
:101A8C0015F0400F01D1002306E0262007F050FA94
:101A9C0090B1012300E000230BB144F040044B4B08
:101AAC0093F92700B0F1FF3F1AD002F0DBF928B907
:101ABC00002316E00023EFE70023EDE7434B93F9F7
:101ACC00270002F0CFF9012825D015F0800F01D1A5
:101ADC00002306E0272007F02BFAF0B1012300E0E9
:101AEC0000230BB144F08004002221460420FFF7B0
:101AFC0057F8374B5B79002B00F03681354B5D790D
:101B0C00324B93F92800B0F1FF3F1AD002F0AAF93A
:101B1C0028B9002316E00023E3E70023E1E72B4B71
:101B2C0093F9280002F09EF9012818D015F0010F46
:101B3C0001D1002306E0282007F0FAF988B101232F
:101B4C0000E000237BB90024204B93F92900B0F16D
:101B5C00FF3F1CD002F086F938B9002318E00023AF
:101B6C00F0E70023EEE70124EEE7184B93F9290088
:101B7C0002F078F9012819D015F0020F01D10023D9
:101B8C0006E0292007F0D4F990B1012300E00023EE
:101B9C000BB144F002040D4B93F92A00B0F1FF3F56
:101BAC0020D002F05FF928B900231CE00023EFE7F6
:101BBC000023EDE7054B93F92A0002F053F90128B5
:101BCC001FD015F0040F07D100230CE00CAE000859
:101BDC00E4010020700100202A2007F0A9F990B13F
:101BEC00012300E000230BB144F00404A74B93F94C
:101BFC002B00B0F1FF3F1AD002F034F928B90023C2
:101C0C0016E00023EFE70023EDE7A04B93F92B0040
:101C1C0002F028F9012819D015F0080F01D1002382
:101C2C0006E02B2007F084F990B1012300E000239B
:101C3C000BB144F00804954B93F92C00B0F1FF3F25
:101C4C001AD002F00FF928B9002316E00023EFE7B1
:101C5C000023EDE78D4B93F92C0002F003F90128DA
:101C6C0019D015F0100F01D1002306E02C2007F03D
:101C7C005FF990B1012300E000230BB144F0100494
:101C8C00824B93F92D00B0F1FF3F1AD002F0EAF825
:101C9C0028B9002316E00023EFE70023EDE77B4B88
:101CAC0093F92D0002F0DEF8012819D015F0200F61
:101CBC0001D1002306E02D2007F03AF990B1012361
:101CCC0000E000230BB144F02004704B93F92E007C
:101CDC00B0F1FF3F1AD002F0C5F828B9002316E086
:101CEC000023EFE70023EDE7684B93F92E0002F099
:101CFC00B9F8012819D015F0400F01D1002306E0E6
:101D0C002E2007F015F990B1012300E000230BB150
:101D1C0044F040045D4B93F92F00B0F1FF3F1AD013
:101D2C0002F0A0F828B9002316E00023EFE7002307
:101D3C00EDE7564B93F92F0002F094F8012825D0CB
:101D4C0015F0800F01D1002306E02F2007F0F0F8EA
:101D5C00F0B1012300E000230BB144F08004002219
:101D6C0021460520FEF71CFF494B9B79002B00F008
:101D7C003681484B9D79454B93F93000B0F1FF3FCC
:101D8C001AD002F06FF828B9002316E00023E3E71D
:101D9C000023E1E73D4B93F9300002F063F8012892
:101DAC0018D015F0010F01D1002306E0302007F008
:101DBC00BFF888B1012300E000237BB90024334B2A
:101DCC0093F93100B0F1FF3F1CD002F04BF838B959
:101DDC00002318E00023F0E70023EEE70124EEE7F0
:101DEC002A4B93F9310002F03DF8012819D015F077
:101DFC00020F01D1002306E0312007F099F890B1D1
:101E0C00012300E000230BB144F002041F4B93F9B3
:101E1C003200B0F1FF3F1AD002F024F828B90023A9
:101E2C0016E00023EFE70023EDE7184B93F932009F
:101E3C0002F018F8012819D015F0040F01D1002375
:101E4C0006E0322007F074F890B1012300E0002383
:101E5C000BB144F004040D4B93F93300B0F1FF3F88
:101E6C0020D001F0FFFF28B900231CE00023EFE78E
:101E7C000023EDE7054B93F9330001F0F3FF012844
:101E8C001FD015F0080F07D100230CE00CAE000892
:101E9C00E401002070010020332007F049F890B1D4
:101EAC00012300E000230BB144F00804A74B93F985
:101EBC003400B0F1FF3F1AD001F0D4FF28B9002351
:101ECC0016E00023EFE70023EDE7A04B93F9340075
:101EDC0001F0C8FF012819D015F0100F01D1002313
:101EEC0006E0342007F024F890B1012300E0002331
:101EFC000BB144F01004954B93F93500B0F1FF3F52
:101F0C001AD001F0AFFF28B9002316E00023EFE749
:101F1C000023EDE78D4B93F9350001F0A3FF012869
:101F2C0019D015F0200F01D1002306E0352006F062
:101F3C00FFFF90B1012300E000230BB144F020041B
:101F4C00824B93F93600B0F1FF3F1AD001F08AFFB3
:101F5C0028B9002316E00023EFE70023EDE77B4BC5
:101F6C0093F9360001F07EFF012819D015F0400FCF
:101F7C0001D1002306E0362006F0DAFF90B10123F0
:101F8C0000E000230BB144F04004704B93F9370090
:101F9C00B0F1FF3F1AD001F065FF28B9002316E01D
:101FAC000023EFE70023EDE7684B93F9370001F0CE
:101FBC0059FF012825D015F0800F01D1002306E030
:101FCC00372006F0B5FFF0B1012300E000230BB180
:101FDC0044F08004002221460620FEF7E1FD5C4B14
:101FEC00DB79002B00F011815A4BDD79574B93F9BB
:101FFC003800B0F1FF3F1AD001F034FF28B90023AC
:10200C0016E00023E3E70023E1E7504B93F9380097
:10201C0001F028FF012818D015F0010F01D1002381
:10202C0006E0382006F084FF88B1012300E000238D
:10203C007BB90024454B93F93900B0F1FF3F1CD01C
:10204C0001F010FF38B9002318E00023F0E700235B
:10205C00EEE70124EEE73D4B93F9390001F002FF66
:10206C00012819D015F0020F01D1002306E0392008
:10207C0006F05EFF90B1012300E000230BB144F0A9
:10208C000204324B93F93A00B0F1FF3F1AD001F041
:10209C00E9FE28B9002316E00023EFE70023EDE763
:1020AC002A4B93F93A0001F0DDFE012819D015F006
:1020BC00040F01D1002306E03A2006F039FF90B15D
:1020CC00012300E000230BB144F004041F4B93F9EF
:1020DC003B00B0F1FF3F1AD001F0C4FE28B9002339
:1020EC0016E00023EFE70023EDE7184B93F93B00D4
:1020FC0001F0B8FE012819D015F0080F01D100230A
:10210C0006E03B2006F014FF90B1012300E0002311
:10211C000BB144F008040D4B93F93C00B0F1FF3FB8
:10212C0020D001F09FFE28B900231CE00023EFE72C
:10213C000023EDE7054B93F93C0001F093FE0128D9
:10214C001FD015F0100F07D100230CE00CAE0008C7
:10215C00E4010020700100203C2006F0E9FE90B163
:10216C00012300E000230BB144F01004294B93F938
:10217C003D00B0F1FF3F1AD001F074FE28B90023E6
:10218C0016E00023EFE70023EDE7224B93F93D0027
:10219C0001F068FE012819D015F0200F01D10023A1
:1021AC0006E03D2006F0C4FE90B1012300E00023C0
:1021BC000BB144F02004174B93F93E00B0F1FF3FF4
:1021CC001AD001F04FFE28B9002316E00023EFE7E8
:1021DC000023EDE70F4B93F93E0001F043FE01287D
:1021EC0014D015F0400F01D1002306E03E2006F07C
:1021FC009FFE68B1012300E000230BB144F04004C2
:10220C00002221460720FEF7CBFC38BD0023F4E763
:10221C000023F2E70CAE000810B51B4C052302227C
:10222C001A49204601F0F4F9194AE021204601F040
:10223C0063FA184A9021204601F05EFA164AC02132
:10224C00204601F059FA154AD021204601F054FAE3
:10225C00134AF421204601F04FFA124AF521204688
:10226C0001F04AFA104AF021204601F079FA0F4A9F
:10227C00FF21204601F06CFA4FF46141204601F039
:10228C00CBFAFEF751FC10BDD0030020D4A90008F6
:10229C0025020008FD02000899040008DD0B000867
:1022AC0041060008B901000875240008350B000828
:1022BC0008B54FF6FF710120FEF70EF908BD0000BE
:1022CC0070B50646294806F07AFE054670B901231A
:1022DC00002B47D10024AC4211D2244806F087FED3
:1022EC00234B1B5D98423DD10134F4E71F4806F0A7
:1022FC0070FE732801D00123EAE70023E8E7734658
:10230C0033657665EFF3148313F0020F2BD036612F
:10231C00164C1849204607F00EF858213046FEF7A7
:10232C00F1F81549204607F006F8144E10223146F4
:10233C00204607F042F81249204606F0FCFF114DEA
:10234C00AD1B0A222946204607F037F80E492046D5
:10235C0006F0F1FF29463046FEF7D4F80B4920462B
:10236C0006F0E9FF70BD7661D2E700BF30070020B0
:10237C000C00002010AA000820AA0008F40000207D
:10238C0024AA0008700A00202CAA000830AA000811
:10239C0008B50146014800F05FFE08BD100300209F
:1023AC0008B5024800F0A2FDC0B208BD1003002021
:1023BC002DE9F04105461746B1F1FF3F23D00C46FD
:1023CC009846244E0146304600F018FFE0B2FFF765
:1023DC00DFFF4146304600F025FFDFF878803A46B3
:1023EC002946404600F0FCFF3E46404600F074FD96
:1023FC0087420ADA1849194801F072F9184B1D7016
:10240C005C70002417E00024E7E7124800F064FD3C
:10241C008742F3DD1349114801F062F9EEE70D48EC
:10242C0000F05AFD58B101235BB1A51CFFF7B8FFB2
:10243C000B4B58550134B442F1DB0023F4E7002375
:10244C00F2E7BA1C064BD2B27721044801F043F9EB
:10245C00BDE8F0811003002084A90008D0030020FF
:10246C002C010020A4A900082DE9F8430D461446C0
:10247C006938112800F2FF82DFE810F0C602FD0275
:10248C006601FD027802FD025301FE00FD02FD0211
:10249C00FD02FD02FD021200FD02EC00FD024201F4
:1024AC00537803F0180213F0200F22D1207813F088
:1024BC00400F24D00023182A00F2DD82DFE812F04E
:1024CC002100DB02DB02DB02DB02DB02DB02DB02D4
:1024DC003900DB02DB02DB02DB02DB02DB02DB02AC
:1024EC005200DB02DB02DB02DB02DB02DB02DB0283
:1024FC008400B949B94801F0F3F8BDE8F883012329
:10250C00D9E70146B64800F079FE0226AE420BDA56
:10251C00A35DA2195078C001C0B21844C0B2FFF735
:10252C0037FF0236F6B2F1E7AD4800F0AFFEBDE87A
:10253C00F883062D0BD0A278E178C901C9B20A4400
:10254C00D2B24FF0FF31FFF733FFBDE8F883A1782B
:10255C00E27801EBC21122796479E401E4B22244FD
:10256C00D2B2F0E79F4A92F90020511C072919DCDE
:10257C00062D1DD0A578E178C901C9B20D44EDB284
:10258C004FF0FF3E013252B296490A709649540000
:10259C00A718BE008F198855C7F804E03D727B72EE
:1025AC00BDE8F88391498D4801F09AF8BDE8F883AD
:1025BC0094F802E0E1780EEBC11E25796179C9012E
:1025CC00C9B20D44EDB2DDE7864B93F90070002FD4
:1025DC000DDD0023791C8B420DDA03EB4304A200C2
:1025EC00814CA25C90420AD00133DBB2F2E7FF22AD
:1025FC001A70BDE8F883002301E00133DBB2994285
:10260C0023DD072BF9DC03F1010E774A4FEA4E0567
:10261C0005EB0E06B40002EB040812F804905C0003
:10262C0004EB030C4FEA8C0602EB060C02F8069046
:10263C00D8F80460CCF8046098F808608CF808604E
:10264C0098F809508CF80950D7E7013F654B1F707B
:10265C00BDE8F8831378527803EBC213012902DD2D
:10266C000BB1634A1360634B1B78002B40F0038261
:10267C00FEF716FABDE8F883042940F3FC811578BF
:10268C005378967803EBC616D378147903EBC414FD
:10269C003E2D11D8584B5857B0F1FF3F21D001F0C7
:1026AC00E1FB08B9002308E0534B585701F0DAFB63
:1026BC00012818D0012300E00023002B00F0DB815F
:1026CC004E4B585D0B2810DD0020A8B92246314630
:1026DC002846FDF733FF04212846FDF7ABFFBDE884
:1026EC00F8830023E9E70023E7E700EB4000444BC5
:1026FC00184400F0E7FBE8E72846FDF763FFE5E741
:10270C00012940F3B8811378527803EBC2133D4A88
:10271C001360002B40F0AF8101223A4B1A60BDE8E8
:10272C00F883012940F3A7815178022D02DD9378BB
:10273C0041EAC311032D02DDE37841EA83312078AD
:10274C00FDF76AFDBDE8F883244CF021204600F02B
:10275C00CCFF6C21204600F0C8FF0024E0E0264BA3
:10276C00185701F07FFB012817D0012300E000234C
:10277C00ABB9A4F12E03DBB2102B4DD83E2C28D8CC
:10278C001D4B985701F06EFB002853D03E2C3BD8C4
:10279C00194B98573AE00023EAE70023E8E70F4D7E
:1027AC000021284600F0A1FF0121284600F09DFFE2
:1027BC000B21284600F099FF0121284600F095FFD7
:1027CC000121284600F091FF0121284600F08DFFE1
:1027DC00CFE74FF0FF30D5E750A90008D003002019
:1027EC0010030020040000208401002070A90008C0
:1027FC00280100206C0100200CAE0008F001002024
:10280C0030020020080000204FF0FF3001F02AFBBE
:10281C00012811D0012300E000237BB93E2C23D8E2
:10282C00964B9857B0F1FF3F2CD001F01BFB78B9B9
:10283C0000201AE00023F0E70023EEE7904D022180
:10284C00284600F052FF0A21284600F04EFFE5E72B
:10285C008A4B985701F006FB012815D08949874B04
:10286C00985705F0D3F900E0002078B93E2C1FD81A
:10287C00824B9857B0F1FF3F28D001F0F3FA78B9AA
:10288C00002316E00020F0E70020EEE77C4D03214A
:10289C00284600F02AFF0821284600F026FFE5E72D
:1028AC00764B985701F0DEFA012811D0012300E095
:1028BC0000237BB93E2C2BD8704B9857B0F1FF3FBF
:1028CC0040D001F0CFFA78B9002322E00023F0E7E2
:1028DC000023EEE76A4D0421284600F006FF0E2186
:1028EC00284600F002FFE5E7644B985701F0BAFA6E
:1028FC00012829D06449614B985705F087F90346A4
:10290C0038B962495D4B985705F080F9034600E0F1
:10291C000023DBB97F215A4800F0E7FE0134E4B212
:10292C0026463E2C1CDC3FF622AF544B1857B0F118
:10293C00FF3F3FF430AF01F095FA00287FF40FAF62
:10294C00002315E70023E4E70023E2E74C4D0621C2
:10295C00284600F0CAFE0121284600F0C6FED9E741
:10296C00F721474800F0C1FEBDE8F883002900F0CC
:10297C0082801478424DF021284600F0B6FE6E217C
:10298C00284600F0B2FE2146284600F0AEFE3E2C52
:10299C0005DDF7213A4800F0A8FEBDE8F883214692
:1029AC00284600F0E3FE0146284600F09EFE214634
:1029BC00284600F0E8FE00F07F01284600F095FE66
:1029CC002146284600F0DFFE4FF68073184211D1E5
:1029DC0021462B4800F0D7FE10F4404FD9D0284D9B
:1029EC002146284600F0CFFEC0F38631284600F081
:1029FC007CFECEE72146284600F0C5FEC0F3C6118A
:102A0C00284600F072FEE3E71D4CF021204600F052
:102A1C006CFE6A21204600F068FE002411E04FF0A5
:102A2C00FF301AE04FF0FF3001F01CFA012802D100
:102A3C007F2500E07F252946114800F056FE013421
:102A4C00E4B226463E2C12DCA4F12E05EDB2102D7C
:102A5C00F0D83E2CE3D8094B185701F003FA20B1FB
:102A6C003E2CDFD8054B9857DEE77F25E3E7F721AF
:102A7C00034800F03AFEBDE8F88300BF0CAE000836
:102A8C00D003002014AC0008E4AB0008B4AB000881
:102A9C0070B52DE9FF5FEFF3088001B4EFF3098007
:102AAC0001B44948016802B4416802B4816802B4B7
:102ABC00C16802B46846FFF703FC06B003BC0CB057
:102ACC00FEF7F6F9384800F0E3FD18B1364800F08F
:102ADC00E6FDF7E706F054FA344B1860344B1B68EC
:102AEC00C01A344A126890425CD91344304A1360BD
:102AFC00002411E04FF0FF301AE04FF0FF301EE0E1
:102B0C00012300E000232BB12B4B1B682B4113F04E
:102B1C00010F24D10134E4B226463E2C28DCA4F16A
:102B2C002E05EDB2102DEDD83E2CE3D8234B1857C3
:102B3C0001F098F978B13E2CDFD8204B985701F072
:102B4C0091F9012809D02146174800F00FFE022800
:102B5C00D6D00023D7E70023D5E70023D3E72846B8
:102B6C0006F0C2F8024629460F4800F0A8FDD1E74E
:102B7C00134B93F90030002B14DB0024104B93F90A
:102B8C00003001339C420DDA0E4D63001A1990008F
:102B9C0029184B7A0A7A4968285CFFF709FC01343A
:102BAC00E4B2EBE770BD00BFD0030020140100209D
:102BBC007801002008000020100100200CAE000855
:102BCC00040000208401002000E100E000230B2B16
:102BDC000CDC00EB40018A001A44064911F8322043
:102BEC0012F0400F04D10133DBB2F0E70020704744
:102BFC00012070475C02002008B5044B40F2DC5207
:102C0C004EF6602105F03AFA08BD00BF1D2C0008F5
:102C1C00F8B506460F4690F83C40474B1B5D13F049
:102C2C00800F16D104EB44039A00434B1B5D5BB23F
:102C3C001344424909788B420FDA3F4B1B5D5BB260
:102C4C0013443F4911F8333013F0400F1ED10023C9
:102C5C0004E0002105F08DFA01E00023C3B9364AE7
:102C6C00135D5BB201335BB2135504EB44039D005F
:102C7C00135D5BB22B44314A1278934215DA2E4B1A
:102C8C001B5D5BB20B2B2DDD00230FE00123E5E771
:102C9C00294B1B5D5BB21A44294B13F832000021FF
:102CAC0000F03F0006F020F9D9E7002343B3224B94
:102CBC001B5D5BB22B44224A12F8333013F0400FE9
:102CCC0012D1304605F052FA1B4B1B5D5BB21D4412
:102CDC001B4B03EBC5056A6802443946304605F0C8
:102CEC004BFAF8BD0123E1E7134B1B5D5BB22B44A0
:102CFC0012F83300012100F03F0006F0F5F8E0E790
:102D0C00304605F033FA043044F61F63984209D874
:102D1C0044F620623946304605F02EFAFF22064B67
:102D2C001A55F8BD304605F021FA021D39463046D9
:102D3C0005F022FAF2E700BF5802002054020020EE
:102D4C005C02002008B505F0DFF908BD084B1B78C4
:102D5C000B2B02DDFF2303707047591C044A1170C2
:102D6C000370044A02EBC30340F2DC525A60704712
:102D7C00540200205C020020F8B504461D4603787E
:102D8C000B2B01DD2078F8BD0F4616460121384685
:102D9C0006F056F82278174B13F8321067F305013A
:102DAC0003F83210D6F508761AD446F38706667007
:102DBC00D5F5166516D445F38705A57025780E4B09
:102DCC00A3FB0535ED082846FFF700FF60B121781D
:102DDC00084A12F8313043F0400302F83130D1E7A1
:102DEC000336E2E70335E6E7044880F83C50FFF78A
:102DFC0003FFECE75C020020ABAAAAAABC020020ED
:102E0C0008B54FF416634FF40872FFF7B5FF08BD11
:102E1C0008B50078094B13F830206FF3861203F8CD
:102E2C003020074BA3FB0030C008FFF7CFFE00B1EA
:102E3C0008BD0448FFF786FFFAE700BF5C020020DC
:102E4C00ABAAAAAABC02002002780B2A12DC90F9C9
:102E5C000130C3F188039B008B4207DC90F90230F0
:102E6C00C3F516739B00994200DC0B46024901EB3B
:102E7C00C2025360704700BF5C02002010B582B0E4
:102E8C0004460846B1F5087F12DA002916DBB4298E
:102E9C0016DC94F90130C3F1880394F90220C2F5D1
:102EAC001672920000929B00B422002106F094FA54
:102EBC0001462046FFF7C8FF02B010BD0020E8E72E
:102ECC00B420E6E70278034B13F83200C0F380100D
:102EDC00704700BF5C020020024B1878024B1B7835
:102EEC00C01A7047B3030020B1030020074B1B78B6
:102EFC00074A1278934206DA064A1268D05C01330C
:102F0C00024A137070474FF0FF307047B103002036
:102F1C00B3030020C4030020064B1B78064A12782A
:102F2C00934203DA054A1268D05C70474FF0FF30C9
:102F3C00704700BFB1030020B3030020C40300207E
:102F4C0008B5054B1B682BB1002204490A700449D3
:102F5C000A70984708BD00BFBC030020B2030020D4
:102F6C00B403002008B500230C4A13700C4A1370EC
:102F7C000C4B186820B10C4B1A78002106F095FB0D
:102F8C0000230A4A13700A4A13700A4B186820B1BE
:102F9C00094B1A78002106F088FB08BDB10300200C
:102FAC00B3030020C4030020C0030020B2030020A0
:102FBC00B4030020C8030020C10300202DE9F04118
:102FCC0007460E4614461F4B1B7883B31E4B1D78C9
:102FDC0015441E4B1B789D420FD91F2D00D8202560
:102FEC00DFF86C802946D8F8000006F0FFFEC8F820
:102FFC000000A8B1EDB2154B1D70154B1B688BB1C1
:10300C00144D287822463146184406F043FB2B78A1
:10301C002344DBB22B700C4A13702046BDE8F081C0
:10302C000025E8E701237B600020BDE8F08192B227
:10303C00143005F058FA10B10020BDE8F08120469C
:10304C00BDE8F081B0030020B4030020C1030020D0
:10305C00C8030020B203002070B582B005468DF87D
:10306C0007101C4B1B7853B31B4B1C7801341B4BA8
:10307C001B789C420CD91F2C00D82024184E2146BA
:10308C00306806F0B3FE306098B1E4B2134B1C709C
:10309C00134B1B687BB1134A11789DF807005854E9
:1030AC0013780133DBB213700B4A1370012002B09A
:1030BC0070BD0024EAE701236B600020F7E70122D2
:1030CC000DF10701143005F00EFA08B90120EEE7F6
:1030DC000020ECE7B0030020B4030020C103002063
:1030EC00C8030020B2030020002242604FF47A7221
:1030FC008260064A0260064A92F90E1080F86C1043
:10310C0092F90F2080F86D20704700BF98AA000834
:10311C000CAE0008012800D0704708B54FF6FF73BD
:10312C00994200D008BD0248FFF7DEFFFAE700BF66
:10313C001003002030B583B004460D4600231E4A10
:10314C0013701E4A13701E4B186820B11D4B1A7851
:10315C00002106F0AAFA00231B4A13701B4A1370B5
:10316C001B4B186820B11B4B1A78002106F09DFAF6
:10317C000022194B1A706B00DBB22374332D0FD065
:10318C000022627404F11405627C00924FF48042B8
:10319C001249284605F052F8637C23B103B030BDC8
:1031AC0001226274EEE70E49284605F0F4F90D4948
:1031BC00284605F0E7F9F1E7B1030020B30300203E
:1031CC00C4030020C0030020B2030020B40300207D
:1031DC00C8030020C1030020B0030020A08601001A
:1031EC004D2F0008D932000808B5C9B2FFF7A2FF6D
:1031FC0008BD08B53321FFF7F7FF08BD0122054BC9
:10320C001A709140044B19700023044A1370044A3D
:10321C0013707047B0030020CC030020B2030020D1
:10322C00B403002010B5437C13B90424204610BD10
:10323C00104B1B78104A126810490978143005F0AD
:10324C001DF918B1012812D0042400E000240A4B07
:10325C00186820B10A4B1A78002106F026FA0023D0
:10326C00084A1370034A1370074A1370DEE70124EF
:10327C00EDE700BFB4030020C8030020CC030020FE
:10328C00C1030020B2030020B003002008B50121C7
:10329C00FFF7C8FF08BD000038B50A4B1B78834206
:1032AC000DD204461F2800D82024074D214628683B
:1032BC0006F09CFD286018B1E4B2024B1C7038BDBE
:1032CC000024FAE7C0030020C403002038B5144BD7
:1032DC001B682BB1134B1A78134B1B789A4200DAEC
:1032EC0038BD0C4605460846FFF7D6FF0F4B1B684A
:1032FC007BB1224629460D4B186806F0CBF900220B
:10330C00084B1A70084B1C70054B1B6820469847DD
:10331C00E6E740F28311064804F0A8FCE9E700BF99
:10332C00B8030020B1030020B3030020C403002025
:10333C0034AA00082DE9F84398469DF82050437CA8
:10334C0013B90020BDE8F883064689461746104697
:10335C00FFF7A2FF1A4B1B68A3B1E5B149463046F3
:10336C00FFF74CFF032D00DD03256C1EE4B275B195
:10337C0033681B68E10028FA01F1C9B2304698475E
:10338C002546F2E7012373600020BDE8F883002195
:10339C003046FFF747FF4FEA49013B46084A12689F
:1033AC0001F0FE0106F1140005F0B5F800B100279C
:1033BC000022044B1A70044B1F703846BDE8F8838A
:1033CC00C4030020B1030020B303002000B583B078
:1033DC00019300230093FFF7ADFF03B05DF804FBEE
:1033EC0008B50123FFF7F2FF08BD08B54FF6FF71D2
:1033FC000120FFF78FFE08BD08B5034B1B6813B106
:10340C0008461146984708BDE005002008B5034B57
:10341C001B6813B108461146984708BDE805002003
:10342C0008B5034B1B6813B108461146984708BDF5
:10343C00EC05002008B5034B1B6813B10846114678
:10344C00984708BDF005002008B5034B1B6813B165
:10345C0008461146984708BDF805002008B5034BEF
:10346C001B6813B108461146984708BDFC0500209F
:10347C0008B5034B1B680BB10846984708BD00BF45
:10348C00E405002038B50448056825B11446084603
:10349C001A46E1B2A84738BDDC05002008B5024B3E
:1034AC001B6803B1984708BDF405002070B50646AB
:1034BC00403000F034FA06F14404402231462046F4
:1034CC0000F0E4FA002586F8C450C6F8C85086F817
:1034DC0008522B46214AE021204600F0FCFA2B46EC
:1034EC001F4A9021204600F0F6FA2B461D4AC021B7
:1034FC00204600F0F0FA2B461B4AD021204600F063
:10350C00EAFA2B46194AF421204600F0E4FA2B463D
:10351C00174AF521204600F0DEFA2B46154A712198
:10352C00204600F008FB2B46134AF021204600F001
:10353C0007FB3346114A7921204600F0ECFA33465A
:10354C000F4AF921204600F0EBFA2B460D4AFF21D9
:10355C00204600F0E5FA304670BD00BF0534000887
:10356C001934000855340008693400082D3400085B
:10357C00413400087D34000891340008F33500080C
:10358C00C3350008A9340008012800D0704708B5DD
:10359C004FF6FF73994200D008BD0248FFF786FF33
:1035AC00FAE700BFD003002008B505220221403005
:1035BC0000F024FA08BD18B108B5FFF7F5FF08BDF7
:1035CC00704790F8C43003B9704710B582B0D0F88A
:1035DC00C8402178627802340094023B403000F0FD
:1035EC00DEF902B010BD18B108B5FFF7EAFF08BD4F
:1035FC00704710B50446C0F8C010403000F092F986
:10360C002046FFF7D1FF2046FFF7DBFF10BD00007F
:10361C002DE9F04106460D4690461F461B492846AB
:10362C0006F032FC04462F21284606F01AFC03460D
:10363C00F8B103B15D1C14B3641B023486F8C440AA
:10364C00D6F8C80006F01EF896F8C440601C06F0C8
:10365C0011F8C6F8C8000023035580F800804770A5
:10366C0096F8C420023A2946023006F0E5FBBDE884
:10367C00F0815C21284606F0F4FB0346D9E7284686
:10368C00FCF78CFD023086F8C400D9E7B0AA00081C
:10369C0008B5D0F8C00003689B68984708BD10B502
:1036AC000446D0F8C0000368DB689847B0F1FF3FD0
:1036BC0004D0C1B204F1440000F0C4FA10BD08B546
:1036CC0092B2403000F030F908BD08B592B24030EB
:1036DC0000F04DF908BD08B5403000F0A6F908BD62
:1036EC0008B5403000F0C5F908BD08B5D0F8C000E9
:1036FC0003681B68984708BDD02914D008D9F42951
:10370C0014D0F52915D0E02915D10B4B1A60704750
:10371C00902905D0C02902D1084B1A607047704718
:10372C00074B1A607047074B1A607047064B1A60BC
:10373C007047064B1A607047E0050020F805002022
:10374C00E8050020FC050020EC050020F005002019
:10375C00FF2901D1014B1A60704700BFF40500200E
:10376C00014B1A60704700BFDC050020014491F842
:10377C00CC007047431893F8CC307F2B02D0084410
:10378C0080F8CC207047423100EB810148687047CB
:10379C00423100EB81014A6070472DE9F0410D4642
:1037AC0017469846069E0024BC4210DA304605F0B7
:1037BC00EBFB0121284605F097FB404605F0E4FBA6
:1037CC000021284605F090FB0134E4B2ECE7BDE89B
:1037DC00F08190F8083203B1704730B583B00446DD
:1037EC0001210D2005F02CFBD22500952823022267
:1037FC000D212046FFF7D1FFFA2005F0C5FB0095FF
:10380C00282305220D212046FFF7C7FF7D2005F058
:10381C00BBFB03B030BD000038B50446064D062294
:10382C00284605F071FC2046FFF7D3FF29462046B9
:10383C00FFF7DFFE38BD00BF3007002008B54FF69C
:10384C00FF710120FFF7A0FE08BD2DE9F84F80465F
:10385C008B46924614781F460BB94FF0FF374FF04A
:10386C0000094D464E4601E009F10109D94523D224
:10387C00B74221D91AF80910A9402143D8F8000001
:10388C0003681B6801F07F01984701361AF809405C
:10389C00C5F107010C41E4B20135062DE4D9B7425C
:1038AC00E2D9D8F8000003681B6804F07F01984740
:1038BC000136E409073DF0E70DB1B74201D8BDE888
:1038CC00F88FD8F8000003681B680121A940013962
:1038DC0021409847F3E72DE9F0410568EDB11F460B
:1038EC001646884604462B681B68F02128469847E4
:1038FC00206803681B686F219847206803681B6861
:10390C004146984733463A4631462046FFF79DFFDD
:10391C00206803681B68F7219847BDE8F0810022F6
:10392C00026070470160704710B582B0ADF8062098
:10393C00036863B104460F2903DC92B2B2F5804FE1
:10394C0007DB0DF1060302222046FFF7C4FF02B08D
:10395C0010BD1A68126841F0E00118469047022326
:10396C000DF1060219462046FFF76FFFEFE710B581
:10397C0082B0ADF8062003687BB104461A68126861
:10398C0001F00F0141F090011846904702230DF110
:10399C00060219462046FFF758FF02B010BD2DE96C
:1039AC00F843089E04683CB31F469146884605467A
:1039BC0023681B68F02120469847286803681B6819
:1039CC0079219847286803681B68414698472868FE
:1039DC0003681B68494698470024BC4207D2002361
:1039EC00321901212846FFF730FF0134F5E728682A
:1039FC0003681B68F7219847BDE8F88303689BB1FF
:103A0C0070B516460D4604461A681268F921184618
:103A1C009047206803681B6829469847206803680C
:103A2C001B683146984770BD70472DE9F04104681A
:103A3C00ECB11F4616468846054623681B68F021E4
:103A4C0020469847286803681B684146984700241D
:103A5C00B44207D200233A1901212846FFF7F5FE9C
:103A6C000134F5E7286803681B68F7219847BDE81F
:103A7C00F08138B505460C460846FCF78FFB23460B
:103A8C00024671212846FFF7D0FF38BD41608260A5
:103A9C00002202734273026102758261C26102628A
:103AAC0042628262C262026342638263C2630264E4
:103ABC0042648264C264026542658265C2650266C4
:103ACC0042668266C266026742678267B1FA81F11A
:103ADC00490901707047D02914D008D9F42914D0A1
:103AEC00F52915D0E02915D1C264C361704790291E
:103AFC0005D0C02902D14265436270477047026508
:103B0C0003627047826583627047C265C362704707
:103B1C00026603637047792901D1026743637047DA
:103B2C00F92902D0FF2903D070474267836370479D
:103B3C00826783647047712901D182660364704780
:103B4C00C2664364704770B504460E4615468368DA
:103B5C00934294BF012000200AD8636E43B1012226
:103B6C002270E06B9847A068854234BF002001208A
:103B7C0008B963685E5570BD30B4002420468C4291
:103B8C000AD2155D1554631CD35CDB01DBB22B43ED
:103B9C00135401300234F2E730BC704738B5044698
:103BAC004368197871291ED079292ED1056F002D03
:103BBC0032D08169022905D800231A461946406B78
:103BCC00A84738BDDA1C0339FFF7D6FFC21C002109
:103BDC002046FFF7B8FF256F6168CB1C8A784978BF
:103BEC00606BA84738BD826EB2B181695A1C01392D
:103BFC00FFF7C2FF421C00212046FFF7A4FFA36E73
:103C0C0061680131206C984738BDC56E25B1826959
:103C1C000133013A406CA84738BD08B50023036155
:103C2C00037343738268934204D242680021D154D7
:103C3C000133F7E7002303758361836F0BB1806C4D
:103C4C00984708BD10B50446037D6BB1F72906D023
:103C5C008269FFF778FFA3690133A36110BD0023CC
:103C6C000375FFF79BFF10BD02690AB17F2912DDB6
:103C7C00EF2904DC01F00F03637301F0F001F0296C
:103C8C0078D05ED9F9297AD06AD9FF296DD120462E
:103C9C00FFF7C3FF10BD013A0261FFF754FF236920
:103CAC00002B70D1237B002B6DD0D02B40D008D9AA
:103CBC00F42B2BD0F52B32D0E02B0FD00023237319
:103CCC0010BD902B16D0C02BF8D1636D002BF5D006
:103CDC0062681278617B606A9847EFE7E36C002BAF
:103CEC00ECD0616808784A7802EBC012617BE0691D
:103CFC009847E3E7236D002BE0D0616808784A7899
:103D0C0002EBC012617B206A9847D7E7E36D002B6A
:103D1C00D4D061680A784978E06A9847CEE7236E78
:103D2C00002BCBD061680A784978206B9847C5E79F
:103D3C00A36D002BC2D062681278617BA06A984791
:103D4C00BCE7C02912D004D9D0290FD0E02902D069
:103D5C0010BD902903D102232361217310BD10BD26
:103D6C00A1F1F403012BF6D910BD10BD0123236181
:103D7C00217310BD012323750023A36110BD636F54
:103D8C000BB1A06B984710BD00B593B01E4A1368D9
:103D9C0023F4C05343F40063136002230593012200
:103DAC000892102209920E9300230F934FF4802354
:103DBC0010934FF48003119305A801F00FFF00B18D
:103DCC00FEE70F2300930323019300230293039335
:103DDC0004930121684602F015FB00B1FEE702F0E6
:103DEC0035FC0A4BA3FB0030800900F04BFC04208F
:103DFC0000F06EFC002211464FF0FF3000F0EEFB9D
:103E0C0013B05DF804FB00BF00700040D34D62108E
:103E1C00002103E00B4B5B58435004310A480B4B19
:103E2C0042189A42F6D30A4A02E0002342F8043BB5
:103E3C00084B9A42F9D303F01BFF05F0F7FB05F092
:103E4C00DFFA704730B1000800000020F4000020B9
:103E5C00F40000206C0A0020FEE708B503F08EFE8B
:103E6C0008BD0000C0F30313072B03D94FF0FF3339
:103E7C001846704700233E2BFAD8034AD25690427C
:103E8C00F6D00133F7E700BF0CAE00087047000016
:103E9C0010B50446074B1868074BA3FB003080098C
:103EAC0000F0F0FB002221464FF0FF3000F096FBB3
:103EBC00002010BD18000020D34D621008B5094B2E
:103ECC001A6842F004021A601A6842F002021A6080
:103EDC00032000F071FB0F20FFF7DAFFFFF7D6FF8E
:103EEC00002008BD003C0240024A136801331360F5
:103EFC00704700BF640A0020014B1868704700BF70
:103F0C00640A0020002800F0BB8070B582B0044623
:103F1C00C36C002B6ED0E36C13F0100F40F0B2802A
:103F2C00E36C23F4885323F0020343F00203E364AD
:103F3C00554A536823F4403361680B435360E3687C
:103F4C0062691343E16B4FF4007292FAA2F2B2FA77
:103F5C0082F201FA02F21343226A1A43606A0223C4
:103F6C0093FAA3F3B3FA83F300FA03F31343626BEC
:103F7C00102A02D0A16B0A43134321680A6812F07D
:103F8C00400213D1A5692B43A568E6693543266920
:103F9C00B6F5807F41D0012E3CD02A43E56A012D35
:103FAC003ED04D683948284002434A6021688868F1
:103FBC00374A02401A438A602269B2F5807F46D0A4
:103FCC00012A44D021680A6B22F0F8720A63226835
:103FDC009168304A0A40934249D0E36C23F01203B3
:103FEC0043F01003E364236D43F0010323650120C8
:103FFC0002B070BD036580F84830274B1A6A42F056
:10400C0001021A621B6A03F001030193019B03F086
:10401C0023FC80E74FF48072BFE74FF48072BCE75B
:10402C0060B9206B01384FF4604595FAA5F5B5FAE7
:10403C0085F5A84040F400600243B2E7E06C40F024
:10404C002000E064206D40F001002065A9E72568A0
:10405C002A6B22F0F872A16A01394FF0F87090FACD
:10406C00A0F0B0FA80F081400A432A63AFE7002049
:10407C002065E36C23F0030343F00103E364B7E72B
:10408C00012070470120B3E700270140FF16FCFC1C
:10409C0089F1FFC0FEFF80BF0038024003689A68B8
:1040AC0012F4806F03D09B6813F4807F1CD170B521
:1040BC000D460446FFF720FF064623681A6812F0E7
:1040CC00020F1AD1B5F1FF3FF7D025B1FFF714FF5E
:1040DC00801B8542F1D2E36C43F00403E3640023BC
:1040EC0084F84830032070BDC36C43F02003C364D4
:1040FC00002380F8483001207047A26912B96FF094
:10410C0012021A60E36C43F40073E36423689A6848
:10411C0012F0405F17D1626ABAB91A6B12F0F87FCD
:10412C0003D09B6813F4806F11D1E36C23F480737C
:10413C00E364E36C13F4805F0BD1E36C43F0010395
:10414C00E364002070BD002070BD002070BD002015
:10415C0070BD002070BD0368986D704730B482B09C
:10416C000023019390F84830012B00F0C780012305
:10417C0080F848304B68062B28D805682A6C03EB6E
:10418C008303053B1F249C4022EA04020C6804FABA
:10419C0003F313432B640B68092B59D805686A6920
:1041AC0003EB430307249C4022EA04028C6804FAC4
:1041BC0003F313436B610B68103B012B79D900237C
:1041CC0080F84830184602B030BC70470C2B0ED823
:1041DC000568EA6B03EB8303233B1F249C4022EA14
:1041EC0004020C6804FA03F31343EB63D3E7122BBA
:1041FC000ED80568AA6B03EB8303413B1F249C403C
:10420C0022EA04020C6804FA03F31343AB63C2E71B
:10421C00182B0ED805686A6B03EB83035F3B1F24D6
:10422C009C4022EA04020C6804FA03F313436B6308
:10423C00B1E705682A6B03EB83037D3B1F249C408D
:10424C0022EA04020C6804FA03F313432B63A2E77B
:10425C00132B0ED805682A6903EB43031E3B072476
:10426C009C4022EA04028C6804FA03F313432B618A
:10427C00A1E71D2B0ED80568EA6803EB43033C3B12
:10428C0007249C4022EA04028C6804FA03F31343CB
:10429C00EB6090E70568EA6D03EB43035A3B072498
:1042AC009C4022EA04028C6804FA03F31343EB6586
:1042BC0081E7134B5B6813F4000F80D1104A5368ED
:1042CC0043F4000353600B68102B7FF478AF0D4B55
:1042DC001B6802F1467202F52D3202F28332A2FB08
:1042EC0003239B0C03EB83035A00019202E0019B16
:1042FC00013B0193019B002BF9D160E7022062E79F
:10430C000027014018000020C06C704730B583B006
:10431C000023019303681A6812F0400F30D19A6899
:10432C0042F001029A60184B1B68184AA2FB032347
:10433C009B0C03EB4303019302E0019B013B0193B4
:10434C00019B002BF9D10446FFF7D6FD05462368E7
:10435C001B6813F0400F11D1FFF7CEFD401B022854
:10436C00F5D9E36C43F01003E364236D43F00103D0
:10437C002365002384F84830012002E0002000E08F
:10438C00002003B030BD00BF1800002083DE1B43AB
:10439C0090F84830012B02D102231846704710B513
:1043AC000446012380F84830FFF7B0FF034648BBB2
:1043BC00E26C22F4E06222F0010242F48072E264C8
:1043CC002268516811F4806F05D0E16C21F44051E2
:1043DC0041F48051E164E16C11F4805F14D0216DE3
:1043EC0021F006012165002184F848106FF02201AC
:1043FC0011602268916811F0405F03D1916841F01F
:10440C0080419160184610BD00212165EBE738B55D
:10441C0003681A6812F0400F01D1002038BD044621
:10442C009A6822F001029A60FFF766FD0546236840
:10443C001B6813F0400F0ED0FFF75EFD401B0228E7
:10444C00F5D9E36C43F01003E364236D43F00103EF
:10445C002365012038BD002038BD000038B5002888
:10446C0000F084800446C36C43F00203C364FFF77E
:10447C00CEFF054620B1002384F84830284638BDCD
:10448C0023686FF01F021A6022685168384B0B408A
:10449C00536022689168374B0B4093602268D36D50
:1044AC0023F03F03D3652268D36803F04043D36005
:1044BC002268136903F0404313612268536903F0C7
:1044CC00404353612268936923F47F6323F00F0305
:1044DC0093612268D36923F47F6323F00F03D361C4
:1044EC002268136A23F47F6323F00F03136222689C
:1044FC00536A23F47F6323F00F0353622268936A99
:10450C0023F47F6323F00F0393622268D36A23F4AE
:10451C007F6323F00F03D3622268136B03F07E4397
:10452C0013632268536B03F0404353632268936B0D
:10453C0003F0404393632268D36B03F04043D3638F
:10454C002268136C03F0404313642268536C9B0D78
:10455C009B055364084A536823F4000353602046B8
:10456C0003F0A8F900232365E36484E7012585E7BC
:10457C0000003CF888F080800027014090F848301B
:10458C00012B02D102231846704710B504460123B3
:10459C0080F84830FFF73BFF034638B9E26C22F451
:1045AC00885222F0010242F00102E264002284F8F7
:1045BC004820184610BD0000074AD36823F4E06376
:1045CC001B041B0C000200F4E060184340F0BF60B9
:1045DC0040F40030D060704700ED00E030B4164B72
:1045EC00DB68C3F30223C3F10704042C28BF0424A3
:1045FC001D1D062D17D9033B012505FA04F4013CBA
:10460C002140994005FA03F3013B1340194300285C
:10461C000BDB0901C9B200F1604000F5614080F884
:10462C00001330BC70470023E6E700F00F000901CF
:10463C00C9B2024B1954F4E700ED00E014ED00E0B0
:10464C00002808DB420900F01F00012303FA00F0E8
:10465C00014B43F82200704700E100E000280DDB1D
:10466C00430900F01F00012202FA00F02033044A33
:10467C0042F82300BFF34F8FBFF36F8F704700BF1B
:10468C0000E100E00138B0F1807F0AD2064B58609F
:10469C00F021064A82F823100020986007221A6045
:1046AC0070470120704700BF10E000E000ED00E013
:1046BC00002809DB430900F01F00012202FA00F078
:1046CC006033024A42F82300704700BF00E100E06B
:1046DC00042805D0054A136823F0040313607047BF
:1046EC00024A136843F004031360704710E000E0C3
:1046FC00704708B5FFF7FCFF08BD70B110B5044654
:10470C00037933B10223237100202061012323712B
:10471C0010BD437103F012F8F4E70120704750B15B
:10472C0010B504460223037103F074F800202061D5
:10473C002071607110BD012070474379012B28D086
:10474C0010B40123437102220271046822688B4069
:10475C001343236089B90268136803F03C033C2BB4
:10476C0006D00123037100234371184610BC704717
:10477C00536843F001035360F3E70268136803F4D2
:10478C007013B3F5701FECD1536843F00203536000
:10479C00E7E70220704710B404682368012202FA8C
:1047AC0001F123EA010323600271002010BC704761
:1047BC004379012B1FD070B401254571022303717D
:1047CC000B68496819430668336840F6FE749440D8
:1047DC0023EA040391400B43336004682368C0212F
:1047EC0001FA02F223EA02022260057100234371EE
:1047FC00184670BC70470220704710B483B0002478
:10480C0001940068019049B101990A441432019253
:10481C00019A1360002003B010BC704701990A4440
:10482C0008320192F4E708B590F82130DBB2022B84
:10483C0003D004238363012008BD0268136823F0AE
:10484C000E0313600268136823F001031360C16B3D
:10485C00036C012202FA03F34B6080F82120002341
:10486C0080F82030436B13B19847002008BD00201E
:10487C0008BD0000F0B583B0002396E04FEAD30EDC
:10488C000EF1080E50F82E4003F00706B6000F2765
:10489C00B74024EA07040F6907FA06F6344340F8D8
:1048AC002E4091E086682640CF6807FA0EF73E430B
:1048BC008660466826EA05054E68C6F300169E40DB
:1048CC0035434560C5682C408D6805FA0EF52C43C0
:1048DC00C4604C6814F0805F66D0514C256A45F07A
:1048EC0001052562246A04F001040194019C9C08D2
:1048FC00A61C4C4D55F8265003F003064FEA860EC5
:10490C000F2606FA0EF625EA0605474FB84278D070
:10491C00464EB04277D006F58066B04275D006F5AB
:10492C008066B04273D006F58066B04271D006F551
:10493C008066B0426FD006F58066B0425FD0072625
:10494C0006FA0EF635430234364E46F82450384CEF
:10495C002568D44305EA04064F6817F4803F01D05C
:10496C0042EA0506324D2E606D6804EA05064F6872
:10497C0017F4003F01D042EA05062D4D6E60AD687C
:10498C0004EA05064F6817F4801F01D042EA0506B9
:10499C00274DAE60ED682C404E6816F4001F01D018
:1049AC0042EA0504224AD46001330A6832FA03F45D
:1049BC0033D001259D402A40F6D04C68022C3FF4A0
:1049CC005DAF122C3FF45AAF06684FEA430E032436
:1049DC0004FA0EF4E44326404F6807F0030707FA85
:1049EC000EF73E4306604E68771E012F7FF65AAFD6
:1049FC00112E3FF457AF122E7FF464AF52E7062608
:104A0C009EE700269CE701269AE7022698E70326F4
:104A1C0096E7042694E7052692E703B0F0BD00BFA5
:104A2C000038024000000140000002400004024037
:104A3C00000401400369194201D100207047012094
:104A4C00704712B909048161704781617047000099
:104A5C0008B5054B5B69034200D108BD024B586198
:104A6C0004F08AFDF9E700BF0004014090F83E30E5
:104A7C00DBB2402B13D00369B3F5804F1ED0036D0E
:104A8C00002B2DD0036D012B33D10268436CC3F383
:104A9C00C81303F0060343F0F103136129E0036D1F
:104AAC002BB90268436C03F0FE03136121E002682A
:104ABC00436C43F00103DBB213611AE090F83D3014
:104ACC00DBB2212B06D00268436C43F00103DBB24E
:104ADC0013610EE00268436C03F0FE03136108E0FF
:104AEC000268436CC3F3C81303F0060343F0F003EE
:104AFC001361002070470268436CDBB21361002025
:104B0C0070478AB090F83D30DBB2222B0AD00023DC
:104B1C00099303685A6909929B690993099B0020C0
:104B2C000AB07047036D23B990F83E30DBB2402BCE
:104B3C0017D0036D1BB90369B3F5404F1AD0438DE1
:104B4C009BB2002B26D1029303685A6902929A6990
:104B5C000292029A1A6842F400721A6000230365EA
:104B6C00DDE70023009303685A6900929B69009368
:104B7C00009BD4E70023019303685A6901929A6958
:104B8C000192019A1A6842F480721A60036D013323
:104B9C000365C4E7438D9BB2012B1AD0438D9BB2A6
:104BAC00022B6FD00268136843F4806313600368B0
:104BBC005A6812F4006F03D05A6842F480525A605B
:104BCC000023089303685A6908929B690893089B11
:104BDC00C4E7C36A13F5803F19D0C36A042B3FD0D6
:104BEC00C36A082B3CD0036B122B39D0C36A022B3F
:104BFC0030D00268136823F480631360002305939C
:104C0C0003685A6905929B690593059BA6E70268A0
:104C1C00136823F48063136003685A6812F4006FFE
:104C2C000CD01A6822F480621A6000230393036884
:104C3C005A6903929B690393039B8FE700220492AA
:104C4C005A6904929A690492049A1A6842F400729E
:104C5C001A6083E70268136843F480631360CDE73E
:104C6C000268136823F480631360002306930368BF
:104C7C005A6906929A690692069A1A6842F4007268
:104C8C001A606BE7C36A022B1BD00268136823F40B
:104C9C00806313600268136843F400631360036855
:104CAC005A6812F4006F03D05A6842F480525A606A
:104CBC000023079303685A6907929B690793079B24
:104CCC004CE70268136843F480631360E7E7438D95
:104CDC009BB253B10268436A591C41621B78136141
:104CEC00438D9BB2013B9BB2438500207047438DA3
:104CFC009BB253B1436A5A1C4262026812691A7021
:104D0C00438D9BB2013B9BB243850020704770479B
:104D1C00002800F0A28070B5044690F83D30002BBE
:104D2C0061D001F099FC4F4B984240F298802423BB
:104D3C0084F83D302268136823F0010313604A4B5A
:104D4C00A3FB00239A0C21684B6823F03F03134309
:104D5C004B602568296A21F03F016668434B9E42EF
:104D6C0046D8531C0B432B622568EA6922F44F4248
:104D7C0022F0FF0263683D498B4243D85B00B0FBD5
:104D8C00F3F0C0F30B03032B00D804201043E861AD
:104D9C0021680B6823F0C003E269206A02431343C5
:104DAC000B6021688B6823F4034323F0FF03226913
:104DBC00E068024313438B602168CB6823F0FF0348
:104DCC006269A06902431343CB602268136843F005
:104DDC000103136000202064202384F83D302063FD
:104DEC0084F83E0070BD80F83C30FFF790FF98E7E8
:104DFC004FF4967303FB02F31D4AA2FB03239B099A
:104E0C000133AFE7A6688EB903EB4301B0FBF1F1B8
:104E1C00C1F30B01B1FA81F14909E1B996B903EB80
:104E2C004303B0FBF3F040F40040AFE703EB830126
:104E3C0001EB8101B0FBF1F1C1F30B01B1FA81F18E
:104E4C004909EAE703EB830303EB8303B0FBF3F3BA
:104E5C0043F440409AE7012098E701207047012075
:104E6C0070BD00BF7F841E0083DE1B43A086010043
:104E7C00D34D621030B482B00024019490F83D40C0
:104E8C00E4B2202C03D0022002B030BC7047294C75
:104E9C002468E408284DA5FB0454240A04EB84047C
:104EAC0004EB84040194019C651E0195002C35D003
:104EBC000468A56915F0020FF5D190F83C50012D4E
:104ECC0035D0012580F83C50256815F0010F03D131
:104EDC00256845F00105256005682C6824F40064FC
:104EEC002C60212480F83D40102480F83E400024A2
:104EFC00046442624385114BC362438D0385416454
:104F0C000268136843F48073136080F83C400268B5
:104F1C00536843F4E06353602046B5E70023036312
:104F2C00202280F83D2080F83C300320ACE70220A2
:104F3C00AAE700BF1800002089B5F8140000FFFF95
:104F4C0030B482B00024019490F83D40E4B2202C9F
:104F5C0003D0022002B030BC70472B4C2468E4080C
:104F6C002A4DA5FB0454240A04EB840404EB8404AA
:104F7C000194019C651E0195002C3AD00468A5692A
:104F8C0015F0020FF5D190F83C50012D3AD00125C7
:104F9C0080F83C50256815F0010F03D1256845F0C9
:104FAC000105256005682C6824F400642C6022241B
:104FBC0080F83D40102480F83E4000240464426296
:104FCC004385134BC362438D0385416402681368A8
:104FDC0043F4806313600268136843F480731360B6
:104FEC0080F83C400268536843F4E0635360204609
:104FFC00B0E700230363202280F83D2080F83C308A
:10500C000320A7E70220A5E71800002089B5F814B3
:10501C000000FFFF30B482B090F83D40E4B2282C81
:10502C0003D0022002B030BC7047002932D0002AD5
:10503C0032D090F83C40012C30D0012480F83C4018
:10504C000468256815F0010F03D1256845F00105AA
:10505C00256005682C6824F400642C60292480F8F1
:10506C003D40202480F83E40002404644162428587
:10507C00C362438D0385019403685A6901929A694E
:10508C000192019A80F83C405A6842F4E0625A60FE
:10509C002046C7E70120C5E70120C3E70220C1E78E
:1050AC0030B482B090F83D40E4B2282C03D00220FA
:1050BC0002B030BC7047002932D0002A32D090F8B0
:1050CC003C40012C30D0012480F83C400468256819
:1050DC0015F0010F03D1256845F001052560056821
:1050EC002C6824F400642C602A2480F83D40202491
:1050FC0080F83E400024046441624285C362438DC3
:10510C000385019403685A6901929A690192019A84
:10511C0080F83C405A6842F4E0625A602046C7E787
:10512C000120C5E70120C3E70220C1E790F83D301C
:10513C00DBB2202B01D002207047282380F83D30B1
:10514C0003681A6812F0010F03D11A6842F00102C9
:10515C001A600268136843F4806313600268536832
:10516C0043F440735360002070477047704770479A
:10517C0008B5438D9BB293B10268436A591C4162D6
:10518C001B781361438D9BB2013B9BB24385438DCE
:10519C009BB223B990F83D30DBB2292B01D0002013
:1051AC0008BD0268536823F48063536021230363B2
:1051BC00282380F83D30FFF7DAFFF0E7704708B599
:1051CC00438D9BB293B1436A5A1C426202681269C6
:1051DC001A70438D9BB2013B9BB24385438D9BB2AE
:1051EC0023B990F83D30DBB22A2B01D0002008BD4A
:1051FC000268536823F480635360222303632823DB
:10520C0080F83D30FFF7DAFFF0E708B503689A69DC
:10521C0012F0040F09D000219B6913F0800F06D007
:10522C00028B03F0C1F9002008BD0121F4E782894B
:10523C00F7E7000008B5C36A042B0DD0C36A082B2E
:10524C000AD090F83D30DBB2212B24D003686FF4E8
:10525C0080625A61002008BD90F83D30DBB2282BEB
:10526C00EFD11A4BC3620268536823F4E0635360B6
:10527C0003686FF480625A610268136823F48063D8
:10528C00136000230363202280F83D2080F83E3019
:10529C0003F0B2F9DEE70D4BC36221230363202335
:1052AC0080F83D30002380F83E300268536823F4C8
:1052BC00E063536003686FF480625A61026813689C
:1052CC0023F480631360FFF752FFC3E70000FFFF76
:1052DC00704708B5038D23B990F83D30DBB2212B14
:1052EC000BD090F83D30DBB2212B45D090F83E30FE
:1052FC00DBB2402B3BD0002008BDC36A042B06D088
:10530C00C36A082B03D0C36A13F5803F19D1026816
:10531C00536823F4E06353600268136843F400732A
:10532C00136000230363202380F83D3090F83E3057
:10533C00DBB2402B15D0002380F83E30FFF715FF71
:10534C00D9E70268536823F4E063536011230363C5
:10535C00002380F83E30202380F83D30FFF705FF16
:10536C00C9E7002380F83E30FFF7B2FFC3E790F89F
:10537C003D30DBB2222BBED1438D9BB25BB10268B8
:10538C00436A591C41621B781361438D9BB2013BEC
:10539C009BB24385AFE70268536823F48063536084
:1053AC00A9E708B590F83D30DBB2212B01D00020E5
:1053BC0008BD438D9BB21BBBC36A042B06D0C36ACA
:1053CC00082B03D0C36A13F5803F25D102685368BC
:1053DC0023F4E06353600268136843F400731360B2
:1053EC0000230363202380F83D3090F83E30DBB27D
:1053FC00402B21D0002380F83E30FFF7B6FED6E7D5
:10540C000268436A591C41621B781361438D9BB23D
:10541C00013B9BB24385CAE70268536823F4E063FF
:10542C00536011230363002380F83E30202380F85F
:10543C003D30FFF79AFEBAE7002380F83E30FFF7C5
:10544C0047FFB4E7704708B590F83D30DBB2222B2C
:10545C0001D0002008BD438D9BB2032B2FD8438D68
:10546C009BB2022B37D0438D9BB2032B33D0C36A34
:10547C00022B49D00268136823F48063136002681E
:10548C00536823F4E0635360436A5A1C4262026817
:10549C0012691A70438D9BB2013B9BB2438520234A
:1054AC0080F83D3090F83E30DBB2402B32D01223E6
:1054BC000363002380F83E30FFF758FEC9E7436AC8
:1054CC005A1C4262026812691A70438D9BB2013BEE
:1054DC009BB24385BDE7C36A022B0FD002681368E9
:1054EC0023F4806313600268136843F40063136051
:1054FC000268536823F480635360AAE70268136858
:10550C0043F480631360F3E70268136843F4806329
:10551C001360B4E70023036380F83E30FFF792FF7B
:10552C0097E708B5438D9BB2032B10D0438D9BB2EC
:10553C00022B27D0436A5A1C4262026812691A7005
:10554C00438D9BB2013B9BB24385002008BDC36ACF
:10555C00042B06D0C36A082B03D0C36A13F5803F13
:10556C0004D10268136823F480631360436A5A1CE5
:10557C004262026812691A70438D9BB2013B9BB266
:10558C004385E2E7C36A042B15D0C36A082B12D0FB
:10559C00C36A13F5803F0ED0C36A022B05D0026894
:1055AC00136823F4806313600AE00268136843F401
:1055BC008063136004E00268136843F400731360A3
:1055CC00436A5A1C4262026812691A70438D9BB27C
:1055DC00013B9BB24385436A5A1C426202681269C2
:1055EC001A70438D9BB2013B9BB243850268536892
:1055FC0023F440735360202380F83D3090F83E3004
:10560C00DBB2402B07D012230363002380F83E301B
:10561C00FFF7ACFD99E70023036380F83E30FFF7FA
:10562C0011FF92E77047000010B5044690F83D302A
:10563C00293B012B37D990F83D30DBB2602B07D0DA
:10564C0003685B6813F4006F02D1202380F83D30AF
:10565C000023236384F83E302268136823F400632C
:10566C00136023685A6812F4006F3FD05A6822F412
:10567C0000625A60626B92F82130DBB2012B18D0B9
:10568C003A4B5363606BFFF7CEF800283FD022688B
:10569C00136823F001031360202384F83D30606B02
:1056AC00436B984733E000230363282380F83D3095
:1056BC00D2E7A36B2D4A5A63A06BFFF7B4F830B353
:1056CC0023685A6912F0400F04D0626A511C61625F
:1056DC001B6913702268136823F0010313602023E5
:1056EC0084F83D30A06B436B984710E094F83D2054
:1056FC00D2B2602A11D05A6912F0400F04D0626AFB
:10570C00511C61621B691370204602F08DFF94F8E6
:10571C003D30DBB2282B17D010BD202284F83D2061
:10572C00002222645A6912F0400F04D0626A511CA4
:10573C0061621B6913702268136823F00103136004
:10574C002046FFF76FFFE2E7236C13F0040FE3D062
:10575C00074BE36200232363202284F83D2084F866
:10576C003E30204602F048FFD6E700BFE95A000859
:10577C000000FFFF00B583B00268536823F4E063B8
:10578C0053600023019303685A6901921A6842F02E
:10579C0001021A60019B0268136823F48063136092
:1057AC000268536813F4006F0ED090F83D30DBB2F2
:1057BC00222B50D090F83D30DBB22A2B4BD0436BD0
:1057CC001B685B689BB24385438D9BB203B35369E3
:1057DC0013F0040F09D0436A591C416212691A7004
:1057EC00438D9BB2013B9BB2438503685A6912F00F
:1057FC00400F09D0426A511C41621B691370438DE2
:10580C009BB2013B9BB24385036C43F004030364DE
:10581C00036C33BB90F83D30DBB2282B24D090F8CE
:10582C003D30DBB22A2B1FD090F83D30DBB2292B58
:10583C001AD0036B222B04D090F83D30DBB2222B14
:10584C001DD100230363202280F83D2080F83E30D8
:10585C00FFF7B4FC13E0836B1B685B689BB243855A
:10586C00B2E7FFF7E1FE0AE0074BC36200230363D4
:10587C00202280F83D2080F83E3002F0BDFE002052
:10588C0003B05DF804FB00BF0000FFFFF8B5054650
:10589C0003689F695C695E6890F83E30DBB2102B40
:1058AC0029D090F83E30DBB2402B24D04C4B234017
:1058BC0013B116F4007F70D14A4B234013B116F488
:1058CC00007F6DD1484B3B40002B71D0474B2340A0
:1058DC0033B116F4806F03D0454B2340002B63D0BB
:1058EC00434B2340002B4FD016F4007F4CD028465E
:1058FC00FFF7EDF9F8BD14F0011F02D016F4007F8C
:10590C0023D13C4B234013B116F4007F21D1344BEF
:10591C00234013B116F4007F1FD12B6D2BBB324BE0
:10592C003B4013B3314B23402BB116F4806F02D0A4
:10593C002F4B2340ABB12E4B23402BB316F4007FDF
:10594C0022D02846FFF72DFDF8BD2846FFF78EF82C
:10595C00E3E72846FFF7CFF8DFE72846FFF7D1F853
:10596C00DBE72846FFF7B5FCF8BD234B23402BB1F2
:10597C0016F4806F02D01E4B234033B11C4B2340D6
:10598C0013B116F4007F04D1F8BD2846FFF75BFD78
:10599C00F8BD2846FFF7C5FDF8BDFFF736FCF8BD8E
:1059AC002846FFF7E7FEF8BD2846FFF7E1FBF8BDF8
:1059BC00114B23402BB116F4806F02D00C4B2340BB
:1059CC0053B10B4B2340002BDED016F4007FDBD001
:1059DC002846FFF78CF9D7E72846FFF7F0FBF8BD10
:1059EC000200010010000100040002008000010010
:1059FC0004000100080001004000010070B50446DD
:105A0C0003685D695E68344A154209D016F4807FDC
:105A1C0006D0026C42F0010202646FF480725A618B
:105A2C0015F4813F0AD016F4807F07D0236C43F025
:105A3C000203236423686FF400725A6115F4823FE9
:105A4C0014D016F4807F11D094F83E30DBB2202BAA
:105A5C001DD0236C43F00403236494F83E30DBB276
:105A6C00102B2ED023686FF480625A6115F4843F9A
:105A7C000AD016F4807F07D0236C43F0080323640C
:105A8C0023686FF400625A61236C03BB70BD638D95
:105A9C009BB2002BDDD194F83D30DBB2212B0CD026
:105AAC0094F83D30DBB2292B07D094F83D30DBB2B3
:105ABC00282BCED1236B212BCBD12046FFF7BAFB61
:105ACC00D4E72268136843F400731360CAE72046D6
:105ADC00FFF7AAFDDAE700BF0001010008B5406A34
:105AEC000268136823F48063136000234385426BC0
:105AFC005363826B536390F83D30DBB2602B0DD057
:105B0C00202380F83D30002380F83E300268136873
:105B1C0023F00103136002F087FD08BD202380F8F9
:105B2C003D30002380F83E3003640268136823F094
:105B3C0001031360FFF776FD08BD90F83D00704738
:105B4C00006C704782B0224B9B6813F0F00F25D18C
:105B5C001F4B5B6A13F0805F08D01E4B1B6803F46D
:105B6C00C053B3F5C05F14D0002118E0184A536A33
:105B7C0043F080535362536A03F080530193019BAB
:105B8C00144B1B6803F4C053516A21F080515162CD
:105B9C00E7E7B0F5404F11D0002100E0002179B9C2
:105BAC000D4A136823F001030B431360136803F0D1
:105BBC00010399420AD0012002B070470121EEE79F
:105BCC00054A136843F004031360E9E70020F3E788
:105BDC000038024000700040003C024070B582B0BA
:105BEC000446036813F0010F58D0744B9B6803F004
:105BFC000C03082B3BD0714B9B6803F00C030C2B54
:105C0C0030D06368012B00F08580002B40F0888039
:105C1C006A4B1A6822F480321A601A6822F48022C5
:105C2C001A606368002B00F09180FEF765F9054659
:105C3C004FF4003393FAA3F3604B19684FF400331D
:105C4C0093FAA3F3B3FA83F303F01F03012202FACE
:105C5C0003F3194222D1FEF74FF9401B6428E7D910
:105C6C00032078E3554B9B6813F4803FC9D04FF465
:105C7C00003393FAA3F3514B19684FF4003393FAA2
:105C8C00A3F3B3FA83F303F01F03012202FA03F325
:105C9C00194203D06368002B00F05683236813F07D
:105CAC00020F00F09C80454B9B6803F00C03042B07
:105CBC006ED0424B9B6803F00C030C2B63D0E36853
:105CCC00002B00F02A81012292FAA2F3B3FA83F39B
:105CDC0003F1845303F58E139B001A60FEF70CF945
:105CEC000546022393FAA3F3344B1968022393FA63
:105CFC00A3F3B3FA83F303F01F03012202FA03F3B5
:105D0C00194240F0FA80FEF7F7F8401B0228E8D958
:105D1C00032020E3294A136843F48033136080E79F
:105D2C00052B09D0254B1A6822F480321A601A68A8
:105D3C0022F480221A6074E7204B1A6842F4802205
:105D4C001A601A6842F480321A606AE7FEF7D4F8D7
:105D5C0005464FF4003393FAA3F3184B19684FF42C
:105D6C00003393FAA3F3B3FA83F303F01F03012276
:105D7C0002FA03F3194291D0FEF7BEF8401B6428D7
:105D8C00E7D90320E7E20D4B9B6813F4803F96D1D3
:105D9C00022393FAA3F3094B1968022393FAA3F392
:105DAC00B3FA83F303F01F03012202FA03F319423F
:105DBC0006D0E368934203D00120CCE200380240C5
:105DCC00C148436823F4F85321694FF4F85292FA0E
:105DDC00A2F2B2FA82F201FA02F213434360236890
:105DEC0013F0100F5CD0B84B9B6813F00C0F40F005
:105DFC00D8804FF4007393FAA3F3B34B19684FF4A4
:105E0C00007393FAA3F3B3FA83F303F01F03012295
:105E1C0002FA03F3194203D0A369002B00F0968217
:105E2C00206AA94B5B6803F46043984240F29D8062
:105E3C00FFF788FE002840F08B82A3494B6823F4BF
:105E4C006043226A13434B604B6823F07F43E06945
:105E5C004FF07F4292FAA2F2B2FA82F200FA02F208
:105E6C0013434B60236A4FF4604292FAA2F2B2FAE7
:105E7C0082F2D3405A1C4FF400439340924A9268EA
:105E8C0002F0F002F02191FAA1F1B1FA81F1CA40CD
:105E9C008E498A5CD3408E4A13600F20FDF7F8FFC1
:105EAC00236813F0080F00F017816369002B00F0D2
:105EBC00E680012191FAA1F2B2FA82F2854B1344E9
:105ECC009B001960FEF718F80546022393FAA3F21B
:105EDC007D4A516B93FAA3F3B3FA83F303F01F03D8
:105EEC00012202FA03F3194240F0F680FEF704F89F
:105EFC00401B0228E9D903202DE27348436823F4A0
:105F0C00F85321694FF4F85292FAA2F2B2FA82F2E3
:105F1C0001FA02F21343436061E7012393FAA3F3FE
:105F2C00B3FA83F303F1845303F58E139B00002221
:105F3C001A60FDF7E1FF0546022393FAA3F3624BC7
:105F4C001968022393FAA3F3B3FA83F303F01F0344
:105F5C00012202FA03F319423FF441AFFDF7CCFFE3
:105F6C00401B0228E8D90320F5E157494B6823F47C
:105F7C006043184348604B6823F07F43E0694FF05F
:105F8C007F4292FAA2F2B2FA82F200FA02F21343C0
:105F9C004B60206AFFF7D6FD00283FF463AF012069
:105FAC00D9E1A369002B3FD04FF4807393FAA3F38C
:105FBC00B3FA83F303F1845303F58E139B00012290
:105FCC001A60FDF799FF05464FF4007393FAA3F39B
:105FDC003D4B19684FF4007393FAA3F3B3FA83F3B0
:105FEC0003F01F03012202FA03F3194206D1FDF755
:105FFC0083FF401B0228E7D90320ACE132494B68F0
:10600C0023F46043226A13434B604B6823F07F43B5
:10601C00E0694FF07F4292FAA2F2B2FA82F200FAF1
:10602C0002F213434B603BE74FF4807393FAA3F3F4
:10603C00B3FA83F303F1845303F58E139B00002210
:10604C001A60FDF759FF05464FF4007393FAA3F35A
:10605C001D4B19684FF4007393FAA3F3B3FA83F34F
:10606C0003F01F03012202FA03F319423FF418AFA5
:10607C00FDF742FF401B0228E6D903206BE1012209
:10608C0092FAA2F2B2FA82F2124B13449B00002253
:10609C001A60FDF731FF0546022393FAA3F20A4A70
:1060AC00516B93FAA3F3B3FA83F303F01F030122AA
:1060BC0002FA03F319420FD0FDF71EFF401B022812
:1060CC00EAD9032047E100BF003802404CAE00087B
:1060DC0018000020A0C19110236813F0040F00F0E9
:1060EC0093809F4B5B6A13F0805F3DD19C4B5A6A47
:1060FC0042F080525A625B6A03F080530193019B19
:10610C000125984B1B6813F4807F2FD0A368012BBB
:10611C0040D0002B44D1924B5A6B22F480725A63BC
:10612C005A6B22F480625A63A368002B4ED0FDF7A1
:10613C00E3FE06464FF4007393FAA3F2884A516BC0
:10614C0093FAA3F3B3FA83F303F01F03012202FAC9
:10615C0003F3194257D1FDF7CFFE801B41F2883370
:10616C009842E7D90320F6E00025CAE77D4A136878
:10617C0043F480731360FDF7BFFE0646794B1B6832
:10618C0013F4807FC2D1FDF7B7FE801B6428F5D9CC
:10619C000320E0E0724A536B43F480735363C3E70C
:1061AC00052B09D06E4B5A6B22F480725A635A6BD2
:1061BC0022F480625A63B7E7694B5A6B42F48062EF
:1061CC005A635A6B42F480725A63ADE7FDF794FE42
:1061DC0006464FF4007393FAA3F2614A516B93FA9B
:1061EC00A3F3B3FA83F303F01F03012202FA03F3C0
:1061FC00194208D0FDF780FE801B41F2883398428B
:10620C00E7D90320A7E0B5BB636A002B00F0A2809E
:10621C00534A926802F00C020C2A00F09E80022B6A
:10622C002FD04FF0807393FAA3F3B3FA83F303F1F7
:10623C00845303F58E139B0000221A60FDF75CFE5D
:10624C0004464FF0007393FAA3F3454B19684FF0D3
:10625C00007393FAA3F3B3FA83F303F01F03012241
:10626C0002FA03F319426DD0FDF746FE001B02281B
:10627C00E7D903206FE03A4A536A23F08053536204
:10628C00C2E74FF0807393FAA3F3B3FA83F303F1ED
:10629C00845303F58E139B0000221A60FDF72CFE2D
:1062AC0005464FF0007393FAA3F32D4B19684FF08A
:1062BC00007393FAA3F3B3FA83F303F01F030122E1
:1062CC0002FA03F3194206D0FDF716FE401B022812
:1062DC00E7D903203FE022498B6823F47D03A26AAF
:1062EC00E06A0243206B024313438B604FF08073D0
:1062FC0093FAA3F3B3FA83F303F1845303F58E13E8
:10630C009B0001221A60FDF7F7FD04464FF0007365
:10631C0093FAA3F3124B19684FF0007393FAA3F39B
:10632C00B3FA83F303F01F03012202FA03F31942B9
:10633C0006D1FDF7E1FD001B0228E7D903200AE096
:10634C00002008E0002006E0012004E0012002E02B
:10635C00012000E0002002B070BD0120FBE700BF6F
:10636C000038024000700040224B986800F00C028C
:10637C00082A3CD00C2A13D0042A0FD01D4B586885
:10638C0000F460404FF4604393FAA3F3B3FA83F341
:10639C00D840431C4FF40040984070471648704753
:1063AC0000F470114FF4701292FAA2F2B2FA82F267
:1063BC0021FA02F211498A5C00F440004FF44003C8
:1063CC0093FAA3F3B3FA83F3D8400130094B9B68DB
:1063DC0013F4803F05D00A4B03FB02F3B3FBF0F040
:1063EC007047054B03FB02F3B3FBF0F07047044816
:1063FC00704700BF003802400024F40064AE00086F
:10640C0000127A008D4B1B6803F001038B4214D2EF
:10641C0001290CD0894A136823F001030B43136044
:10642C00136803F00103994207D001207047834A97
:10643C00136843F004031360ECE770B5036813F0C2
:10644C00020F06D07E4A936823F0F003846823433E
:10645C0093600C460546036813F0010F00F0A3800F
:10646C004368022B35D0032B48D0012B5BD04FF463
:10647C00007292FAA2F2724A10684FF4007292FA09
:10648C00A2F2B2FA82F202F01F02012101FA02F228
:10649C00104200F0D0806A498A6822F0030213434C
:1064AC008B60FDF729FD06466B68022B4ED0032B43
:1064BC005BD0012B68D0624B9B6813F00C0F72D031
:1064CC00FDF71AFD801B41F288339842F3D9032063
:1064DC0070BD4FF4003292FAA2F2594A10684FF490
:1064EC00003292FAA2F2B2FA82F202F01F020121F9
:1064FC0001FA02F21042CED1012070BD4FF00072B1
:10650C0092FAA2F24E4A10684FF0007292FAA2F27E
:10651C00B2FA82F202F01F02012101FA02F21042D9
:10652C00B9D1012070BD022292FAA2F2444A10683D
:10653C00022292FAA2F2B2FA82F202F01F020121B6
:10654C0001FA02F21042A6D1012070BD3C4B9B68AF
:10655C0003F00C03082B26D0FDF7CEFC801B41F278
:10656C0088339842F2D9032070BD354B9B6803F0F9
:10657C000C030C2B17D0FDF7BFFC801B41F28833AA
:10658C009842F2D9032070BD2D4B9B6803F00C038D
:10659C00042B08D0FDF7B0FC801B41F288339842E5
:1065AC00F2D9032070BD254B1B6803F001039C42FC
:1065BC0014D2012C0CD0214A136823F0010323437D
:1065CC001360136803F001039C4207D0012070BDD7
:1065DC001A4A136843F004031360ECE72B6813F0BA
:1065EC00040F06D0164A936823F4E063E9680B4362
:1065FC0093602B6813F0080F07D0114A936823F4AB
:10660C006053296943EAC1039360FFF7ADFE0C4B5D
:10661C009B6803F0F003F02292FAA2F2B2FA82F233
:10662C00D340084AD35CD840074B18600F20FDF7C5
:10663C002FFC002070BD012070BD00BF003C02404B
:10664C00003802404CAE000818000020014B1868BE
:10665C00704700BF1800002008B5FFF7F7FF074B85
:10666C009B6803F4E0634FF4E06292FAA2F2B2FA90
:10667C0082F2D340024AD35CD84008BD00380240B5
:10668C005CAE000808B5FFF7E1FF074B9B6803F40D
:10669C0060534FF4605292FAA2F2B2FA82F2D340F3
:1066AC00024AD35CD84008BD003802405CAE0008FA
:1066BC000F2303600B4B9A6802F0030242609A6846
:1066CC0002F0F00282609A6802F4E062C2609B6899
:1066DC00DB0803F4E0630361034B1B6803F0010365
:1066EC000B60704700380240003C024010B5044675
:1066FC0003689A6812F4805F03D0DB6813F4807F20
:10670C000FD123689A6812F4005F03D0DB6813F48E
:10671C00007F0FD14FF400320B4B5A61012363778A
:10672C0010BD01F08FFA2268D368DBB263F4C0733A
:10673C00D360E6E7204600F009F82268D368DBB2A4
:10674C0063F42073D360E5E7000401407047000058
:10675C000368B0F1804F0ED01C4A90420BD002F56A
:10676C008062904207D002F58062904203D002F51D
:10677C007C42904203D123F070034A681343B0F17A
:10678C00804F16D0114A904213D002F5806290428D
:10679C000FD002F5806290420BD002F57C42904201
:1067AC0007D002F58062904203D002F580629042DD
:1067BC0003D123F44073CA68134303608B68C3622C
:1067CC000B68836201234361704700BF00040040E3
:1067DC0030B4036A23F001030362036A44688269DC
:1067EC0022F073020D682A4323F002038D682B43B9
:1067FC00446082614A684263036230BC704730B4C3
:10680C00036A23F010030362036A4468826922F46A
:10681C00E6420D6842EA052223F020038D6843EA24
:10682C000513446082614A688263036230BC70471E
:10683C0030B4036A23F480730362036A4468C26948
:10684C0022F073020D682A4323F400738D6843EA27
:10685C0005234460C2614A68C263036230BC70475E
:10686C0030B4036A23F480530362036A4468C26938
:10687C0022F4E6420D6842EA052223F400538D68A7
:10688C0043EA05334460C2614A680264036230BC67
:10689C00704710B4012303FA01F4036A23EA0403DA
:1068AC000362036A8A401343036210BC7047A8B1A9
:1068BC0010B5044690F835305BB1022384F83530BE
:1068CC00211D2068FFF744FF012384F83530002098
:1068DC0010BD80F8343001F02BFCEEE7012070473E
:1068EC0010B50446022380F835300368196A41F26A
:1068FC001112114203D11A6822F001021A602046CB
:10690C0001F01AFC002084F8350084F8340010BD26
:10691C0010B504460C290DD8DFE801F0070C0C0C5F
:10692C00170C0C0C1D0C0C0C23000268D36843F0E4
:10693C000203D36001222068FFF7ABFF22681368C3
:10694C0043F001031360002010BD0268D36843F0CC
:10695C000403D360EEE70268D36843F00803D36006
:10696C00E8E70268D36843F01003D360E2E710B5A0
:10697C0004460C290DD8DFE801F0070C0C0C1C0C9C
:10698C000C0C220C0C0C28000268D36823F00203B8
:10699C00D36000222068FFF77CFF2368196A41F25C
:1069AC001112114203D11A6822F001021A60002060
:1069BC0010BD0268D36823F00403D360E9E70268D2
:1069CC00D36823F00803D360E3E70268D36823F0AD
:1069DC001003D360DDE7A8B110B5044690F835304C
:1069EC005BB1022384F83530211D2068FFF7B0FE1F
:1069FC00012384F83530002010BD80F8343000F0CD
:106A0C00E3FFEEE70120704710B50446022380F83F
:106A1C0035300368196A41F21112114203D11A6818
:106A2C0022F001021A60204600F0FAFF002084F8E0
:106A3C00350084F8340010BD10B5044601220068FE
:106A4C00FFF727FF2268136843F00103136000204F
:106A5C0010BD10B5044600220068FFF71AFF23682A
:106A6C00196A41F21112114203D11A6822F0010283
:106A7C001A60012384F83530002010BD90F83430B2
:106A8C00012B28D010B50446012380F834300223A2
:106A9C0080F835300C2A0BD8DFE802F0070A0A0A16
:106AAC00110A0A0A150A0A0A19000068FFF790FE73
:106ABC00012384F83530002084F8340010BD0068C0
:106ACC00FFF79DFEF4E70068FFF7B2FEF0E7006801
:106ADC00FFF7C6FEECE70220704738B590F834306B
:106AEC00012B66D00D460446012380F83430022376
:106AFC0080F835300C2A1AD8DFE802F0071919197A
:106B0C00201919193419191947000068FFF760FE8C
:106B1C002268936943F0080393612268936923F018
:106B2C000403936122689369E9680B439361012321
:106B3C0084F83530002084F8340038BD0068FFF745
:106B4C005EFE2268936943F4006393612268936943
:106B5C0023F48063936122689369E96843EA012313
:106B6C009361E4E70068FFF763FE2268D36943F0A2
:106B7C000803D3612268D36923F00403D36122682C
:106B8C00D369E9680B43D361D1E70068FFF768FE6E
:106B9C002268D36943F40063D3612268D36923F478
:106BAC008063D3612268D369E96843EA0123D36126
:106BBC00BDE7022038BD70477047704710B50446DA
:106BCC0003681A6912F0020F11D0DA6812F0020F82
:106BDC000DD06FF002021A610123037503689B69E3
:106BEC0013F0030F5ED0FFF7E6FF00232375236835
:106BFC001A6912F0040F12D0DA6812F0040F0ED0DA
:106C0C006FF004021A610223237523689B6913F445
:106C1C00407F4DD02046FFF7CEFF0023237523681D
:106C2C001A6912F0080F12D0DA6812F0080F0ED0A1
:106C3C006FF008021A61042323752368DB6913F0D3
:106C4C00030F3CD02046FFF7B6FF002323752368C3
:106C5C001A6912F0100F12D0DA6812F0100F0ED061
:106C6C006FF010021A61082323752368DB6913F493
:106C7C00407F2BD02046FFF79EFF0023237523680F
:106C8C001A6912F0010F03D0DA6812F0010F24D147
:106C9C0023681A6912F0400F03D0DA6812F0400F23
:106CAC0022D110BD01F04EFA2046FFF785FF9CE77C
:106CBC00204601F047FA2046FFF77EFFADE720465D
:106CCC0001F040FA2046FFF777FFBEE7204601F0BF
:106CDC0039FA2046FFF770FFCFE76FF001021A6117
:106CEC00204601F03CFAD3E76FF040021A612046CF
:106CFC00FFF763FFD5E790F83930DBB2122B03D0E6
:106D0C00322B01D0022070478368B3F5805F16D018
:106D1C000268036A591C01621B785360C38C013BE7
:106D2C009BB2C384DBB90268D36823F08003D360C1
:106D3C000268D36843F04003D36000207047036AB5
:106D4C0002681B88C3F30803536003691BB9036A09
:106D5C0002330362E2E7036A01330362DEE70020D9
:106D6C00704700002DE9F04705460268136923F4CB
:106D7C004053C1680B431361836802691343426932
:106D8C001343C26913430168CA6822F4164222F005
:106D9C000C021343CB600268536923F4407381697E
:106DAC000B435361C369B3F5004F5DD0D0F800803D
:106DBC00B44B984500F00D81FFF74EFC00EB8000C2
:106DCC0000EB80006C68A400B0FBF4F4AE4FA7FBA2
:106DDC00043464092601FFF73FFC00EB800000EB54
:106DEC0080006C68A400B0FBF4FAFFF735FC00EBF4
:106DFC00800000EB80006C68A400B0FBF4F4A7FBEF
:106E0C00043464094FF0640909FB14A424013234DE
:106E1C00A7FB0434640904F0F0043444FFF71CFCB1
:106E2C0000EB800000EB80006E68B600B0FBF6F65D
:106E3C00FFF712FC00EB800000EB80006B689B00FE
:106E4C00B0FBF3F0A7FB0030400909FB10694FEAD7
:106E5C00091909F13209A7FB0937C7F3431727446E
:106E6C00C8F80870BDE8F087D0F80080854B9845CD
:106E7C0058D0FFF7F1FB00EB800000EB80006C6852
:106E8C006400B0FBF4F4804FA7FB043464092601C2
:106E9C00FFF7E2FB00EB800000EB80006C68640005
:106EAC00B0FBF4FAFFF7D8FB00EB800000EB80009E
:106EBC006C686400B0FBF4F4A7FB043464094FF075
:106ECC00640909FB14A4E4003234A7FB04346409FC
:106EDC00640004F4F8743444FFF7BEFB00EB80004C
:106EEC0000EB80006E687600B0FBF6F6FFF7B4FBA3
:106EFC0000EB800000EB80006B685B00B0FBF3F3F1
:106F0C00A7FB03235B0909FB13694FEAC90909F1C4
:106F1C003209A7FB0937C7F342172744C8F8087092
:106F2C00BDE8F087FFF7AEFB00EB800000EB8000C4
:106F3C006C686400B0FBF4F4534FA7FB0434640991
:106F4C002601FFF79FFB00EB800000EB80006C68D4
:106F5C006400B0FBF4FAFFF795FB00EB800000EB4C
:106F6C0080006C686400B0FBF4F4A7FB0434640983
:106F7C004FF0640909FB14A4E4003234A7FB043479
:106F8C006409640004F4F8743444FFF77BFB00EBF1
:106F9C00800000EB80006B685B00B0FBF3F6FFF742
:106FAC0071FB00EB800000EB80006B685B00B0FBBA
:106FBC00F3F3A7FB03235B0909FB1363DB003233F9
:106FCC00A7FB0337C7F342173C44C8F80840BDE899
:106FDC00F087FFF757FB00EB800000EB80006C683C
:106FEC00A400B0FBF4F4284FA7FB04346409260179
:106FFC00FFF748FB00EB800000EB80006C68A400FE
:10700C00B0FBF4FAFFF73EFB00EB800000EB8000D6
:10701C006C68A400B0FBF4F4A7FB043464094FF0D3
:10702C00640909FB14A424013234A7FB0434640959
:10703C0004F0F0043444FFF725FB00EB800000EB78
:10704C0080006E68B600B0FBF6F6FFF71BFB00EB9A
:10705C00800000EB80006B689B00B0FBF3F3A7FB98
:10706C0003235B0909FB13694FEA091909F132097A
:10707C00A7FB0937C7F343172744C8F80870BDE8C6
:10708C00F08700BF003801401F85EB512DE9F0411E
:10709C0005460E4690461C46FCF72EFF0746B8F1F7
:1070AC00000F2AD02B681B6836EA030353D1B4F1C6
:1070BC00FF3FF7D024B1FCF71FFFC01B8442F1D275
:1070CC002A68D36823F08003D3602A68D36823F03E
:1070DC002003D3602A68D36823F48073D3602A68B2
:1070EC00536923F001035361012385F839300023E0
:1070FC0085F838300320BDE8F0812B681B6836EA30
:10710C00030325D0B4F1FF3FF7D024B1FCF7F4FE14
:10711C00C01B8442F1D22A68D36823F08003D36069
:10712C002A68D36823F02003D3602A68D36823F439
:10713C008073D3602A68536923F0010353610123E0
:10714C0085F83930002385F838300320BDE8F0810C
:10715C000020BDE8F0810020BDE8F081704748B305
:10716C0010B5044690F83930FBB1022384F839305D
:10717C002268D36823F40053D3602046FFF7F2FD56
:10718C002268136923F4904313612268536923F036
:10719C002A0353612268D36843F40053D360002060
:1071AC00E063012384F8393010BD80F83830FFF7E4
:1071BC00D5FFDAE70120704770B504460D461E4630
:1071CC0090F83930DBB2012B04D0222B02D00223F1
:1071DC00184670BD002D59D0002A59D094F838307B
:1071EC00012B57D0012384F838300023E36394F843
:1071FC003930DBB2222B05D0122384F83930A2842B
:10720C00E28413E0322384F83930F8E73346002265
:10721C0080212046FFF73AFF00283DD122682B88B9
:10722C00C3F3080353602369A3B90235E38C9BB104
:10723C00013BE384A368B3F5805FE7D033460022BB
:10724C0080212046FFF722FF40BB23682A785A6032
:10725C000135EBE70135E9E73346002240212046B2
:10726C00FFF714FF034608B10323B1E794F8392064
:10727C00D2B2322A06D0012284F83920002284F8B6
:10728C003820A5E7222284F83920F7E701239FE76D
:10729C0001239DE702239BE7032399E7032397E749
:1072AC0090F83930DBB2012B03D0222B01D0022015
:1072BC00704711B31AB390F83830012B21D0012349
:1072CC0080F8383001628284C2840023C36390F852
:1072DC003930DBB2222B0CD0122380F8393000234A
:1072EC0080F838300168CA6842F08002CA601846DB
:1072FC007047322380F83930F1E7012070470120C4
:10730C0070470220704790F83930DBB2012B03D064
:10731C00122B01D00220704761B36AB390F8383059
:10732C00012B2BD0012380F8383081628285C285F5
:10733C000023C36390F83930DBB2122B16D0222312
:10734C0080F83930002380F838300168CA6842F47C
:10735C008072CA6001684A6942F001024A610168A0
:10736C00CA6842F02002CA6018467047322380F87F
:10737C003930E7E701207047012070470220704741
:10738C0008B50268D36823F04003D36090F8393015
:10739C00DBB2322B06D0012380F8393001F0E4FB4C
:1073AC00002008BD222380F83930F7E708B590F8A3
:1073BC003930DBB2222B03D0322B01D0022008BD96
:1073CC008368B3F5805F29D00369002B3AD1836AB7
:1073DC005A1C8262026852681A70C38D013B9BB2C0
:1073EC00C385002B3BD10268D36823F02003D36004
:1073FC0090F83930DBB2322B2DD00268D36823F4ED
:10740C008073D3600268536923F001035361012335
:10741C0080F8393001F096FB002008BD836A0269C0
:10742C0042B902685268C2F308021A80836A0233B6
:10743C008362D2E702685268D2B21A80836A01333F
:10744C008362CAE7826A531C836203685B6803F039
:10745C007F031370C1E7122380F83930DAE700207C
:10746C0008BD10B582B0044603681968DA6811F0DB
:10747C00010F06D002F480721AB1C26B42F0010205
:10748C00C26319685A6902F0010211F0020F04D0AC
:10749C001AB1E16B41F00401E163196811F0040FBA
:1074AC0004D01AB1E16B41F00201E163196811F0EB
:1074BC00080F04D01AB1E26B42F00802E2631A68BA
:1074CC00DB6803F0200312F0200F00D0ABB9236867
:1074DC001A68DB6803F0800312F0800F00D083B9C8
:1074EC0023681A68DB6803F0400312F0400F00D0E9
:1074FC005BB9E36B6BB902B010BD2046FFF756FFCA
:10750C00E5E72046FFF7F7FBEAE72046FFF738FFF1
:10751C00EFE723681A6801925B680193019B0123D2
:10752C0084F83930204601F045FBE4E790F8390047
:10753C007047C0F3031351F8233000F00F0023FA07
:10754C0000F000F00100704710B4C0F3031451F8C0
:10755C00243000F00F00012202FA00F0034341F83E
:10756C00243010BC704710B4C0F3031451F824300D
:10757C0000F00F00012202FA00F023EA000341F8A8
:10758C00243010BC70470000072813D8DFE800F047
:10759C00041406080A0C0E10084870470848704777
:1075AC0008487047084870470848704708487047B3
:1075BC000848704700207047074870470000024099
:1075CC0000080240000C024000100240001802406B
:1075DC00001C0240001402400004024088B007283E
:1075EC0066D8DFE800F004111D2935414D59314BA7
:1075FC00DA6942F00102DA61DB6903F001030093FE
:10760C00009B2D4808B070472A4BDA6942F0020201
:10761C00DA61DB6903F002030193019B2748F1E770
:10762C00244BDA6942F00402DA61DB6903F00403EB
:10763C000293029B2248E5E71E4BDA6942F00802EE
:10764C00DA61DB6903F008030393039B1D48D9E758
:10765C00184BDA6942F01002DA61DB6903F01003AF
:10766C000493049B1848CDE7124BDA6942F04002B0
:10767C00DA61DB6903F040030593059B1348C1E70E
:10768C000C4BDA6942F08002DA61DB6903F08003AB
:10769C000693069B0E48B5E7064BDA6942F02002CA
:1076AC00DA61DB6903F020030793079B0948A9E71C
:1076BC000020A7E70038024000000240000402400E
:1076CC0000080240000C024000100240001802406A
:1076DC00001C02400014024008B5054900F08CFA69
:1076EC00C0F3C430022801D0002008BD102008BD12
:1076FC0090AB000808B5054900F07EFAC0F3C43021
:10770C00431E102B00D9002008BD00BFB8AA0008EA
:10771C0008B5094900F070FAC0F3C430032805D04D
:10772C00042805D0022805D0002008BD082008BD7B
:10773C000C2008BD042008BD14AC000810B586B0A0
:10774C00104C94F90000C0F30310FFF747FF0E4BE9
:10775C005A6A42F000525A625B6A03F0005300937B
:10776C00009B237803F00F02012393409BB20193FB
:10777C00032302930023039301A9FDF77BF806B0C2
:10778C0010BD00BF1500002000380240F0B589B0D4
:10779C0004460F4616460023039304930593069361
:1077AC00079301930293194900F0FBF9039078B108
:1077BC002046FFF791FF054608B1102808D1012E8D
:1077CC0008D03B460022294603A8FDF716F8C0B1A5
:1077DC0009B0F0BD03A8FCF7A2FF0028F8D10C4BB0
:1077EC001C7003A8FCF789FF0028F1D1002301933A
:1077FC0002932A4601A903A8FCF7DAFF0028E7D177
:10780C00DFE7294603A8FCF798FFE1E790AB0008F7
:10781C0015000020024A536A23F00053536270474C
:10782C000038024010B586B004460A4900F0B9F998
:10783C00019030B12046FFF74FFF014618B11028D8
:10784C0001D006B010BD01A8FCF7A5FF01A8FCF7FC
:10785C0066FFF6E790AB000810B586B00268134BD4
:10786C009A4216D0124C94F90000C0F30310FFF7A3
:10787C00B5FE237803F00F02012393409BB20193D2
:10788C00032302930023039301A9FCF7F3FF06B033
:10789C0010BD03F58A331A6A42F400721A621B6A2D
:1078AC0003F400730093009BDCE700BF002401404D
:1078BC00150000200268094B9A4200D0704703F56E
:1078CC008A335A6942F400725A615A6922F400727E
:1078DC005A611A6A22F400721A62EFE7002401401E
:1078EC0010B59AB004465422002105A801F0DDFE23
:1078FC000023029303930493ADF8063030492046DD
:10790C0000F04FF90590002855D0002306930793FB
:10791C004FF480620A9213931493089309930E9375
:10792C00109310221292189301220F921193254B4F
:10793C001C7005A8FCF7E6FA10B100201AB010BDB7
:10794C002046FFF7D7FE02901F2801D90020F5E74B
:10795C00012303930223049302A905A8FCF7FEFB61
:10796C0008B10020EAE705A8FCF712FD08B10020D9
:10797C00E4E70A2105A8FCF791FB08B10020DDE73C
:10798C0005A8FCF7C1FC10F4007F05D105A8FCF795
:10799C00F5FD40B10020D1E705A8FCF7DCFB80B277
:1079AC00ADF80600F2E705A8FCF758FD28B9BDF8BC
:1079BC00060080B2C2E70020C0E70020BEE700BF8F
:1079CC00B8AA00081500002070B586B00646124C07
:1079DC00124994F9000000F00FF90546304600F00A
:1079EC006BF994F90000C0F30310FFF7F7FD0223C5
:1079FC000293002203920493C5F306250595237880
:107A0C0003F00F02012393409BB206A941F8143DE9
:107A1C00FCF730FF06B070BD1500002014AC000858
:107A2C0008B500F001FA08BDF0B595B006460C4655
:107A3C0015461F463822002106A801F036FE002309
:107A4C00019302930393049305931F49304600F06E
:107A5C00A8F8069048B300F0DBFAB0FBF4F001385C
:107A6C000790013D099500230A9308938DF84D303A
:107A7C009DF86830012B1AD03046FFF749FE0446BA
:107A8C0038B1042805D0082803D00C2801D01828B8
:107A9C000BD1602301930023039304930297224696
:107AAC0001A906A8FFF719F848B115B0F0BD074BAE
:107ABC001E7006A8FEF78FFF0028F6D1DCE72146E2
:107ACC0006A8FEF7B9FFF0E714AC0008150000207B
:107ADC0010B58EB004460D4900F063F8009090B1DB
:107AEC002046FFF715FE014638B1042805D00828BA
:107AFC0003D00C2801D0182805D16846FEF7A9FF41
:107B0C006846FEF781FF0EB010BD00BF14AC000834
:107B1C0008B5FCF7F1F908BD704708B5FCF7E4F9B6
:107B2C00FCF7E7FDFFF7F8FF08BD70B586B004461B
:107B3C000E461546C0F30310FFF750FD04F00F047A
:107B4C000123A3409BB20193022304930296039555
:107B5C0001A9FCF78FFE06B070BD08B522B9002252
:107B6C0089B2FCF76EFF08BD012289B2FCF769FFF0
:107B7C0008BD08B589B2FCF75DFF08BD08B5FCF778
:107B8C009DF9FCF701F908BD91F90030B3F1FF3F05
:107B9C0005D0834201D00C31F6E7486870470020CD
:107BAC007047B0F1FF3F03D008B5FFF7EDFF08BDFC
:107BBC00002070474B6833B1834201D00C31F9E798
:107BCC0091F9000070474FF0FF30704718B108B5BD
:107BDC00FFF7F0FF08BD4FF0FF30704791F9003010
:107BEC00B3F1FF3F05D0834201D00C31F6E7886832
:107BFC0070474FF0FF307047B0F1FF3F02D14FF0AC
:107C0C00FF30704708B5FFF7E9FF08BDB0F1FF3F43
:107C1C0008D091F90030B3F1FF3F05D0984205D060
:107C2C000C31F6E7002070470020704701207047A8
:107C3C00884205D008B111B970470846704700203A
:107C4C007047000008B5034B1B6813B1024A10685B
:107C5C00984708BD000600202406002008B50248FD
:107C6C00FEF744FD08BD00BF04060020FEE700003F
:107C7C000E4B1A6842F480721A6099680C4A0A40DA
:107C8C009A601A6822F0885222F001121A601A685F
:107C9C0022F480221A609A6822F47D029A600022F3
:107CAC00DA604FF00062034B9A6070470038024074
:107CBC000CC0FF8800ED00E08AB00368B3F1804F80
:107CCC0021D002684F4B9A422BD002684E4B9A42FD
:107CDC0035D002684D4B9A423FD002684C4B9A42C9
:107CEC0049D002684B4B9A4253D002684A4B9A4295
:107CFC005DD00268494B9A4267D00268484B9A4261
:107D0C0071D00AB0704703F50E335A6A42F0010283
:107D1C005A625B6A03F001030193019B414B58606B
:107D2C00CFE703F50D335A6A42F002025A625B6ADE
:107D3C0003F002030293029B3A4B9860C5E703F5EC
:107D4C000C335A6A42F004025A625B6A03F0040371
:107D5C000393039B334BD860BBE703F50B335A6A91
:107D6C0042F008025A625B6A03F008030493049B16
:107D7C002C4B1861B1E703F50A335A6A42F0100232
:107D8C005A625B6A03F010030593059B254B5861FF
:107D9C00A7E703F509335A6A42F020025A625B6A7C
:107DAC0003F020030693069B1E4B98619DE703F599
:107DBC0098331A6A42F004021A621B6A03F0040335
:107DCC000793079B174B186293E703F596331A6AD0
:107DDC0042F008021A621B6A03F008030893089B1E
:107DEC00104B586289E703F594331A6A42F010027B
:107DFC001A621B6A03F010030993099B094B9862E2
:107E0C007FE700BF0004004000080040000C004069
:107E1C00001000400014004000080140000C01401C
:107E2C0000100140280600200368B3F1804F20D0D9
:107E3C0002682B4B9A4222D002682A4B9A4224D0D9
:107E4C000268294B9A4226D00268284B9A4228D0C5
:107E5C000268274B9A422AD00268264B9A422CD0B1
:107E6C000268254B9A422ED00268244B9A4230D09D
:107E7C007047234A536A23F001035362D8E7204A20
:107E8C00536A23F002035362D6E71D4A536A23F068
:107E9C0004035362D4E71A4A536A23F0080353626B
:107EAC00D2E7174A536A23F010035362D0E7144AFF
:107EBC00536A23F020035362CEE7114A136A23F06E
:107ECC0004031362CCE70E4A136A23F0080313620F
:107EDC00CAE70B4A136A23F010031362C8E700BF0A
:107EEC000004004000080040000C0040001000405E
:107EFC000014004000080140000C0140001001403B
:107F0C0000380240B0F1FF3F37D008B51D4B984206
:107F1C0028D012D8A3F54063984230D008D91A4B18
:107F2C0098421DD003F58063984221D12E2008BDC4
:107F3C00B0F1804F1CD11C2008BD144B984213D0BB
:107F4C0008D9134B984211D003F5806398420FD196
:107F5C001B2008BDA3F57443984209D12C2008BD01
:107F6C001E2008BD2B2008BD192008BD1A2008BDF5
:107F7C00084801F023FF002008BD002070471D2099
:107F8C0008BD00BF00100040000800400008014080
:107F9C00000C0140A8AE0008B0F1FF3F2CD008B592
:107FAC00164B984219D00CD9154B984207D01ED9B4
:107FBC00144B984203D003F58063984212D10220EF
:107FCC0008BDA3F54063984207D008D90E4B9842E0
:107FDC0003D003F58063984204D1012008BDB0F1B1
:107FEC00804FFAD0094801F0E9FE002008BDA3F546
:107FFC0074439842F6D1F0E700207047001000401F
:10800C0000080140000C0140000800408CAE000844
:10801C0010B586B004460023019302930393049396
:10802C00059306A941F8183D01A8FEF741FB20462F
:10803C00FFF7B2FF012807D0022815D00E4801F037
:10804C00BDFE0024204602E0049CFEF705FBB4F5BF
:10805C00A06F06D00CD9B4F5C06F02D0B4F5E06FA8
:10806C0000D1400006B010BD059CFEF70BFBEEE7FF
:10807C00B4F5806FF6D1F4E770AE00082DE9F0414D
:10808C0086B0054617469846002401940294039442
:10809C0004940594061D4FF08040286068602961A7
:1080AC00FFF7B6FF174BA3FB0030800C0138A8601C
:1080BC006C61EC60C5F844800194029703940494BD
:1080CC002868FFF71FFF22460E2140B2FCF786FA04
:1080DC002868FFF717FF40B2FCF7B2FA3046FEF7FC
:1080EC00E6FB10B106B0BDE8F081224601A930468E
:1080FC00FEF7C4FC0028F5D121463046FEF708FCFB
:10810C00F0E700BF83DE1B4310B5041D002343645E
:10811C000068FFF7F7FE40B2FCF7A0FA2046FEF726
:10812C00DFFB00B110BD00212046FEF720FCF9E773
:10813C0008B5FFF7C1FD08BD08B5FFF775FE08BD12
:10814C000438704710B50446FFF7FAFF436C13B1BF
:10815C00227D012A00D010BD00219847FBE708B50D
:10816C00FFF7EEFF036C03B1984708BD4368586AEC
:10817C0070474368596270474368343321F040417B
:10818C0043F821207047000008B5034B586808B12C
:10819C00FEF714FD08BD00BF2806002008B5034BF0
:1081AC00986808B1FEF70AFD08BD00BF280600203C
:1081BC0008B5034BD86808B1FEF700FD08BD00BF39
:1081CC002806002008B5034B186908B1FEF7F6FC29
:1081DC0008BD00BF2806002008B5034B586908B13C
:1081EC00FEF7ECFC08BD00BF2806002008B5034BC9
:1081FC00986908B1FEF7E2FC08BD00BF2806002014
:10820C0008B5034B186A08B1FEF7D8FC08BD00BFCF
:10821C002806002008B5034B586A08B1FEF7CEFCBF
:10822C0008BD00BF2806002008B5034B986A08B1AA
:10823C00FEF7C4FC08BD00BF28060020002800F093
:10824C000E812DE9F04F8BB004461E4600920F466E
:10825C0000F1040A824990F95800FFF7A2FC054688
:10826C00804994F95900FFF79CFC002D00F0B58073
:10827C00002800F0B28001462846FFF7D9FC2060A8
:10828C00002800F0AE80784B984200F0AE80226857
:10829C00764B9A4200F0C68094F95900C0F3031053
:1082AC00FFF79CF9019094F9590000F00F034FF07F
:1082BC00010808FA03F39BB205936A4D2946FFF7B0
:1082CC009BFC4FEAD0094FEA091909F0100929461D
:1082DC0094F95900FFF790FC00F0070049EA000000
:1082EC0006904FF0020BCDF820B0294694F95900B6
:1082FC00FFF782FCC0F301100790294694F959004E
:10830C00FFF77AFCC0F30620099005A90198FCF749
:10831C00B1FA94F95800C0F30310FFF75FF901901C
:10832C0094F9580000F00F0308FA03F39BB205937D
:10833C00DFF82C914946FFF75FFCC5082D0105F0CD
:10834C001005494694F95800FFF756FC00F0070059
:10835C0005430695CDF820B0494694F95800FFF72F
:10836C004BFCC0F301100790494694F95800FFF7F5
:10837C0043FCC0F30620099005A90198FCF77AFA92
:10838C0023686360A7600025E5602661FF23E36135
:10839C00009B6361A5612562656284F84150424689
:1083AC00294694F95A00FCF719F994F95A00FCF78C
:1083BC0047F94246294694F95B00FCF70FF994F90A
:1083CC005B00FCF73DF95046FCF7A2FC9DF85030E1
:1083DC0084F85D300BB0BDE8F08F254801F0EEFC61
:1083EC00F8E7244801F0EAFCF4E703F5F2335A6AA3
:1083FC0042F400125A625A6A02F400120392039A6F
:10840C009A6942F400129A619A6922F400129A61F4
:10841C001F2384F85A30202384F85B30164BC3F8A2
:10842C0000A034E703F5F0335A6A42F480025A6232
:10843C005A6A02F480020492049A9A6942F4800205
:10844C009A619A6922F480029A61212384F85A3045
:10845C00222384F85B30084BC3F804A01CE7704758
:10846C00E4AB0008B4AB00080054004000580040D6
:10847C00C0AE0008F0AE0008800600202DE9F84FD1
:10848C0083468A4691469846FBF736FD07460024FC
:10849C00022519E03046FDF753FB60B93046FDF775
:1084AC004CFB202809D045B9FBF726FDC41B642CD6
:1084BC00F0D90125F2E70225F0E73046FDF740FB45
:1084CC0004280DD1632C0BD80BF1040643464A4605
:1084DC0051463046FCF7CEFC0028EED10025DDE7F6
:1084EC002846BDE8F88F202A01D90220704730B405
:1084FC0000230AE0CD5CC41884F8685090F88840DA
:10850C00013480F888400133DBB29CB2A242F1D82E
:10851C00002030BC70472DE9F84F83468A469146BF
:10852C009846FBF7E9FC07460024022519E0304683
:10853C00FDF706FB60B93046FDF7FFFA202809D09D
:10854C0045B9FBF7D9FCC41B642CF0D90125F2E723
:10855C000225F0E73046FDF7F3FA04280DD1632C21
:10856C000BD80BF1040643464A4651463046FCF7FD
:10857C00E7FC0028EED10025DDE72846BDE8F88FA2
:10858C000438704730B108B519B101660430FCF7F6
:10859C00CDFD08BD704730B108B519B14166043046
:1085AC00FCF7C4FD08BD7047F8B505460F461646E6
:1085BC00FFF7E6FFEB689E4200D0F8BD044687B992
:1085CC00002380F8883080F85C30436E03B1984704
:1085DC00082394F8882004F168012846FCF71AFD5A
:1085EC00F8BD012380F85C300823202200F16801DB
:1085FC002846FCF755FDE0E710B50446FFF7C0FF31
:10860C00036E1BB190F85C20012A03D02046FCF7C6
:10861C008DFD10BD90F82C10C1F1200111F0FF015F
:10862C00F4D068309847F1E710B50446FFF7A8FF7F
:10863C0090F85D3003B110BD2046FCF777FDFAE7EA
:10864C0008B5024B1868FDF721F908BD800600201B
:10865C0008B5024B1868FDF7D1F908BD800600205B
:10866C0008B5024B5868FDF711F908BD80060020CB
:10867C0008B5024B5868FDF7C1F908BD800600200B
:10868C00002800F01B81F0B58BB00446051D8C4909
:10869C0090F95800FFF785FA06468A4994F9590073
:1086AC00FFF77FFA014600287ED0002E7CD03046A2
:1086BC00FFF7BEFA206000287AD0834B98427BD01B
:1086CC00824B984200F09280814B984200F0A88037
:1086DC00804B984200F0BE807F4B984200F0D480D3
:1086EC0094F95900C0F30310FEF778FF074675495B
:1086FC0094F95900FFF780FA94F8593003F00F03FE
:10870C00012606FA03F39BB20593C3081B0103F081
:10871C00100300F0070213430693C0F301130793F1
:10872C00C0F3062009900323089305A93846FCF7EB
:10873C00A1F894F95800C0F30310FEF74FFF074659
:10874C005F4994F95800FFF757FA94F8583003F042
:10875C000F039E40B6B20596C3081B0103F010032D
:10876C0000F0070213430693C0F30110079005A90C
:10877C003846FCF77FF894F84420584B43F82250C5
:10878C0023686360A36CA360E36CE360236D2361D7
:10879C00636D63610C23A3610023E36123622846AC
:1087AC00FEF7DDFC0BB0F0BD4D4801F007FBF9E71F
:1087BC004C4801F003FBF5E703F580335A6942F4AA
:1087CC0080425A615A6922F480425A611A6A42F410
:1087DC0080421A621B6A03F480430093009B0023BF
:1087EC0084F84430252384F85A3079E703F5FA33BA
:1087FC009A6942F400329A619A6922F400329A61C1
:10880C005A6A42F400325A625B6A03F400330193F1
:10881C00019B012384F84430262384F85A305FE707
:10882C0003F5F8339A6942F480229A619A6922F42A
:10883C0080229A615A6A42F480225A625B6A03F47B
:10884C0080230293029B022384F84430272384F86C
:10885C005A3045E703F5F6339A6942F400229A61DF
:10886C009A6922F400229A615A6A42F400225A62EE
:10887C005B6A03F400230393039B032384F84430C3
:10888C00302384F85A302BE703F5F4339A6942F419
:10889C0080129A619A6922F480129A615A6A42F49F
:1088AC0080125A625B6A03F480130493049B0423C2
:1088BC0084F84430312384F85A3011E7704700BFF4
:1088CC00B8AD000864AD0008003801400044004019
:1088DC0000480040004C004000500040D8060020EA
:1088EC000CAF00083CAF000810B50F4B93F90140DA
:1088FC000E492046FFF755F9A8B10C492046FFF761
:10890C0050F90B49FFF762F90A4B83F8590083F8C9
:10891C0058404FF416529A6400225A65DA641A656C
:10892C001846FFF7ADFE10BD0CAE0008B8AD000840
:10893C0064AD00081C0000202DE9F04107460E46EE
:10894C00FBF7DAFA8046264B93F901502549284665
:10895C00FFF727F900283FD0002401E00134E4B2EE
:10896C00042C0ED8204B53F82430002BF6D01D4984
:10897C002846FFF716F91C4B53F824301B6883422A
:10898C00ECD1042C07D9194B93F84430042B16D88E
:10899C00164B93F844404FF47A73B2B23946124DE9
:1089AC0055F82400FEF708FC98B1FBF7A5FAA0EBEC
:1089BC000800B0F57A7FEED30020BDE8F081FFF718
:1089CC0093FF0A4B93F84430042BE1D90020BDE807
:1089DC00F0813046BDE8F0810020BDE8F08100BF99
:1089EC000CAE0008B8AD0008D80600201C00002012
:1089FC0008B590F84420064B53F82200FEF796FD7C
:108A0C0000F02200222814BF0020012008BD00BF66
:108A1C00D806002008B590F84420064B53F82200E5
:108A2C00FEF784FD00F01200122814BF0020012074
:108A3C0008BD00BFD8060020A0B138B504460D46CD
:108A4C00FFF7D6FF88B994F845302B7094F84400A2
:108A5C00012204F14501064B53F82000FEF753FCAC
:108A6C00002038BD4FF0FF3070474FF0FF3038BD5D
:108A7C00D806002018B338B504460D46FFF7B8FFEA
:108A8C0000B138BD94F844300D4A42F823500D4AD9
:108A9C0042F823400122002194F95A00FBF79EFD75
:108AAC0094F95A00FBF7CCFD94F84400012204F130
:108ABC004501054B53F82000FEF725FCE1E7704714
:108ACC00880600209C060020D806002008B310B5AC
:108ADC00044690F844300F4A42F823100E4A42F8EC
:108AEC0023000222002190F95A00FBF777FD94F93C
:108AFC005A00FBF7A5FD94F84400616EB4F86A3097
:108B0C009BB201221944054B53F82000FEF7C8FB19
:108B1C0010BD7047B0060020C4060020D806002007
:108B2C00024658B10020042807D8054B53F82030D2
:108B3C009A4204D00130C0B2F5E770470520704767
:108B4C00D806002008B5FFF7EBFF042800D908BDB4
:108B5C00034B53F82030034A52F820009847F6E7AD
:108B6C00880600209C06002010B5FFF7D9FF0E4B9D
:108B7C0053F82040042800D910BD0C4B53F820307A
:108B8C0020469847B0F1FF3FF6D094F84400616E50
:108B9C00B4F86A309BB201221944054B53F82000FB
:108BAC00FEF77EFBE8E700BFC4060020B0060020FD
:108BBC00D806002082B003681A6812F0010F0ED19B
:108BCC001A6812F0020F0FD11A6812F0040F0ED1AE
:108BDC001A6812F0080F04D05B68019301E05B681F
:108BEC000193019B02B070475B680193F9E75B68E6
:108BFC000193F6E708B52520FBF75AFD024B1868E0
:108C0C00FEF72FFC08BD00BFD806002008B52620B3
:108C1C00FBF74EFD024B5868FEF723FC08BD00BF66
:108C2C00D806002008B52720FBF742FD024B9868B8
:108C3C0008B1FEF716FC08BDD806002008B5302098
:108C4C00FBF736FD024BD868FEF70BFC08BD00BFE6
:108C5C00D806002008B53120FBF72AFD024B186915
:108C6C00FEF7FFFB08BD00BFD806002003460B4AE9
:108C7C00126842B1094A106803446A46934206D806
:108C8C00064A136070470649044A1160F2E70C2249
:108C9C00044B1A604FF0FF30704700BFEC06002009
:108CAC00700A0020680A00204FF0FF3070474FF424
:108CBC0000534B6000207047012070470020704724
:108CCC000020704708B508461146FFF735FE08BD71
:108CDC00FEE700001622024B1A604FF0FF3070477F
:108CEC00680A00200120704708B5102819D800F137
:108CFC002E033E2B8CBF00230123BBB1102800D8C0
:108D0C002E300F4B1856B0F1FF3F16D0FEF7E8FD92
:108D1C000C4B1B680C2B11D00B2B0AD90C3B98401D
:108D2C0008BD3E288CBF00230123E6E74FF0FF303F
:108D3C00E9E7C3F10C03D84008BD002008BD00BF13
:108D4C000CAE00088800002070B582B005460E46B7
:108D5C003E281CD8344B1C56B4F1FF3F15D0334978
:108D6C002046FEF753FFF8B131492046FEF7E1FBF0
:108D7C0080B100222F4B1B680C2B02D010D90C3B5E
:108D8C00DE4031462046FEF701FD02B070BD4FF0CB
:108D9C00FF34E1E726492046FEF7D6FB0122E9E73E
:108DAC00C3F10C039E40ECE723492046FEF72EFF4F
:108DBC00F0B11F492046FEF7BCFB78B100221D4BD9
:108DCC001B68082B02D00FD9083BDE4000923346BB
:108DDC00FF221A492046FEF727FED6E71449204603
:108DEC00FEF7B2FB0122EAE7C3F108039E40EDE770
:108DFC000121284600F024F80E4B1B68082B02D0EA
:108E0C0008D9083BDE407F2E08D90121284600F006
:108E1C006BF8BAE7C3F108039E40F4E7002128463B
:108E2C0000F062F8B1E700BF0CAE000890AB000890
:108E3C00F00600208C00002014AC000818E403009D
:108E4C0038B53E2810D8234B1C56B4F1FF3F2ED01A
:108E5C000D4621492046FEF76CFB40B9032D22D864
:108E6C00DFE805F01C32262C4FF0FF34EDE71B49F0
:108E7C002046FEF7CBFE38B12046FEF7D3FC164950
:108E8C002046FEF770FBE9E715492046FEF7BEFECB
:108E9C000028F4D02046FEF71BFEF0E70022114616
:108EAC002046FEF742FE0F492046FEF74DFB38BD2B
:108EBC00012200212046FEF738FEF4E702220021B1
:108ECC002046FEF732FEEEE7002201212046FEF797
:108EDC002CFEE8E70CAE0008F006002090AB000872
:108EEC0014AC00081007002038B53E280BD80E4BE8
:108EFC001C56B4F1FF3F05D00D460C492046FEF739
:108F0C0018FB18B938BD4FF0FF34F2E7C4F3031067
:108F1C00FEF73AFB04F00F040121A1402A4689B266
:108F2C00FEF71BFEEEE700BF0CAE0008100700209A
:108F3C0010B53E280ED8104B1C56B4F1FF3F19D07B
:108F4C000E492046FEF7F5FA38B90020003018BF5C
:108F5C00012010BD4FF0FF34EFE7C4F30310FEF710
:108F6C0013FB04F00F040121A14089B2FEF701FEAE
:108F7C00C0B2EBE70020E9E70CAE000810070020B8
:108F8C0008B5FEF7C5FD08BD7047B0F86A309BB256
:108F9C0001335A4203F07F0302F07F0258BF534261
:108FAC009BB2A0F86A30B0F86820B0F86A309BB277
:108FBC009A4201D0002070474FF0FF307047B0F854
:108FCC0034319BB24033B0F83601181A00F03F0030
:108FDC007047B0F834319BB2B0F83621934203D0CD
:108FEC00D0F83031985C70474FF0FF307047B0F8D4
:108FFC00342192B2B0F836319A4209D0D0F83021EF
:10900C00D25C013303F03F03A0F8363110467047B1
:10901C004FF0FF307047037C33B1B0F83C21B0F80F
:10902C003E319BB29A42F8D1704710B582B00446DB
:10903C000DF10701FFF700FD98B9B4F860309BB251
:10904C00013303F03F03B4F86220934209D0E16D81
:10905C00B4F8602092B29DF8070088549BB2A4F833
:10906C00603002B010BD000070B501230374B0F87D
:10907C003C51EC18634204F07F0403F07F0358BFAB
:10908C005C42E6B2B0F83E319BB2E2B29342F9D008
:10909C00D0F838315955A0F83C6100F1D404204681
:1090AC00FFF7B8FC08B1012070BD02492046FFF75C
:1090BC000DFDF8E7978F000808B5084B33B1084849
:1090CC00FFF77DFF20B1012323B908BD0023FBE787
:1090DC000023F9E7AFF30080F7E700BF00000000C2
:1090EC003007002000F11103C0F830310023A0F844
:1090FC003431A0F8363100F15102C0F83821A0F813
:10910C003C31A0F83E31704710B5C0F81C1180F806
:10911C00402102F00703042B21D0062B1DD0022B7B
:10912C0001D0002300E0062302F03001302918D0D2
:10913C0012F0200F1BD04FF48061C0F828110133BE
:10914C0012F0080F17D04FF40052C0F82421082B4E
:10915C0015D0092B21D0002314E00823E4E70723C2
:10916C00E2E74FF4C061C0F828110133E8E70021B1
:10917C00C0F82811E4E70022C0F82421E7E7002218
:10918C00C0F8202173B100F1D4042046FFF778FA1F
:10919C0008492046FFF76EFC10BD4FF48052C0F812
:1091AC002021EFE7044B054A40F22B11044800F054
:1091BC00FFF900BF379000085CAF0008E8AF00086B
:1091CC0068AF00083E2904D8034B5B5680F82D315C
:1091DC0070474FF0FF33F9E70CAE00083E2904D876
:1091EC00034B5B5680F82C3170474FF0FF33F9E797
:1091FC000CAE000838B50446002343604FF47A7374
:10920C0083600F4B03600F4B984211D00D460E49F3
:10921C002846FEF7DBFC84F82D010C492846FEF7A6
:10922C00D5FC84F82C012046FFF75CFF204638BDA6
:10923C000021FFF7C7FF01212046FFF7CFFFF2E720
:10924C00D0AF00083007002064AD0008B8AD0008AE
:10925C00012800D0704708B54FF6FF73994200D033
:10926C0008BD02490248FFF7C5FFF9E7004400407A
:10927C003007002008B54FF6FF710120FFF7E8FF1B
:10928C0008BDF8B507460E4600242546022C0DDC19
:10929C003B190A221979304600F09AF805442E2120
:1092AC00304600F058F805440134EFE70A22F9790A
:1092BC00304600F08DF82844F8BD000030B4054D60
:1092CC0005600171427183719DF80830C37130BC27
:1092DC00704700BF24B00008012800D070474FF63B
:1092EC00FF739942FAD100B583B0002100910B466F
:1092FC000A460348FFF7E2FF03B05DF804FB00BF2A
:10930C007408002008B54FF6FF710120FFF7E4FF49
:10931C0008BDF8B505460024561E52B12B681B68D3
:10932C004F1C09782846984718B101343246394603
:10933C00F2E72046F8BD61B138B50D460446084643
:10934C00F6F72CFF23685B680246294620469847AF
:10935C0038BD0020704708B503681B68984708BDE6
:10936C0030B58BB0054600238DF82430012A01DD81
:10937C0009AC06E00A22FBE73731C9B22170194665
:10938C006BB1B1FBF2F3C9B203FB02F0C0B2091A24
:10939C00C9B2013C0929EFDC3031C9B2EEE754B156
:1093AC002046F6F7FBFE2B685B68024621462846F2
:1093BC0098470BB030BD0020FBE708B51AB1D2B20C
:1093CC00FFF7CEFF08BD03681B68C9B2984708BDFC
:1093DC0008B5FFF7F2FF08BD10B4401A019CE41A5F
:1093EC0004FB00F0521A90FBF2F0184410BC7047CA
:1093FC00704708B50320FBF7DFF8FAF72EFD08BD20
:10940C0008B5FFF7F5FFF8F707FFF9F741FB034B3A
:10941C00002BFAD0FFF750FEF7E700BFC59000080D
:10942C000023012803D040080133DBB2F9E71846CA
:10943C007047000010B5074C074B9C4208D0143CF9
:10944C00E368002BF8D0201D032201469847F3E770
:10945C0010BD00BFBC0900207C080020012800D0F2
:10946C00704708B54FF6FF73994200D008BD234BE7
:10947C0006221A700020D86007221A75186208227A
:10948C0083F828205863092283F83C2098640A2228
:10949C0083F85020D865172283F86420186783F866
:1094AC007820C3F8840083F88C20C3F8980083F8E4
:1094BC00A020C3F8AC0083F8B420C3F8C000282265
:1094CC0083F8C820C3F8D40083F8DC20C3F8E80084
:1094DC0083F8F020C3F8FC0083F80421C3F81001D2
:1094EC0083F81821C3F8240183F82C21C3F8380120
:1094FC00034A044900F057F8B8E700BF7C08002085
:10950C00000000204194000808B50120FBF7A0FAE8
:10951C0008BD08B50220FBF79BFA08BD08B504206E
:10952C00FBF796FA08BD08B50820FBF791FA08BDC1
:10953C0008B51020FBF78CFA08BD10B52024B4F543
:10954C00007F04D8A0B2FBF783FA6400F7E710BDE4
:10955C0010B54FF48064B4F5004F04D8A0B2FBF7FB
:10956C0077FA6400F7E710BD08B5836813B1C368D8
:10957C00984708BD01F07CF808B5FFF751FF00EBE8
:10958C008000830003481844043083680BB1FFF754
:10959C00EBFF08BD7C08002008B54FF6FF710120D9
:1095AC00FFF75CFF08BD0B460146184600F01EB8DD
:1095BC001FB51C46094B05461B68D86852B1084BB1
:1095CC008DE80A0002922B462246064900F01CF850
:1095DC0000F036FD044B1A46F2E700BF9000002065
:1095EC0028B0000835B0000863B0000810B5054C71
:1095FC0013462CB10A4601460220AFF3008010BD81
:10960C00204610BD000000000EB403B5014603ABAC
:10961C00054853F8042B0068019300F021F902B0BF
:10962C005DF804EB03B070479000002070B5002586
:10963C000C4E0D4CA41BA410A54209D101F064F9E9
:10964C0000250A4E0A4CA41BA410A54205D170BDDE
:10965C0056F8253098470135EEE756F825309847EF
:10966C000135F2E7FCB00008FCB00008FCB00008C3
:10967C002CB10008024B0146186800F06BB800BF13
:10968C0090000020024B0146186800F017B800BF8C
:10969C009000002010B5431E0A44914200D110BD29
:1096AC0011F8014B03F8014FF7E7034602449342CC
:1096BC0000D1704703F8011BF9E7000038B50546E7
:1096CC00002943D051F8043C0C1F002BB8BFE41800
:1096DC0000F0ACFE1E4A1368104633B96360146088
:1096EC002846BDE8384000F0A2BEA3420BD9216841
:1096FC006218934201BF1A685B685218226063605B
:10970C000460EDE713465A680AB1A242FAD9196807
:10971C005818A0420BD12068014458188242196095
:10972C00DED110685268014419605A60D8E702D93A
:10973C000C232B60D4E7206821188A4201BF1168E2
:10974C0052680918216062605C60C9E738BD00BFCF
:10975C00BC09002070B5CD1C25F0030508350C2D77
:10976C0038BF0C25002D064601DBA94203D90C237A
:10977C003360002070BD00F059FE234A1468214666
:10978C0091B9224C23681BB9304600F037FB20609E
:10979C002946304600F032FB431C26D10C233046C0
:1097AC00336000F044FEE4E70B685B1B1AD40B2B10
:1097BC000FD90B60CC18CD50304600F038FE04F1B8
:1097CC000B00231D20F00700C31A1BD05A42E25095
:1097DC0070BD8C420BBF63684B681360636018BF2D
:1097EC000C46E9E70C464968CAE7C41C24F003049C
:1097FC00A04205D0211A304600F000FB0130CDD03C
:10980C002560D9E770BD00BFBC090020C00900204D
:10981C00936810B4013B002B936008DA9469A3425F
:10982C0002DBCBB20A2B02D110BC00F049BB13688F
:10983C00581C10601970C8B210BC7047F8B50646B9
:10984C000F461446D518AC4201D1002007E03A4629
:10985C0014F8011B3046FFF7DBFF431CF3D1F8BDB6
:10986C002DE9F04F9DB00C4617460393064618B1F0
:10987C0083690BB900F0DEFC7C4B9C4257D17468B9
:10988C00A38918075DD52369002B5AD000230993AF
:10989C0020238DF8293030234FF0010B8DF82A301E
:1098AC00B846454615F8013B002B55D1B8EB070AD5
:1098BC000BD053463A4621463046FFF7BFFF0130E6
:1098CC0000F0C480099B5344099398F80030002B96
:1098DC0000F0BC8000234FF0FF32049307930592F5
:1098EC0006938DF853301A9305222978604800F0BE
:1098FC008FFD05F10108049B002831D1D90644BF26
:10990C0020228DF853201A0744BF2B228DF85320A8
:10991C002A782A2A2CD000210A20079AA84698F8DF
:10992C0000300135303B092B6DD971B326E0514B1A
:10993C009C4201D1B468A3E74F4B9C4208BFF4682A
:10994C009EE72146304600F00DFB00289ED04FF0DC
:10995C00FF301DB0BDE8F08F252BA7D0A846A0E79F
:10996C00434A4546801A0BFA00F018430490BBE7B3
:10997C00039A111D12680391002A01DB079204E07F
:10998C00524243F002030792049398F800302E2BB6
:10999C0010D198F8013008F101012A2B37D1039B23
:1099AC0008F102081A1D1B680392002BB8BF4FF078
:1099BC00FF330593314D032298F80010284600F030
:1099CC0027FD40B14023401B03FA00F0049B08F133
:1099DC0001080343049398F800100622284808F164
:1099EC0001078DF8281000F013FD002834D0254B0A
:1099FC0003BB039B073323F0070308330393099B33
:109A0C004B4409934CE700FB0232012186E700230B
:109A1C000A2518460593884698F800200131303AFB
:109A2C00092A03D9002BC5D00590C3E705FB0020FC
:109A3C000123F0E703AB00932246134B04A93046F5
:109A4C00AFF30080B0F1FF3F8146D8D1A3895B060C
:109A5C003FF57DAF09987CE703AB009322460A4B98
:109A6C0004A9304600F08AF8ECE700BFBCB000084F
:109A7C0068B00008DCB000089CB000086EB00008AC
:109A8C0072B0000800000000499800082DE9F0476A
:109A9C0091461F468A680B6906469342B8BF134627
:109AAC00C9F8003091F843200C46DDF8208012B143
:109ABC000133C9F800302368990642BFD9F8003049
:109ACC000233C9F80030256815F0060507D104F1FA
:109ADC00190AE368D9F800209B1A9D422ADB94F8F6
:109AEC0043302268003318BF012392062FD404F1AF
:109AFC00430239463046C047013022D02368E5681E
:109B0C0003F00603042B18BF0025D9F800204FF0F2
:109B1C00000908BFAD1AA368226908BF25EAE575DC
:109B2C009342C4BF9B1AED181A344D451BD100202B
:109B3C00BDE8F0870123524639463046C047013014
:109B4C0003D14FF0FF30BDE8F0870135C1E730207D
:109B5C00E11881F843005A1C94F845102244023352
:109B6C0082F84310C3E70123224639463046C047EA
:109B7C000130E6D009F10109D7E700002DE9F043E7
:109B8C0017460A7E85B06E2A984606460C460C9BF4
:109B9C0001F1430E00F0BC801AD8632A2ED00AD8EB
:109BAC00002A00F0C880582A00F08A8004F142058F
:109BBC0084F842202AE0642A01D0692AF6D121686F
:109BCC001A6811F0800F23D0111D1960136827E05B
:109BDC00732A00F0B48008D86F2A2AD0702AE5D1F5
:109BEC000A6842F020020A6003E0752A21D0782A24
:109BFC00DCD178226F4984F8452064E01A6801F1C1
:109C0C004205111D1960136884F842300123A3E04A
:109C1C0011F0400F02F104011960D7D0B2F90030F5
:109C2C00002B03DA2D225B4284F8432062490A227E
:109C3C0017E02068196810F0800F03D0081D186019
:109C4C000B6806E010F0400F01F104001860F7D02B
:109C5C000B886F2A14BF0A2208225749002084F867
:109C6C0043006568002DA560C0F29C80206820F040
:109C7C0004002060002B3FD1002D40F095807546EC
:109C8C00082A0BD12368DA0708D5236962689A423F
:109C9C00DEBF302305F8013C05F1FF35AEEB0503C3
:109CAC002361CDF800803B4603AA21463046FFF7DE
:109CBC00EDFE013055D14FF0FF3005B0BDE8F0831B
:109CCC0081F845203C492268186812F0800F00F199
:109CDC0004051D6001D0036802E05506FBD503881E
:109CEC00D00744BF42F0200222601BB9226822F048
:109CFC00200222601022B1E77546B3FBF2F002FBA2
:109D0C001033CB5C05F8013D03460028F5D1B7E7CD
:109D1C0008681A6810F0800F496904D0101D18608B
:109D2C001368196007E010F0400F02F1040018608E
:109D3C001368F6D01980002375462361B1E71A68C1
:109D4C00111D1960156800216268284600F060FB3F
:109D5C0008B1401B606063682361002384F84330C2
:109D6C009FE723692A4639463046C0470130A2D0C6
:109D7C0023689B0707D5002504F11909E368039AAA
:109D8C009B1A9D4205DBE068039B9842B8BF1846BE
:109D9C0093E701234A4639463046C04701308AD002
:109DAC000135EBE7002BA7D10B7804F1420584F8C1
:109DBC00423065E78AB0000879B000080FB40A4B4E
:109DCC0013B51C6824B1A36913B9204600F032FA0C
:109DDC0005AB049AA16820460193FFF741FD02B040
:109DEC00BDE8104004B0704790000020024B0A46BA
:109DFC000146186800F01CBB9000002038B5002309
:109E0C00054C054608462360FEF730FF431C02D183
:109E1C00236803B12B6038BD680A0020C9B2034621
:109E2C0010F8012B1AB19142F9D11846704700294C
:109E3C000CBF18460020704770B5044602B970BDBF
:109E4C00234611F8015B561E03F8015B1DB914443F
:109E5C00A34203D170BD1C463246EFE703F8015B09
:109E6C00F6E738B503460D4651B10024294618468D
:109E7C00FFF7D4FF08B9204638BD431C0446F5E76C
:109E8C00BDE83840FFF7CABFF0B5037833B10346DD
:109E9C0018465E1C1B7833B91846F0BD0B78002BA6
:109EAC0018BF0020F0BD4D1E441E15F8012F002ACE
:109EBC00F3D014F8017F33469742F6D0E8E7000060
:109ECC00F8B50E461446054618B183690BB900F077
:109EDC00B1F9214B9C422AD16C68A369A360A38978
:109EEC001A072ED5236963B323692068F6B2C01A0A
:109EFC0063693746984204DB2146284600F030F966
:109F0C0028BBA3680130013BA36023685A1C226064
:109F1C001E706369984204D0A389DB0719D50A2EF9
:109F2C0017D12146284600F01BF990B10FE00B4BDE
:109F3C009C4201D1AC68D0E7094B9C4208BFEC684D
:109F4C00CBE72146284600F00DF80028CCD04FF086
:109F5C00FF373846F8BD00BFBCB00008DCB00008C5
:109F6C009CB00008324B70B51D6806460C4625B1F6
:109F7C00AB6913B9284600F05DF92E4B9C420FD10A
:109F8C006C68B4F90C309AB215072CD4D00611D4E5
:109F9C000922326043F04003A3814FF0FF3070BDC3
:109FAC00254B9C4201D1AC68EBE7244B9C4208BF8B
:109FBC00EC68E6E7510712D5616B41B104F144033B
:109FCC00994202D03046FFF779FB00236363A389E3
:109FDC0023F02403A3810023636023692360A389F6
:109FEC0043F00803A38123694BB9A38903F42073BD
:109FFC00B3F5007F03D02146304600F0C9F9A289A1
:10A00C0012F001030CD00023A36063695B42A361CF
:10A01C00236953B9B4F90C3013F08000BAD170BD78
:10A02C00920758BF6369A360F2E70020F7E700BF0F
:10A03C0090000020BCB00008DCB000089CB0000808
:10A04C0008B5062000F042FA0120FEF741FE0000A0
:10A05C008A892DE9F041054610070C465AD44B6805
:10A06C00002B05DC0B6C002B02DC0020BDE8F08122
:10A07C00E66A002EF9D0002312F480522F682B6070
:10A08C0033D0606DA3895A0705D56368C01A636B1A
:10A09C000BB1236CC01A00230246E66A216A2846DB
:10A0AC00B047431CA38906D129681D294BD82B4ADC
:10A0BC00CA40D60747D5002262602269D9042260C3
:10A0CC0004D5421C01D12B6803B96065616B2F600C
:10A0DC000029CAD004F14403994202D02846FFF764
:10A0EC00EDFA00206063BDE8F081216A0123284667
:10A0FC00B047411CC6D12B68002BC3D01D2B01D0FF
:10A10C00162B01D12F60B0E7A38943F04003A38144
:10A11C00BDE8F0810F69002FA7D0930718BF00236B
:10A12C000E6808BF4B69A6EB07080F608B60B8F18F
:10A13C00000F9ADD43463A46216A2846A66AB04784
:10A14C00002807DCA38943F04003A3814FF0FF30C4
:10A15C00BDE8F0810744A8EB0008E8E701004020C7
:10A16C0038B50B6905460C46DBB118B183690BB9E0
:10A17C0000F060F80C4B9C4209D16C68B4F90C30BF
:10A18C007BB121462846BDE83840FFF761BF074B3D
:10A19C009C4201D1AC68F1E7054B9C4208BFEC68CE
:10A1AC00ECE7002038BD00BFBCB00008DCB00008F4
:10A1BC009CB00008014900F0A9B800BF6DA10008CF
:10A1CC00002310B5044603604360836081814366BD
:10A1DC00C281036143618361194608225C30FFF739
:10A1EC0064FA054B24626362044BA362044BE36282
:10A1FC00044B236310BD00BF11A5000833A5000854
:10A20C006BA500088FA5000870B568254A1E55433C
:10A21C000E4605F17401FFF79DFA044640B100218A
:10A22C0080E842000C30A06005F16802FFF73DFAAF
:10A23C00204670BD836910B5044633BB8364C36488
:10A24C000365124B124A1B688262984204BF0123B9
:10A25C00836100F01FF86060204600F01BF8A060DE
:10A26C00204600F017F80022E06004216068FFF738
:10A27C00A7FF01220921A068FFF7A2FF02221221E9
:10A28C00E068FFF79DFF0123A36110BD64B00008D7
:10A29C00C1A10008F8B51C4B07461E68B36913B979
:10A2AC003046FFF7C7FF4836B4687368013B03D5E7
:10A2BC00336833B13668F7E7B4F90C506DB16834D4
:10A2CC00F4E704213846FFF79FFF30600028F1D1F6
:10A2DC000C2304463B602046F8BD4FF6FF73E38128
:10A2EC0001236566A3812560A560656025616561B4
:10A2FC00A5610822294604F15C00FFF7D6F96563D5
:10A30C00A563A564E564E6E764B000082DE9F843AD
:10A31C0080468946002600F1480414B93046BDE851
:10A32C00F883A5686768013F01D52468F5E7AB8918
:10A33C00012B07D9B5F90E30013303D0294640461D
:10A34C00C84706436835EEE770B50E46B1F90E10F6
:10A35C0090B0002914461D4607DA00232B60B38900
:10A36C001A0610D44FF480630EE001AA00F030F905
:10A37C000028F2DB029A02F47042A2F500535A4212
:10A38C005A412A60EEE740230020236010B070BDD4
:10A39C008B8973B59D0706460C4607D504F1470318
:10A3AC00236023610123636102B070BD01AB6A4677
:10A3BC00FFF7CAFF009905463046FFF7CBF948B9BD
:10A3CC00B4F90C309A05EFD423F0030343F00203E5
:10A3DC00A381E3E70D4BB362A389206043F08003B4
:10A3EC00A381009B20616361019B5BB1B4F90E10EA
:10A3FC00304600F0FFF828B1A38923F0030343F0A3
:10A40C000103A381A3891D43A581CDE7C1A1000848
:10A41C0010B5C9B202449042034601D1002010BDD0
:10A42C001C7801308C42F6D1184610BD704770472D
:10A43C00F8B5074614460E4621B91146BDE8F8405A
:10A44C00FFF788B922B9FFF739F925462846F8BD38
:10A45C0000F0F2F884420FD921463846FFF77AF91A
:10A46C0005460028F2D031462246FFF713F9314653
:10A47C003846FFF723F9E9E73546E7E71F2938B5F2
:10A48C0004460D4604D9162303604FF0FF3038BD47
:10A49C00426C12B152F821304BB9204600F030F822
:10A4AC002A4601462046BDE8384000F017B8012B7B
:10A4BC000AD0591C03D116230360012038BD002497
:10A4CC00284642F825409847002038BD024B0146EB
:10A4DC001868FFF7D3BF00BF9000002038B50023E9
:10A4EC00064C0546084611462360FEF7F3FB431C59
:10A4FC0002D1236803B12B6038BD00BF680A00206D
:10A50C00FEF7F0BB10B50C46B1F90E1000F09EF83A
:10A51C000028ABBF636DA3891B1823F48053ACBF19
:10A52C006365A38110BD2DE9F0411F468B8905465B
:10A53C00DB050C46164605D502230022B1F90E1098
:10A54C0000F068F8A389324623F48053A381B4F950
:10A55C000E103B462846BDE8F04100F017B810B588
:10A56C000C46B1F90E1000F055F8431CA38915BF29
:10A57C00606523F4805343F48053A38118BFA381F7
:10A58C0010BDB1F90E1000F013B8000038B5054637
:10A59C00084611460022054C22601A46FEF792FB33
:10A5AC00431C02D1236803B12B6038BD680A00201C
:10A5BC0038B50023054C054608462360FEF774FBAE
:10A5CC00431C02D1236803B12B6038BD680A0020FC
:10A5DC0038B50023064C0546084611462360FEF7A5
:10A5EC0066FB431C02D1236803B12B6038BD00BF4E
:10A5FC00680A002038B50023054C05460846236040
:10A60C00FEF75AFB431C02D1236803B12B6038BD03
:10A61C00680A002038B50546084611460022054C4C
:10A62C0022601A46FEF74AFB431C02D1236803B191
:10A63C002B6038BD680A002051F8040C0028A0F1EA
:10A64C000400BCBF0B58C0187047000038B5054655
:10A65C00084611460022054C22601A46FEF730FBD4
:10A66C00431C02D1236803B12B6038BD680A00205B
:10A67C0008B5FFF7E5FC0000244B1A68D0075CBF57
:10A68C0001221A60224B1A68D1075CBF01221A60A2
:10A69C00204B1A68D2075CBF01221A601E4B1A6845
:10A6AC00D0075CBF01221A601C4B1A68D1075CBF33
:10A6BC0001221A601A4B1A68D2075CBF01221A6079
:10A6CC00184B1A68D0075CBF01221A60164B1A6827
:10A6DC00D1075CBF01221A60144B1A68D2075CBF09
:10A6EC0001221A60124B1A68D0075CBF01221A6053
:10A6FC00104B1A68D1075CBF01221A600E4B1A6806
:10A70C00D2075CBF01221A60704700BFF00900201D
:10A71C00EC090020E8090020E4090020E0090020F1
:10A72C00DC090020D8090020D4090020D009002021
:10A73C00CC090020C8090020C4090020244B1A6849
:10A74C00D0075CBF01221A60224B1A68D1075CBF8C
:10A75C0001221A60204B1A68D2075CBF01221A60D2
:10A76C001E4B1A68D0075CBF01221A601C4B1A687A
:10A77C00D1075CBF01221A601A4B1A68D2075CBF62
:10A78C0001221A60184B1A68D0075CBF01221A60AC
:10A79C00164B1A68D1075CBF01221A60144B1A6859
:10A7AC00D2075CBF01221A60124B1A68D0075CBF3B
:10A7BC0001221A60104B1A68D1075CBF01221A6083
:10A7CC000E4B1A68D2075CBF01221A60704700BF9B
:10A7DC00200A00201C0A0020180A0020140A00205D
:10A7EC00100A00200C0A0020080A0020040A00208D
:10A7FC00000A0020FC090020F8090020F4090020C0
:10A80C00184B1A68D1075CBF01221A60164B1A68E4
:10A81C00D2075CBF01221A60144B1A68D0075CBFC8
:10A82C0001221A60124B1A68D1075CBF01221A6010
:10A83C00104B1A68D2075CBF01221A600E4B1A68C3
:10A84C00D0075CBF01221A600C4B1A68D1075CBFA1
:10A85C0001221A600A4B1A68D2075CBF01221A60E7
:10A86C00704700BF400A00203C0A0020380A002034
:10A87C00340A0020300A00202C0A0020280A00206C
:10A88C00240A0020184B1A68D1075CBF01221A60F9
:10A89C00164B1A68D2075CBF01221A60144B1A6857
:10A8AC00D0075CBF01221A60124B1A68D1075CBF3B
:10A8BC0001221A60104B1A68D2075CBF01221A6081
:10A8CC000E4B1A68D0075CBF01221A600C4B1A6839
:10A8DC00D1075CBF01221A600A4B1A68D2075CBF11
:10A8EC0001221A60704700BF600A00205C0A002039
:10A8FC00580A0020540A0020500A00204C0A00205C
:10A90C00480A0020440A0020F8B500BFF8BC08BC77
:10A91C009E467047F8B500BFF8BC08BC9E46704711
:10A92C0048617264204661756C74200D0A00000049
:10A93C004D617820736572766F73206174746163F6
:10A94C006865640031302D626974206164647265DD
:10A95C007373696E67206E6F7420737570706F728D
:10A96C0074656400746F6F206D616E79207175650C
:10A97C0072696573000000004932433A20546F6FCE
:10A98C00206D616E792062797465732072656365E0
:10A99C0069766564000000004932433A20546F6FB9
:10A9AC0020666577206279746573207265636569CA
:10A9BC0076656400556E6B6E6F776E2070696E20D5
:10A9CC006D6F6465000000002F646174612F67690E
:10A9DC00742F7032696D2D7265616C5F6669726D72
:10A9EC00776172652F476174657761792F53746154
:10A9FC006E646172644669726D6174612E696E6F0A
:10AA0C0000000000534E415053484F5420524547CC
:10AA1C005300000052414D00535441525400000069
:10AA2C004C454E000D0A00002F686F6D652F646950
:10AA3C006E6769736F756C2F2E61726475696E6FBA
:10AA4C0031352F7061636B616765732F53544D33D0
:10AA5C00322F68617264776172652F73746D333253
:10AA6C002F312E332E302F6C6962726172696573CF
:10AA7C002F576972652F7372632F576972652E6336
:10AA8C00707000000000000000000000653000083D
:10AA9C00C92F0008E52E0008F92E0008252F000804
:10AAAC00712F00082E637070000000000000000081
:10AABC0000240140030000000100000000240140BC
:10AACC000380000004000000002401400300020089
:10AADC0006000000002401400300030007000000F2
:10AAEC0000240140038003001000000000240140FA
:10AAFC000300040011000000002401400380040046
:10AB0C001C00000000240140030009001D0000008F
:10AB1C0000240140038009001E00000000240140B5
:10AB2C0003000A001F0000000024014003800A00FB
:10AB3C00200000000024014003000500210000005B
:10AB4C000024014003800500220000000024014085
:10AB5C0003000600230000000024014003800600CF
:10AB6C002400000000240140030007002500000021
:10AB7C000024014003800700FF00000000000000DB
:10AB8C00000000000400000000740040038000007E
:10AB9C00050000000074004003000100FF000000ED
:10ABAC0000000000000000001600000000540040EF
:10ABBC000A04000018000000005400400A040000C1
:10ABCC001A000000005800400A040000FF000000BA
:10ABDC0000000000000000001700000000540040BE
:10ABEC000A04000019000000005400400A04000090
:10ABFC001B000000005800400A040000FF00000089
:10AC0C0000000000000000000000000000000040F8
:10AC1C001281000001000000000000401201010040
:10AC2C000200000000080140128300000300000035
:10AC3C000008014012030100050000000000004064
:10AC4C001281000006000000000400401282000087
:10AC5C000700000000040040120201000F00000079
:10AC6C0000000040128100001000000000040040B1
:10AC7C0012820100110000000004004012020200C8
:10AC8C00130000000000004012010100140000003D
:10AC9C000004004012820000150000000004004077
:10ACAC001202010016000000000800401282000091
:10ACBC0017000000000800401202010018000000FC
:10ACCC00000800401282010019000000000800403A
:10ACDC00120202001A000000000000401281010064
:10ACEC001B00000000000040120102001C000000CC
:10ACFC00000C0140128300001D0000000008014000
:10AD0C00128300001E000000000801401203010025
:10AD1C001F000000001001401283000026000000FC
:10AD2C0000040040128200002700000000040040D4
:10AD3C0012020100280000000004004012820100F1
:10AD4C00290000000004004012020200FF00000075
:10AD5C000000000000000000030000000044004060
:10AD6C00120700000A000000003801401207000022
:10AD7C001700000000380140120700001B00000003
:10AD8C0000480040120700002B000000004C00405F
:10AD9C0012080000320000000050004012080000B1
:10ADAC00FF00000000000000000000000200000096
:10ADBC000044004012070000090000000038014068
:10ADCC0012070000160000000038014012070000B6
:10ADDC001A00000000480040120700002A00000082
:10ADEC00004C0040120800002C00000000500040F5
:10ADFC0012080000FF00000000000000000000002E
:10AE0C0003020A1315141A08092716070605191840
:10AE1C002A2CFF0D0E0F172D2E2F707122232B3283
:10AE2C00292826250C0B1C1B12111F1E1D2400018A
:10AE3C000410212007062223251C111F1E1D24008F
:10AE4C0000000000000000000102030406070809CE
:10AE5C000000000001020304030406080C10182073
:10AE6C003000000054494D3A20556E6B6E6F776E72
:10AE7C0020636C6F636B20736F75726365000000E9
:10AE8C0054494D3A20556E6B6E6F776E2074696D18
:10AE9C00657220696E7374616E63650054494D3A36
:10AEAC0020556E6B6E6F776E2074696D65722049DC
:10AEBC0052516E004552524F523A206174206C65CB
:10AECC00617374206F6E65204932432070696E2067
:10AEDC00686173206E6F207065726970686572614D
:10AEEC006C0A00004552524F523A204932432070AE
:10AEFC00696E73206D69736D617463680A0000007C
:10AF0C004552524F523A206174206C656173742023
:10AF1C006F6E6520554152542070696E20686173C4
:10AF2C00206E6F207065726970686572616C0A00C2
:10AF3C004552524F523A20552853294152542070B1
:10AF4C00696E73206D69736D617463680A0000002B
:10AF5C006461746162697473213D30002F686F6D98
:10AF6C00652F64696E6769736F756C2F2E617264DF
:10AF7C0075696E6F31352F7061636B616765732F07
:10AF8C0053544D33322F68617264776172652F733D
:10AF9C00746D33322F312E332E302F636F726573F5
:10AFAC002F61726475696E6F2F486172647761727C
:10AFBC006553657269616C2E63707000000000004F
:10AFCC0000000000759000081F930008CB8F00084C
:10AFDC00FB8F0008DF8F000823900008766F6964F0
:10AFEC0020486172647761726553657269616C3A6D
:10AFFC003A626567696E286C6F6E6720756E73694F
:10B00C00676E656420696E742C2062797465290002
:10B01C0000000000000000008F9200082C206675D4
:10B02C006E6374696F6E3A20006173736572746934
:10B03C006F6E2022257322206661696C65643A204C
:10B04C0066696C6520222573222C206C696E652044
:10B05C002564257325730A0094000020232D302BC2
:10B06C002000686C4C0065666745464700303132FD
:10B07C003334353637383941424344454600303154
:10B08C0032333435363738396162636465660000B3
:10B09C0000000000000000000000000000000000A4
:10B0AC000000000000000000000000000000000094
:10B0BC000000000000000000000000000000000084
:10B0CC000000000000000000000000000000000074
:10B0DC000000000000000000000000000000000064
:10B0EC000000000000000000000000000000000054
:10B0FC00FF93000861010008BD220008F733000827
:10B10C00493800088192000811930008A5950008A1
:10B11C0085A6000849A700080DA8000891A80008FA
:04B12C003D010008D9
:10B1300000000000FF00000013000000736E61704B
:10B1400073686F7400FF000068FF1F0000000000BC
:10B1500000000000000000000000000000000000EF
:10B1600000000000000000000000000000000000DF
:10B1700000000000000000000000000000000000CF
:10B1800000000000000000000000000000000000BF
:10B1900005000000000000000000000000000000AA
:10B1A000000000000000000000000000000000009F
:10B1B00000000000000000000A000000080000007D
:10B1C0009400002000000000BCB00008DCB00008C3
:10B1D0009CB000080000000000000000000000001B
:10B1E000000000000000000000000000000000005F
:10B1F000000000000000000000000000000000004F
:10B20000000000000000000000000000000000003E
:10B21000000000000000000000000000000000002E
:04B22000000000002A
:0400000508003E1D94
:00000001FF
