[State 3] Inst Executing 0x35e8
[State 3] Inst Executing 0x11254
[State 3] Inst Executing 0x1122c
[State 3] Inst Executing 0x11230
[State 3] Inst Executing 0x11234
[State 3] Inst Executing 0x11238
[State 3] Inst Executing 0x1123c
[State 3] Inst Executing 0x151d4
[State 3] Inst Executing 0x151d6
[State 3] Inst Executing 0x151da
[State 3] Inst Executing 0x151de
[State 3] Inst Executing 0x151e2
[State 3] Inst Executing 0x151e6
[State 3] Inst Executing 0x120ac
[State 3] Inst Executing 0x120ae
[State 3] Inst Executing 0x120b0
[State 3] Inst Executing 0x120b2
[State 3] Inst Executing 0x120b4
[State 3] Inst Executing 0x120b6
[State 3] Inst Executing 0x120b8
[State 3] Inst Executing 0x12070
[State 3] Inst Executing 0x12072
[State 3] Inst Executing 0x12074
[State 3] Inst Executing 0x12076
[State 3] Inst Executing 0x335c
[State 3] Inst Executing 0x3360
[State 3] Inst Executing 0x3364
[State 3] Inst Executing 0x3368
[State 3] Inst Executing 0x336c
[State 3] Inst Executing 0x336e
[State 3] Inst Executing 0x336e
[State 3] Inst Executing 0x3372
[State 3] Inst Executing 0x3374
[State 3] Inst Executing 0x3376
[State 3] Inst Executing 0x3378
[State 3] Inst Executing 0x337c
[State 3] Inst Executing 0x3380
[State 3] Inst Executing 0x3384
[State 3] Inst Executing 0x120bc
[State 3] Inst Executing 0x120d4
[State 3] Inst Executing 0x120d8
[State 3] Inst Executing 0x120c6
[State 3] Inst Executing 0x120c8
[State 3] Inst Executing 0x120ca
[State 3] Inst Executing 0x120d2
[State 3] Inst Executing 0x151ea
[State 3] Inst Executing 0x151ee
[State 3] Inst Executing 0x151f2
[State 3] Inst Executing 0x11240
[State 3] Inst Executing 0x11242
[State 3] Inst Executing 0x11244
[State 3] Inst Executing 0x11246
[State 3] Inst Executing 0x11248
[State 3] Inst Executing 0x1124a
[State 3] Inst Executing 0x151f4
[State 3] Inst Executing 0x151f6
[State 3] Inst Executing 0x151f8
[State 3] Inst Executing 0x151fa
[State 3] Inst Executing 0x151fe
[State 3] Inst Executing 0x15202
[State 3] Inst Executing 0x15206
[State 3] Inst Executing 0x1520a
[State 3] Inst Executing 0x120ac
[State 3] Inst Executing 0x120ae
[State 3] Inst Executing 0x120b0
[State 3] Inst Executing 0x120b2
[State 3] Inst Executing 0x120b4
[State 3] Inst Executing 0x120b6
[State 3] Inst Executing 0x120b8
[State 3] Inst Executing 0x12070
[State 3] Inst Executing 0x12072
[State 3] Inst Executing 0x12074
[State 3] Inst Executing 0x12076
[State 3] Inst Executing 0x335c
[State 3] Inst Executing 0x3360
[State 3] Inst Executing 0x3364
[State 3] Inst Executing 0x3368
[State 3] Inst Executing 0x336c
[State 3] Inst Executing 0x336e
[State 3] Inst Executing 0x336e
[State 3] Inst Executing 0x3372
[State 3] Inst Executing 0x3374
[State 3] Inst Executing 0x3376
[State 3] Inst Executing 0x3378
[State 3] Inst Executing 0x337c
[State 3] Inst Executing 0x3380
[State 3] Inst Executing 0x3384
[State 3] Inst Executing 0x120bc
[State 3] Inst Executing 0x120d4
[State 3] Inst Executing 0x120d8
[State 3] Inst Executing 0x120c6
[State 3] Inst Executing 0x120c8
[State 3] Inst Executing 0x120ca
[State 3] Inst Executing 0x120d2
[State 3] Inst Executing 0x1520e
[State 3] Inst Executing 0x15210
[State 3] Inst Executing 0x15212
[State 3] Inst Executing 0x15214
[State 3] Inst Executing 0x1521e
[State 3] Inst Executing 0x15222
[State 3] Inst Executing 0x15226
[State 3] Inst Executing 0x1124e
[State 3] Inst Executing 0x11250
[State 3] Inst Executing 0x35e0
[State 3] Inst Executing 0x35e2
[State 3] Inst Executing 0xe530
[State 3] Inst Executing 0xe532
[State 3] Inst Executing 0xe536
[State 3] Inst Executing 0xe538
[State 3] Inst Executing 0xe53a
[State 3] Inst Executing 0xfc4c
[State 3] Inst Executing 0xfc4e
[State 3] Inst Executing 0xfc4e
[State 3] Inst Executing 0xfc52
[State 3] Inst Executing 0xfc54
[State 3] Inst Executing 0xfc56
[State 3] Inst Executing 0xfc58
[State 3] Inst Executing 0xfc5a
[State 3] Inst Executing 0xfc5c
[State 3] Inst Executing 0xed4c
[State 3] Inst Executing 0xed50
[State 3] Inst Executing 0xed52
[State 3] Inst Executing 0xed54
[State 3] Inst Executing 0xfebc
[State 3] Inst Executing 0xfebe
[State 3] Inst Executing 0xfebe
[State 3] Inst Executing 0xfec2
[State 3] Inst Executing 0xfec4
[State 3] Inst Executing 0xfec6
[State 3] Inst Executing 0xfec8
[State 3] Inst Executing 0xed58
[State 3] Inst Executing 0xed5c
[State 3] Inst Executing 0xed84
[State 3] Inst Executing 0xfefc
[State 3] Inst Executing 0xfefe
[State 3] Inst Executing 0xfefe
[State 3] Inst Executing 0xff02
[State 3] Inst Executing 0xff04
[State 3] Inst Executing 0xff06
[State 3] Inst Executing 0xff08
[State 3] Inst Executing 0xed88
[State 3] Inst Executing 0xed8a
[State 3] Inst Executing 0xfff0
[State 3] Inst Executing 0xfff2
[State 3] Inst Executing 0xfff2
[State 3] Inst Executing 0xfff6
[State 3] Inst Executing 0xfff8
[State 3] Inst Executing 0xfffa
[State 3] Inst Executing 0xfffc
[State 3] Inst Executing 0xed8e
[State 3] Inst Executing 0xed90
[State 3] Inst Executing 0x10004
[State 3] Inst Executing 0x10006
[State 3] Inst Executing 0x1000a
[State 3] Inst Executing 0xed94
[State 3] Inst Executing 0x103c8
[State 3] Inst Executing 0x103ca
[State 3] Inst Executing 0x103ce
[State 3] Inst Executing 0x103ea
[State 3] Inst Executing 0xed98
[State 3] Inst Executing 0xed9a
[State 3] Inst Executing 0x103a4
[State 3] Inst Executing 0x103a6
[State 3] Inst Executing 0x103aa
[State 3] Inst Executing 0xed9e
[State 3] Inst Executing 0xeda0
[State 3] Inst Executing 0xff80
[State 3] Inst Executing 0xff82
[State 3] Inst Executing 0xff86
[State 3] Inst Executing 0xff88
[State 3] Inst Executing 0xff8a
[State 3] Inst Executing 0xff8c
[State 3] Inst Executing 0xeda4
[State 3] Inst Executing 0xfea4
[State 3] Inst Executing 0xfea6
[State 3] Inst Executing 0xfea8
[State 3] Inst Executing 0xfeac
[State 3] Inst Executing 0xfeb0
[State 3] Inst Executing 0xfeb4
[State 3] Inst Executing 0xeda8
[State 3] Inst Executing 0x10010
[State 3] Inst Executing 0x10012
[State 3] Inst Executing 0x10014
[State 3] Inst Executing 0x10016
[State 3] Inst Executing 0x1001a
[State 3] Inst Executing 0x1001e
[State 3] Inst Executing 0x10022
[State 3] Inst Executing 0xedac
[State 3] Inst Executing 0xffe0
[State 3] Inst Executing 0xffe2
[State 3] Inst Executing 0xffe4
[State 3] Inst Executing 0xffe8
[State 3] Inst Executing 0xedb0
[State 3] Inst Executing 0x103b0
[State 3] Inst Executing 0x103b2
[State 3] Inst Executing 0x103b4
[State 3] Inst Executing 0x103b6
[State 3] Inst Executing 0x103ba
[State 3] Inst Executing 0x103be
[State 3] Inst Executing 0xedb4
[State 3] Inst Executing 0xff70
[State 3] Inst Executing 0xff72
[State 3] Inst Executing 0xff74
[State 3] Inst Executing 0xff78
[State 3] Inst Executing 0xedb8
[State 3] Inst Executing 0xedbc
[State 3] Inst Executing 0xedbe
[State 3] Inst Executing 0xedc2
[State 3] Inst Executing 0xedc6
[State 3] Inst Executing 0xedc8
[State 3] Inst Executing 0xedcc
[State 3] Inst Executing 0xff18
[State 3] Inst Executing 0xff1a
[State 3] Inst Executing 0xedd0
[State 3] Inst Executing 0xedd2
[State 3] Inst Executing 0xedd4
[State 3] Inst Executing 0xedd6
[State 3] Inst Executing 0xedd8
[State 3] Inst Executing 0xedda
[State 3] Inst Executing 0xedde
[State 3] Inst Executing 0xede2
[State 3] Inst Executing 0xede4
[State 3] Inst Executing 0xede6
[State 3] Inst Executing 0xedea
[State 3] Inst Executing 0xedee
[State 3] Inst Executing 0xedf0
[State 3] Inst Executing 0xedf2
[State 3] Inst Executing 0xedf6
[State 3] Inst Executing 0xedf8
[State 3] Inst Executing 0xedfa
[State 3] Inst Executing 0xedfc
[State 3] Inst Executing 0xee00
[State 3] Inst Executing 0xee02
[State 3] Inst Executing 0xee06
[State 3] Inst Executing 0xee08
[State 3] Inst Executing 0xee0a
[State 3] Inst Executing 0xeed6
[State 3] Inst Executing 0xeeda
[State 3] Inst Executing 0xeede
[State 3] Inst Executing 0xeee2
[State 3] Inst Executing 0xe4a0
[State 3] Inst Executing 0xe4a2
[State 3] Inst Executing 0xe4a4
[State 3] Inst Executing 0xe4e6
[State 3] Inst Executing 0xe4e8
[State 3] Inst Executing 0xeee6
[State 3] Inst Executing 0xeee8
[State 3] Inst Executing 0xee12
[State 3] Inst Executing 0xee14
[State 3] Inst Executing 0xee18
[State 3] Inst Executing 0xee1c
[State 3] Inst Executing 0xee20
[State 3] Inst Executing 0xee22
[State 3] Inst Executing 0xee26
[State 3] Inst Executing 0xee28
[State 3] Inst Executing 0xee2c
[State 3] Inst Executing 0xee30
[State 3] Inst Executing 0xee34
[State 3] Inst Executing 0xee36
[State 3] Inst Executing 0xee38
[State 3] Inst Executing 0xee3a
[State 3] Inst Executing 0x13064
[State 3] Inst Executing 0x13066
[State 3] Inst Executing 0x13068
[State 3] Inst Executing 0x1306a
[State 3] Inst Executing 0x1306c
[State 3] Inst Executing 0x13070
[State 3] Inst Executing 0x13074
[State 3] Inst Executing 0x13076
[State 3] Inst Executing 0x13078
[State 3] Inst Executing 0x1307a
[State 3] Inst Executing 0x1306c
[State 3] Inst Executing 0x13070
[State 3] Inst Executing 0x13074
[State 3] Inst Executing 0x13076
[State 3] Inst Executing 0x13078
[State 3] Inst Executing 0x1307a
[State 3] Inst Executing 0x1306c
[State 3] Inst Executing 0x13070
[State 3] Inst Executing 0x13074
[State 3] Inst Executing 0x13076
[State 3] Inst Executing 0x13078
[State 3] Inst Executing 0x1307a
[State 3] Inst Executing 0x1306c
[State 3] Inst Executing 0x13070
[State 3] Inst Executing 0x13074
[State 3] Inst Executing 0x13076
[State 3] Inst Executing 0x13078
[State 3] Inst Executing 0x1307a
[State 3] Inst Executing 0x1306c
[State 3] Inst Executing 0x13070
[State 3] Inst Executing 0x13074
[State 3] Inst Executing 0x13076
[State 3] Inst Executing 0x13078
[State 3] Inst Executing 0x1307a
[State 3] Inst Executing 0x1306c
[State 3] Inst Executing 0x13070
[State 3] Inst Executing 0x13074
[State 3] Inst Executing 0x13076
[State 3] Inst Executing 0x1307c
[State 3] Inst Executing 0x1307e
[State 3] Inst Executing 0xee3e
[State 3] Inst Executing 0xee42
[State 3] Inst Executing 0xee44
[State 3] Inst Executing 0xee46
[State 3] Inst Executing 0xee48
[State 3] Inst Executing 0xee4a
[State 3] Inst Executing 0xee4c
[State 3] Inst Executing 0xee4e
[State 3] Inst Executing 0xee50
[State 3] Inst Executing 0xa2e4
[State 3] Inst Executing 0xa2e6
[State 3] Inst Executing 0xa2e8
[State 3] Inst Executing 0xa2ea
[State 3] Inst Executing 0xa2ec
[State 3] Inst Executing 0xa2ee
[State 3] Inst Executing 0xa2f0
[State 3] Inst Executing 0xa2f2
[State 3] Inst Executing 0xa2f4
[State 3] Inst Executing 0xa2f6
[State 3] Inst Executing 0xa2f8
[State 3] Inst Executing 0xa2fa
[State 3] Inst Executing 0xa2fc
[State 3] Inst Executing 0xa312
[State 3] Inst Executing 0xa314
[State 3] Inst Executing 0xa318
[State 3] Inst Executing 0xa31a
[State 3] Inst Executing 0xee54
[State 3] Inst Executing 0xee56
[State 3] Inst Executing 0xee58
[State 3] Inst Executing 0xee5a
[State 3] Inst Executing 0xee5c
[State 3] Inst Executing 0xfc6c
[State 3] Inst Executing 0xfc6e
[State 3] Inst Executing 0xfc70
[State 3] Inst Executing 0xfc72
[State 3] Inst Executing 0xfc74
[State 3] Inst Executing 0x34c8
[State 3] Inst Executing 0x34ca
[State 3] Inst Executing 0x34cc
[State 3] Inst Executing 0x34ce
[State 3] Inst Executing 0x34d0
[State 3] Inst Executing 0x34d2
[State 3] Inst Executing 0x34d6
[State 3] Inst Executing 0x34da
[State 3] Inst Executing 0x34dc
[State 3] Inst Executing 0x34de
[State 3] Inst Executing 0x34e2
[State 3] Inst Executing 0x34e6
[State 3] Inst Executing 0x34ea
[State 3] Inst Executing 0xfc78
[State 3] Inst Executing 0xfc7a
[State 3] Inst Executing 0xfc7c
[State 3] Inst Executing 0xfc7e
[State 3] Inst Executing 0xfc80
[State 3] Inst Executing 0xfc82
[State 3] Inst Executing 0xfc84
[State 3] Inst Executing 0xfc86
[State 3] Inst Executing 0xfc88
[State 3] Inst Executing 0xfc8c
[State 3] Inst Executing 0xfc8e
[State 3] Inst Executing 0xfc92
[State 3] Inst Executing 0xfc96
[State 3] Inst Executing 0x34a8
[State 3] Inst Executing 0x34aa
[State 3] Inst Executing 0x34ac
[State 3] Inst Executing 0x34ae
[State 3] Inst Executing 0x34b0
[State 3] Inst Executing 0x34b4
[State 3] Inst Executing 0x34b8
[State 3] Inst Executing 0x34ba
[State 3] Inst Executing 0x34bc
[State 3] Inst Executing 0x34c0
[State 3] Inst Executing 0xee60
[State 3] Inst Executing 0xfe74
[State 3] Inst Executing 0xfe76
[State 3] Inst Executing 0xfe78
[State 3] Inst Executing 0xfe7a
[State 3] Inst Executing 0xfe7c
[State 3] Inst Executing 0xfe7e
[State 3] Inst Executing 0xfe82
[State 3] Inst Executing 0xfe84
[State 3] Inst Executing 0xfe88
[State 3] Inst Executing 0xfe8a
[State 3] Inst Executing 0xfe8c
[State 3] Inst Executing 0xfe90
[State 3] Inst Executing 0xfe92
[State 3] Inst Executing 0xfe94
[State 3] Inst Executing 0xee64
[State 3] Inst Executing 0xee66
[State 3] Inst Executing 0xee6a
[State 3] Inst Executing 0xee6c
[State 3] Inst Executing 0xa320
[State 3] Inst Executing 0xa322
[State 3] Inst Executing 0xa324
[State 3] Inst Executing 0xa326
[State 3] Inst Executing 0xa328
[State 3] Inst Executing 0xa32a
[State 3] Inst Executing 0xa32c
[State 3] Inst Executing 0xa32e
[State 3] Inst Executing 0xa330
[State 3] Inst Executing 0xa332
[State 3] Inst Executing 0xa334
[State 3] Inst Executing 0xa338
[State 3] Inst Executing 0xa33a
[State 3] Inst Executing 0xa33c
[State 3] Inst Executing 0xa33e
[State 3] Inst Executing 0xa340
[State 3] Inst Executing 0xa342
[State 3] Inst Executing 0xa344
[State 3] Inst Executing 0xee70
[State 3] Inst Executing 0xee74
[State 3] Inst Executing 0xee76
[State 3] Inst Executing 0xee78
[State 3] Inst Executing 0xee7a
[State 3] Inst Executing 0xee7c
[State 3] Inst Executing 0xee7e
[State 3] Inst Executing 0xee80
[State 3] Inst Executing 0xee82
[State 3] Inst Executing 0x13084
[State 3] Inst Executing 0x13086
[State 3] Inst Executing 0x1308a
[State 3] Inst Executing 0x1308c
[State 3] Inst Executing 0x1308e
[State 3] Inst Executing 0x130a8
[State 3] Inst Executing 0x130aa
[State 3] Inst Executing 0x130ac
[State 3] Inst Executing 0x130b0
[State 3] Inst Executing 0x130b2
[State 3] Inst Executing 0x130b4
[State 3] Inst Executing 0x130b6
[State 3] Inst Executing 0x130b8
[State 3] Inst Executing 0x130c6
[State 3] Inst Executing 0x130c6
[State 3] Inst Executing 0x130ca
[State 3] Inst Executing 0x130ce
[State 3] Inst Executing 0x130b6
[State 3] Inst Executing 0x130b8
[State 3] Inst Executing 0x130c6
[State 3] Inst Executing 0x130c6
[State 3] Inst Executing 0x130ca
[State 3] Inst Executing 0x130ce
[State 3] Inst Executing 0x130b6
[State 3] Inst Executing 0x130b8
[State 3] Inst Executing 0x130c6
[State 3] Inst Executing 0x130c6
[State 3] Inst Executing 0x130ca
[State 3] Inst Executing 0x130ce
[State 3] Inst Executing 0x130b6
[State 3] Inst Executing 0x130b8
[State 3] Inst Executing 0x130c6
[State 3] Inst Executing 0x130c6
[State 3] Inst Executing 0x130ca
[State 3] Inst Executing 0x130ce
[State 3] Inst Executing 0x130b6
[State 3] Inst Executing 0x130b8
[State 3] Inst Executing 0x130c6
[State 3] Inst Executing 0x130c6
[State 3] Inst Executing 0x130ca
[State 3] Inst Executing 0x130ce
[State 3] Inst Executing 0x130b6
[State 3] Inst Executing 0x130b8
[State 3] Inst Executing 0x130c6
[State 3] Inst Executing 0x130c6
[State 3] Inst Executing 0x130ca
[State 3] Inst Executing 0x130ce
[State 3] Inst Executing 0x130b6
[State 3] Inst Executing 0x130b8
[State 3] Inst Executing 0x130c6
[State 3] Inst Executing 0x130c6
[State 3] Inst Executing 0x130ca
[State 3] Inst Executing 0x130ce
[State 3] Inst Executing 0x130b6
[State 3] Inst Executing 0x130b8
[State 3] Inst Executing 0x130c6
[State 3] Inst Executing 0x130c6
[State 3] Inst Executing 0x130ca
[State 3] Inst Executing 0x130ce
[State 3] Inst Executing 0x130b6
[State 3] Inst Executing 0x130b8
[State 3] Inst Executing 0x130c6
[State 3] Inst Executing 0x130c6
[State 3] Inst Executing 0x130ca
[State 3] Inst Executing 0x130ce
[State 3] Inst Executing 0x130b6
[State 3] Inst Executing 0x130b8
[State 3] Inst Executing 0x130ba
[State 3] Inst Executing 0x130be
[State 3] Inst Executing 0x130c2
[State 3] Inst Executing 0x130c4
[State 3] Inst Executing 0x13090
[State 3] Inst Executing 0x13092
[State 3] Inst Executing 0x13094
[State 3] Inst Executing 0x13096
[State 3] Inst Executing 0x13098
[State 3] Inst Executing 0x13098
[State 3] Inst Executing 0xee86
[State 3] Inst Executing 0xee88
[State 3] Inst Executing 0x10120
[State 3] Inst Executing 0x10122
[State 3] Inst Executing 0x10126
[State 3] Inst Executing 0xee8c
[State 3] Inst Executing 0xee8e
[State 3] Inst Executing 0x101d8
[State 3] Inst Executing 0x101da
[State 3] Inst Executing 0x101de
[State 3] Inst Executing 0xee92
[State 3] Inst Executing 0xee94
[State 3] Inst Executing 0xee96
[State 3] Inst Executing 0xee98
[State 3] Inst Executing 0xfe44
[State 3] Inst Executing 0xfe46
[State 3] Inst Executing 0xee9c
[State 3] Inst Executing 0xee9e
[State 3] Inst Executing 0xeea0
[State 3] Inst Executing 0xeea2
[State 3] Inst Executing 0xeea4
[State 3] Inst Executing 0xfe48
[State 3] Inst Executing 0xfe4a
[State 3] Inst Executing 0xeea8
[State 3] Inst Executing 0xeeaa
[State 3] Inst Executing 0xeeac
[State 3] Inst Executing 0xef4a
[State 3] Inst Executing 0xef4c
[State 3] Inst Executing 0xeeb2
[State 3] Inst Executing 0xeeb4
[State 3] Inst Executing 0xa320
[State 3] Inst Executing 0xa322
[State 3] Inst Executing 0xa324
[State 3] Inst Executing 0xa326
[State 3] Inst Executing 0xa328
[State 3] Inst Executing 0xa32a
[State 3] Inst Executing 0xa32c
[State 3] Inst Executing 0xa32e
[State 3] Inst Executing 0xa330
[State 3] Inst Executing 0xa332
[State 3] Inst Executing 0xa334
[State 3] Inst Executing 0xa338
[State 3] Inst Executing 0xa33a
[State 3] Inst Executing 0xa33c
[State 3] Inst Executing 0xa33e
[State 3] Inst Executing 0xa340
[State 3] Inst Executing 0xa342
[State 3] Inst Executing 0xa344
[State 3] Inst Executing 0xeeb8
[State 3] Inst Executing 0xeeba
[State 3] Inst Executing 0xeebc
[State 3] Inst Executing 0xeebe
[State 3] Inst Executing 0xa350
[State 3] Inst Executing 0xa352
[State 3] Inst Executing 0xa354
[State 3] Inst Executing 0xa356
[State 3] Inst Executing 0xd310
[State 3] Inst Executing 0xd312
[State 3] Inst Executing 0xd314
[State 3] Inst Executing 0xa35a
[State 3] Inst Executing 0xa35c
[State 3] Inst Executing 0xa35e
[State 3] Inst Executing 0xa360
[State 3] Inst Executing 0xa362
[State 3] Inst Executing 0xa366
[State 3] Inst Executing 0x6ff0
[State 3] Inst Executing 0x6ff2
[State 3] Inst Executing 0x6ff4
[State 3] Inst Executing 0x6ff6
[State 3] Inst Executing 0x6ff8
[State 3] Inst Executing 0x6ffa
[State 3] Inst Executing 0x6ffc
[State 3] Inst Executing 0x6ffe
[State 3] Inst Executing 0xeec2
[State 3] Inst Executing 0xa370
[State 3] Inst Executing 0xa372
[State 3] Inst Executing 0xa374
[State 3] Inst Executing 0xa376
[State 3] Inst Executing 0xa378
[State 3] Inst Executing 0x70d8
[State 3] Inst Executing 0x70da
[State 3] Inst Executing 0x70dc
[State 3] Inst Executing 0x70de
[State 3] Inst Executing 0x70e0
[State 3] Inst Executing 0x70e2
[State 3] Inst Executing 0x70e4
[State 3] Inst Executing 0x70e6
[State 3] Inst Executing 0x70e8
[State 3] Inst Executing 0x70ec
[State 3] Inst Executing 0x70fa
[State 3] Inst Executing 0x70fc
[State 3] Inst Executing 0x70fe
[State 3] Inst Executing 0x7102
[State 3] Inst Executing 0x7104
[State 3] Inst Executing 0x7108
[State 3] Inst Executing 0x710a
[State 3] Inst Executing 0x710c
[State 3] Inst Executing 0x710e
[State 3] Inst Executing 0x7110
[State 3] Inst Executing 0x7112
[State 3] Inst Executing 0x7114
[State 3] Inst Executing 0x7116
[State 3] Inst Executing 0x6ff0
[State 3] Inst Executing 0x6ff2
[State 3] Inst Executing 0x6ff4
[State 3] Inst Executing 0x6ff6
[State 3] Inst Executing 0x6ff8
[State 3] Inst Executing 0x6ffa
[State 3] Inst Executing 0x6ffc
[State 3] Inst Executing 0x6ffe
[State 3] Inst Executing 0x711a
[State 3] Inst Executing 0x711c
[State 3] Inst Executing 0x711e
[State 3] Inst Executing 0x7120
[State 3] Inst Executing 0x7122
[State 3] Inst Executing 0x7124
[State 3] Inst Executing 0x10450
[State 3] Inst Executing 0x10452
[State 3] Inst Executing 0x1045c
[State 3] Inst Executing 0x1045e
[State 3] Inst Executing 0x10462
[State 3] Inst Executing 0x10466
[State 3] Inst Executing 0x7128
[State 3] Inst Executing 0x712a
[State 3] Inst Executing 0xeec6
[State 3] Inst Executing 0xeec8
[State 3] Inst Executing 0xe53e
[State 3] Inst Executing 0x353c
[State 3] Inst Executing 0x353e
[State 3] Inst Executing 0x3540
[State 3] Inst Executing 0x3542
[State 3] Inst Executing 0x3544
[State 3] Inst Executing 0x3546
[State 3] Inst Executing 0x3548
[State 3] Inst Executing 0x354a
[State 3] Inst Executing 0x14c98
[State 3] Inst Executing 0x12ef2
[State 3] Inst Executing 0x354e
[State 3] Inst Executing 0x3550
[State 3] Inst Executing 0xe542
[State 3] Inst Executing 0x33f0
[State 3] Inst Executing 0x33f2
[State 3] Inst Executing 0x33f4
[State 3] Inst Executing 0x33f6
[State 3] Inst Executing 0x33f8
[State 3] Inst Executing 0x3402
[State 3] Inst Executing 0xe546
[State 3] Inst Executing 0xe54a
[State 3] Inst Executing 0xe54c
[State 3] Inst Executing 0x35e6
[State 3] Inst Executing 0x35e8
[State 3] Inst Executing 0x11254
[State 3] Inst Executing 0x1122c
[State 3] Inst Executing 0x11230
[State 3] Inst Executing 0x11234
[State 3] Inst Executing 0x11238
[State 3] Inst Executing 0x1123c
[State 3] Inst Executing 0x151d4
[State 3] Inst Executing 0x151d6
[State 3] Inst Executing 0x151da
[State 3] Inst Executing 0x151de
[State 3] Inst Executing 0x151e2
[State 3] Inst Executing 0x151e6
[State 3] Inst Executing 0x120ac
[State 3] Inst Executing 0x120ae
[State 3] Inst Executing 0x120b0
[State 3] Inst Executing 0x120b2
[State 3] Inst Executing 0x120b4
[State 3] Inst Executing 0x120b6
[State 3] Inst Executing 0x120b8
[State 3] Inst Executing 0x12070
[State 3] Inst Executing 0x12072
[State 3] Inst Executing 0x12074
[State 3] Inst Executing 0x12076
[State 3] Inst Executing 0x335c
[State 3] Inst Executing 0x3360
[State 3] Inst Executing 0x3364
[State 3] Inst Executing 0x3368
[State 3] Inst Executing 0x336c
[State 3] Inst Executing 0x336e
[State 3] Inst Executing 0x336e
[State 3] Inst Executing 0x3372
[State 3] Inst Executing 0x3374
[State 3] Inst Executing 0x3376
[State 3] Inst Executing 0x3378
[State 3] Inst Executing 0x337c
[State 3] Inst Executing 0x3380
[State 3] Inst Executing 0x3384
[State 3] Inst Executing 0x120bc
[State 3] Inst Executing 0x120d4
[State 3] Inst Executing 0x120d8
[State 3] Inst Executing 0x120c6
[State 3] Inst Executing 0x120c8
[State 3] Inst Executing 0x120ca
[State 3] Inst Executing 0x120d2
[State 3] Inst Executing 0x151ea
[State 3] Inst Executing 0x151ee
[State 3] Inst Executing 0x151f2
[State 3] Inst Executing 0x11240
[State 3] Inst Executing 0x11242
[State 3] Inst Executing 0x11244
[State 3] Inst Executing 0x11246
[State 3] Inst Executing 0x11248
[State 3] Inst Executing 0x1124a
[State 3] Inst Executing 0x151f4
[State 3] Inst Executing 0x151f6
[State 3] Inst Executing 0x151f8
[State 3] Inst Executing 0x151fa
[State 3] Inst Executing 0x151fe
[State 3] Inst Executing 0x15202
[State 3] Inst Executing 0x15206
[State 3] Inst Executing 0x1520a
[State 3] Inst Executing 0x120ac
[State 3] Inst Executing 0x120ae
[State 3] Inst Executing 0x120b0
[State 3] Inst Executing 0x120b2
[State 3] Inst Executing 0x120b4
[State 3] Inst Executing 0x120b6
[State 3] Inst Executing 0x120b8
[State 3] Inst Executing 0x12070
[State 3] Inst Executing 0x12072
[State 3] Inst Executing 0x12074
[State 3] Inst Executing 0x12076
[State 3] Inst Executing 0x335c
[State 3] Inst Executing 0x3360
[State 3] Inst Executing 0x3364
[State 3] Inst Executing 0x3368
[State 3] Inst Executing 0x336c
[State 3] Inst Executing 0x336e
[State 3] Inst Executing 0x336e
[State 3] Inst Executing 0x3372
[State 3] Inst Executing 0x3374
[State 3] Inst Executing 0x3376
[State 3] Inst Executing 0x3378
[State 3] Inst Executing 0x337c
[State 3] Inst Executing 0x3380
[State 3] Inst Executing 0x3384
[State 3] Inst Executing 0x120bc
[State 3] Inst Executing 0x120d4
[State 3] Inst Executing 0x120d8
[State 3] Inst Executing 0x120c6
[State 3] Inst Executing 0x120c8
[State 3] Inst Executing 0x120ca
[State 3] Inst Executing 0x120d2
[State 3] Inst Executing 0x1520e
[State 3] Inst Executing 0x15210
[State 3] Inst Executing 0x15212
[State 3] Inst Executing 0x15214
[State 3] Inst Executing 0x1521e
[State 3] Inst Executing 0x15222
[State 3] Inst Executing 0x15226
[State 3] Inst Executing 0x1124e
[State 3] Inst Executing 0x11250
[State 3] Inst Executing 0x35e0
[State 3] Inst Executing 0x35e2
[State 3] Inst Executing 0xe530
[State 3] Inst Executing 0xe532
[State 3] Inst Executing 0xe536
[State 3] Inst Executing 0xe538
[State 3] Inst Executing 0xe53a
[State 3] Inst Executing 0xfc4c
[State 3] Inst Executing 0xfc4e
[State 3] Inst Executing 0xfc4e
[State 3] Inst Executing 0xfc52
[State 3] Inst Executing 0xfc54
[State 3] Inst Executing 0xfc56
[State 3] Inst Executing 0xfc58
[State 3] Inst Executing 0xfc5a
[State 3] Inst Executing 0xfc5c
[State 3] Inst Executing 0xe9e4
[State 3] Inst Executing 0xe9e6
[State 3] Inst Executing 0xe9e8
[State 3] Inst Executing 0xfea4
[State 3] Inst Executing 0xfea6
[State 3] Inst Executing 0xfea8
[State 3] Inst Executing 0xfea8
[State 3] Inst Executing 0xfeac
[State 3] Inst Executing 0xfeb0
[State 3] Inst Executing 0xfeb4
[State 3] Inst Executing 0xe9ec
[State 3] Inst Executing 0x10010
[State 3] Inst Executing 0x10012
[State 3] Inst Executing 0x10014
[State 3] Inst Executing 0x10016
[State 3] Inst Executing 0x1001a
[State 3] Inst Executing 0x1001a
[State 3] Inst Executing 0x1001e
[State 3] Inst Executing 0x10022
[State 3] Inst Executing 0xe9f0
[State 3] Inst Executing 0xffe0
[State 3] Inst Executing 0xffe2
[State 3] Inst Executing 0xffe4
[State 3] Inst Executing 0xffe4
[State 3] Inst Executing 0xffe8
[State 3] Inst Executing 0xe9f4
[State 3] Inst Executing 0x103b0
[State 3] Inst Executing 0x103b2
[State 3] Inst Executing 0x103b4
[State 3] Inst Executing 0x103b6
[State 3] Inst Executing 0x103b6
[State 3] Inst Executing 0x103ba
[State 3] Inst Executing 0x103be
[State 3] Inst Executing 0xe9f8
[State 3] Inst Executing 0xff70
[State 3] Inst Executing 0xff72
[State 3] Inst Executing 0xff74
[State 3] Inst Executing 0xff74
[State 3] Inst Executing 0xff78
[State 3] Inst Executing 0xe9fc
[State 3] Inst Executing 0xffcc
[State 3] Inst Executing 0xffce
[State 3] Inst Executing 0xffce
[State 3] Inst Executing 0xffd2
[State 3] Inst Executing 0xffd6
[State 3] Inst Executing 0xffda
[State 3] Inst Executing 0xea00
[State 3] Inst Executing 0xea02
[State 3] Inst Executing 0xea06
[State 3] Inst Executing 0xe9b8
[State 3] Inst Executing 0xe9ba
[State 3] Inst Executing 0xe9bc
[State 3] Inst Executing 0xe9be
[State 3] Inst Executing 0xfc6c
[State 3] Inst Executing 0xfc6e
[State 3] Inst Executing 0xfc70
[State 3] Inst Executing 0xfc72
[State 3] Inst Executing 0xfc74
[State 3] Inst Executing 0x34c8
[State 3] Inst Executing 0x34ca
[State 3] Inst Executing 0x34cc
[State 3] Inst Executing 0x34ce
[State 3] Inst Executing 0x34d0
[State 3] Inst Executing 0x34d2
[State 3] Inst Executing 0x34d6
[State 3] Inst Executing 0x34da
[State 3] Inst Executing 0x34dc
[State 3] Inst Executing 0x34de
[State 3] Inst Executing 0x34e2
[State 3] Inst Executing 0x34e6
[State 3] Inst Executing 0x34ea
[State 3] Inst Executing 0xfc78
[State 3] Inst Executing 0xfc7a
[State 3] Inst Executing 0xfc7c
[State 3] Inst Executing 0xfc7e
[State 3] Inst Executing 0xfc80
[State 3] Inst Executing 0xfc82
[State 3] Inst Executing 0xfc84
[State 3] Inst Executing 0xfc86
[State 3] Inst Executing 0xfc88
[State 3] Inst Executing 0xfc88
[State 3] Inst Executing 0xfc8c
[State 3] Inst Executing 0xfc8e
[State 3] Inst Executing 0xfc92
[State 3] Inst Executing 0xfc96
[State 3] Inst Executing 0x34a8
[State 3] Inst Executing 0x34aa
[State 3] Inst Executing 0x34ac
[State 3] Inst Executing 0x34ae
[State 3] Inst Executing 0x34b0
[State 3] Inst Executing 0x34b4
[State 3] Inst Executing 0x34b8
[State 3] Inst Executing 0x34ba
[State 3] Inst Executing 0x34bc
[State 3] Inst Executing 0x34c0
[State 3] Inst Executing 0xe9c2
[State 3] Inst Executing 0xfed0
[State 3] Inst Executing 0xfed2
[State 3] Inst Executing 0xfed2
[State 3] Inst Executing 0xfed6
[State 3] Inst Executing 0xfeda
[State 3] Inst Executing 0xfedc
[State 3] Inst Executing 0xe9c6
[State 3] Inst Executing 0xe9c8
[State 3] Inst Executing 0x1012c
[State 3] Inst Executing 0x1012e
[State 3] Inst Executing 0x10130
[State 3] Inst Executing 0x10132
[State 3] Inst Executing 0x10134
[State 3] Inst Executing 0x10136
[State 3] Inst Executing 0x10138
[State 3] Inst Executing 0x1013a
[State 3] Inst Executing 0x1013c
[State 3] Inst Executing 0x1013e
[State 3] Inst Executing 0x10140
[State 3] Inst Executing 0x10142
[State 3] Inst Executing 0xe9cc
[State 3] Inst Executing 0xe908
[State 3] Inst Executing 0xe90a
[State 3] Inst Executing 0xe90c
[State 3] Inst Executing 0xe90e
[State 3] Inst Executing 0xe910
[State 3] Inst Executing 0xe912
[State 3] Inst Executing 0x12e72
[State 3] Inst Executing 0x12e74
[State 3] Inst Executing 0x12e76
[State 3] Inst Executing 0x12e78
[State 3] Inst Executing 0x12e7a
[State 3] Inst Executing 0x12e7c
[State 3] Inst Executing 0x12e80
[State 3] Inst Executing 0x12e84
[State 3] Inst Executing 0x12e88
[State 3] Inst Executing 0x12e8c
[State 3] Inst Executing 0x12e8e
[State 3] Inst Executing 0x12e90
[State 3] Inst Executing 0x12e92
[State 3] Inst Executing 0x12e94
[State 3] Inst Executing 0x12e96
[State 3] Inst Executing 0x12e98
[State 3] Inst Executing 0x12e9a
[State 3] Inst Executing 0x12e9c
[State 3] Inst Executing 0x12e9e
[State 3] Inst Executing 0x12ea0
[State 3] Inst Executing 0x12ea2
[State 3] Inst Executing 0x12ea4
[State 3] Inst Executing 0x12ea6
[State 3] Inst Executing 0x12ea8
[State 3] Inst Executing 0x12eaa
[State 3] Inst Executing 0x12eae
[State 3] Inst Executing 0x12eb0
[State 3] Inst Executing 0x12eb2
[State 3] Inst Executing 0x12eb4
[State 3] Inst Executing 0x12eb8
[State 3] Inst Executing 0x12ebc
[State 3] Inst Executing 0x12ebc
[State 3] Inst Executing 0x12ebe
[State 3] Inst Executing 0x12ec0
[State 3] Inst Executing 0x12ec2
[State 3] Inst Executing 0x12ec4
[State 3] Inst Executing 0x12ec6
[State 3] Inst Executing 0x12ec8
[State 3] Inst Executing 0x12eca
[State 3] Inst Executing 0x12ece
[State 3] Inst Executing 0x12ed0
[State 3] Inst Executing 0x12ed2
[State 3] Inst Executing 0x12ed6
[State 3] Inst Executing 0x12eda
[State 3] Inst Executing 0x12edc
[State 3] Inst Executing 0xe9d0
[State 3] Inst Executing 0xe9d4
[State 3] Inst Executing 0xe9d6
[State 3] Inst Executing 0xe8c4
[State 3] Inst Executing 0xe8c6
[State 3] Inst Executing 0xe8c8
[State 3] Inst Executing 0xa3f0
[State 3] Inst Executing 0xa3f2
[State 3] Inst Executing 0xa3f4
[State 3] Inst Executing 0xa3f6
[State 3] Inst Executing 0xa3f8
[State 3] Inst Executing 0xa3fa
[State 3] Inst Executing 0xa3fc
[State 3] Inst Executing 0xa3fe
[State 3] Inst Executing 0xa402
[State 3] Inst Executing 0xa404
[State 3] Inst Executing 0xe8cc
[State 3] Inst Executing 0xe8da
[State 3] Inst Executing 0xe8dc
[State 3] Inst Executing 0xe8de
[State 3] Inst Executing 0xe8e0
[State 3] Inst Executing 0xe8e2
[State 3] Inst Executing 0xe8e4
[State 3] Inst Executing 0xe8e6
[State 3] Inst Executing 0xe8e8
[State 3] Inst Executing 0xe8ea
[State 3] Inst Executing 0xa468
[State 3] Inst Executing 0xa46a
[State 3] Inst Executing 0xa46c
[State 3] Inst Executing 0xa46e
[State 3] Inst Executing 0xa470
[State 3] Inst Executing 0xa472
[State 3] Inst Executing 0xa474
[State 3] Inst Executing 0xa476
[State 3] Inst Executing 0xa478
[State 3] Inst Executing 0xa47c
[State 3] Inst Executing 0xa47e
[State 3] Inst Executing 0xa480
[State 3] Inst Executing 0xa482
[State 3] Inst Executing 0xa484
[State 3] Inst Executing 0xa486
[State 3] Inst Executing 0xa488
[State 3] Inst Executing 0xa48a
[State 3] Inst Executing 0xa48c
[State 3] Inst Executing 0xa48e
[State 3] Inst Executing 0xa490
[State 3] Inst Executing 0xa492
[State 3] Inst Executing 0xa494
[State 3] Inst Executing 0xa496
[State 3] Inst Executing 0xa498
[State 3] Inst Executing 0xd310
[State 3] Inst Executing 0xd312
[State 3] Inst Executing 0xd314
[State 3] Inst Executing 0xa49c
[State 3] Inst Executing 0xa49e
[State 3] Inst Executing 0xa4a0
[State 3] Inst Executing 0xa4a2
[State 3] Inst Executing 0xa4a4
[State 3] Inst Executing 0x6ff0
[State 3] Inst Executing 0x6ff2
[State 3] Inst Executing 0x6ff4
[State 3] Inst Executing 0x6ff6
[State 3] Inst Executing 0x6ff8
[State 3] Inst Executing 0x6ffa
[State 3] Inst Executing 0x6ffc
[State 3] Inst Executing 0x6ffe
[State 3] Inst Executing 0xa4a8
[State 3] Inst Executing 0xa4aa
[State 3] Inst Executing 0xa4ac
[State 3] Inst Executing 0xa4ae
[State 3] Inst Executing 0xa4b0
[State 3] Inst Executing 0x70d8
[State 3] Inst Executing 0x70da
[State 3] Inst Executing 0x70dc
[State 3] Inst Executing 0x70de
[State 3] Inst Executing 0x70e0
[State 3] Inst Executing 0x70e2
[State 3] Inst Executing 0x70e4
[State 3] Inst Executing 0x70e6
[State 3] Inst Executing 0x70e8
[State 3] Inst Executing 0x70ec
[State 3] Inst Executing 0x70ee
[State 3] Inst Executing 0x70f0
[State 3] Inst Executing 0x7174
[State 3] Inst Executing 0x7176
[State 3] Inst Executing 0xa4b4
[State 3] Inst Executing 0xa4b6
[State 3] Inst Executing 0xe8ee
[State 3] Inst Executing 0xe8f0
[State 3] Inst Executing 0xe53e
[State 3] Inst Executing 0x353c
[State 3] Inst Executing 0x353e
[State 3] Inst Executing 0x3540
[State 3] Inst Executing 0x3542
[State 3] Inst Executing 0x3544
[State 3] Inst Executing 0x3546
[State 3] Inst Executing 0x3548
[State 3] Inst Executing 0x354a
[State 3] Inst Executing 0x14c98
[State 3] Inst Executing 0x12ef2
[State 3] Inst Executing 0x354e
[State 3] Inst Executing 0x3550
[State 3] Inst Executing 0xe542
[State 3] Inst Executing 0x33f0
[State 3] Inst Executing 0x33f2
[State 3] Inst Executing 0x33f4
[State 3] Inst Executing 0x33f6
[State 3] Inst Executing 0x33f8
[State 3] Inst Executing 0x3402
[State 3] Inst Executing 0xe546
[State 3] Inst Executing 0xe54a
[State 3] Inst Executing 0xe54c
[State 3] Inst Executing 0x35e6
[State 3] Inst Executing 0x35e8
[State 3] Inst Executing 0x11254
[State 3] Inst Executing 0x1122c
[State 3] Inst Executing 0x11230
[State 3] Inst Executing 0x11234
[State 3] Inst Executing 0x11238
[State 3] Inst Executing 0x1123c
[State 3] Inst Executing 0x151d4
[State 3] Inst Executing 0x151d6
[State 3] Inst Executing 0x151da
[State 3] Inst Executing 0x151de
[State 3] Inst Executing 0x151e2
[State 3] Inst Executing 0x151e6
[State 3] Inst Executing 0x120ac
[State 3] Inst Executing 0x120ae
[State 3] Inst Executing 0x120b0
[State 3] Inst Executing 0x120b2
[State 3] Inst Executing 0x120b4
[State 3] Inst Executing 0x120b6
[State 3] Inst Executing 0x120b8
[State 3] Inst Executing 0x12070
[State 3] Inst Executing 0x12072
[State 3] Inst Executing 0x12074
[State 3] Inst Executing 0x12076
[State 3] Inst Executing 0x335c
[State 3] Inst Executing 0x3360
[State 3] Inst Executing 0x3364
[State 3] Inst Executing 0x3368
[State 3] Inst Executing 0x336c
[State 3] Inst Executing 0x336e
[State 3] Inst Executing 0x336e
[State 3] Inst Executing 0x3372
[State 3] Inst Executing 0x3374
[State 3] Inst Executing 0x3376
[State 3] Inst Executing 0x3378
[State 3] Inst Executing 0x337c
[State 3] Inst Executing 0x3380
[State 3] Inst Executing 0x3384
[State 3] Inst Executing 0x120bc
[State 3] Inst Executing 0x120d4
[State 3] Inst Executing 0x120d8
[State 3] Inst Executing 0x120c6
[State 3] Inst Executing 0x120c8
[State 3] Inst Executing 0x120ca
[State 3] Inst Executing 0x120d2
[State 3] Inst Executing 0x151ea
[State 3] Inst Executing 0x151ee
[State 3] Inst Executing 0x151f2
[State 3] Inst Executing 0x11240
[State 3] Inst Executing 0x11242
[State 3] Inst Executing 0x11244
[State 3] Inst Executing 0x11246
[State 3] Inst Executing 0x11248
[State 3] Inst Executing 0x1124a
[State 3] Inst Executing 0x151f4
[State 3] Inst Executing 0x151f6
[State 3] Inst Executing 0x151f8
[State 3] Inst Executing 0x151fa
[State 3] Inst Executing 0x151fe
[State 3] Inst Executing 0x15202
[State 3] Inst Executing 0x15206
[State 3] Inst Executing 0x1520a
[State 3] Inst Executing 0x120ac
[State 3] Inst Executing 0x120ae
[State 3] Inst Executing 0x120b0
[State 3] Inst Executing 0x120b2
[State 3] Inst Executing 0x120b4
[State 3] Inst Executing 0x120b6
[State 3] Inst Executing 0x120b8
[State 3] Inst Executing 0x12070
[State 3] Inst Executing 0x12072
[State 3] Inst Executing 0x12074
[State 3] Inst Executing 0x12076
[State 3] Inst Executing 0x335c
[State 3] Inst Executing 0x3360
[State 3] Inst Executing 0x3364
[State 3] Inst Executing 0x3368
[State 3] Inst Executing 0x336c
[State 3] Inst Executing 0x336e
[State 3] Inst Executing 0x336e
[State 3] Inst Executing 0x3372
[State 3] Inst Executing 0x3374
[State 3] Inst Executing 0x3376
[State 3] Inst Executing 0x3378
[State 3] Inst Executing 0x337c
[State 3] Inst Executing 0x3380
[State 3] Inst Executing 0x3384
[State 3] Inst Executing 0x120bc
[State 3] Inst Executing 0x120d4
[State 3] Inst Executing 0x120d8
[State 3] Inst Executing 0x120c6
[State 3] Inst Executing 0x120c8
[State 3] Inst Executing 0x120ca
[State 3] Inst Executing 0x120d2
[State 3] Inst Executing 0x1520e
[State 3] Inst Executing 0x15210
[State 3] Inst Executing 0x15212
[State 3] Inst Executing 0x15214
[State 3] Inst Executing 0x1521e
[State 3] Inst Executing 0x15222
[State 3] Inst Executing 0x15226
[State 3] Inst Executing 0x1124e
[State 3] Inst Executing 0x11250
[State 3] Inst Executing 0x35e0
[State 3] Inst Executing 0x35e2
[State 3] Inst Executing 0x364c
[State 3] Inst Executing 0x364e
[State 3] Inst Executing 0x3650
[State 3] Inst Executing 0x3652
[State 3] Inst Executing 0x3654
[State 3] Inst Executing 0x3656
[State 3] Inst Executing 0x3658
[State 3] Inst Executing 0x365a
[State 3] Inst Executing 0x365c
[State 3] Inst Executing 0x14c98
[State 3] Inst Executing 0x12ef2
[State 3] Inst Executing 0x3660
[State 3] Inst Executing 0x3662
[State 3] Inst Executing 0x3666
[State 3] Inst Executing 0x366a
[State 3] Inst Executing 0x366e
[State 3] Inst Executing 0x3670
[State 3] Inst Executing 0x3672
[State 3] Inst Executing 0x3674
[State 3] Inst Executing 0xe550
[State 3] Inst Executing 0xe552
[State 3] Inst Executing 0xe554
[State 3] Inst Executing 0xe554
[State 3] Inst Executing 0xe558
[State 3] Inst Executing 0xe55a
[State 3] Inst Executing 0xe55c
[State 3] Inst Executing 0x7180
[State 3] Inst Executing 0x7182
[State 3] Inst Executing 0x7184
[State 3] Inst Executing 0x7186
[State 3] Inst Executing 0x718a
[State 3] Inst Executing 0x718e
[State 3] Inst Executing 0x7190
[State 3] Inst Executing 0x7194
[State 3] Inst Executing 0x7196
[State 3] Inst Executing 0x7198
[State 3] Inst Executing 0x719c
[State 3] Inst Executing 0x719e
[State 3] Inst Executing 0x71a2
[State 3] Inst Executing 0x71a6
[State 3] Inst Executing 0x71a8
[State 3] Inst Executing 0x71ac
[State 3] Inst Executing 0x71ae
[State 3] Inst Executing 0x71b2
[State 3] Inst Executing 0x71b4
[State 3] Inst Executing 0x71b6
[State 3] Inst Executing 0x71b8
[State 3] Inst Executing 0x71bc
[State 3] Inst Executing 0x71be
[State 3] Inst Executing 0x71c0
[State 3] Inst Executing 0x7000
[State 3] Inst Executing 0x7002
[State 3] Inst Executing 0x700c
[State 3] Inst Executing 0x700e
[State 3] Inst Executing 0x71c4
[State 3] Inst Executing 0x71c8
[State 3] Inst Executing 0x71ca
[State 3] Inst Executing 0x71cc
[State 3] Inst Executing 0x7238
[State 3] Inst Executing 0x723c
[State 3] Inst Executing 0x7240
[State 3] Inst Executing 0x7242
[State 3] Inst Executing 0x724c
[State 3] Inst Executing 0x7250
[State 3] Inst Executing 0x7254
[State 3] Inst Executing 0x7256
[State 3] Inst Executing 0x7260
[State 3] Inst Executing 0x7264
[State 3] Inst Executing 0x7268
[State 3] Inst Executing 0x726c
[State 3] Inst Executing 0x7270
[State 3] Inst Executing 0x71b6
[State 3] Inst Executing 0x71b8
[State 3] Inst Executing 0x71bc
[State 3] Inst Executing 0x71be
[State 3] Inst Executing 0x71c0
[State 3] Inst Executing 0x7000
[State 3] Inst Executing 0x7002
[State 3] Inst Executing 0x700c
[State 3] Inst Executing 0x700e
[State 3] Inst Executing 0x71c4
[State 3] Inst Executing 0x71c8
[State 3] Inst Executing 0x71ca
[State 3] Inst Executing 0x71cc
[State 3] Inst Executing 0x7238
[State 3] Inst Executing 0x723c
[State 3] Inst Executing 0x7240
[State 3] Inst Executing 0x7242
[State 3] Inst Executing 0x724c
[State 3] Inst Executing 0x7250
[State 3] Inst Executing 0x7254
[State 3] Inst Executing 0x7256
[State 3] Inst Executing 0x7260
[State 3] Inst Executing 0x7264
[State 3] Inst Executing 0x7268
[State 3] Inst Executing 0x726c
[State 3] Inst Executing 0x7270
[State 3] Inst Executing 0x71b6
[State 3] Inst Executing 0x71b8
[State 3] Inst Executing 0x71bc
[State 3] Inst Executing 0x71be
[State 3] Inst Executing 0x71c0
[State 3] Inst Executing 0x7000
[State 3] Inst Executing 0x7002
[State 3] Inst Executing 0x700c
[State 3] Inst Executing 0x700e
[State 3] Inst Executing 0x71c4
[State 3] Inst Executing 0x71c8
[State 3] Inst Executing 0x71ca
[State 3] Inst Executing 0x71cc
[State 3] Inst Executing 0x7238
[State 3] Inst Executing 0x723c
[State 3] Inst Executing 0x7240
[State 3] Inst Executing 0x7242
[State 3] Inst Executing 0x724c
[State 3] Inst Executing 0x7250
[State 3] Inst Executing 0x7254
[State 3] Inst Executing 0x7256
[State 3] Inst Executing 0x7260
[State 3] Inst Executing 0x7264
[State 3] Inst Executing 0x7268
[State 3] Inst Executing 0x726c
[State 3] Inst Executing 0x7270
[State 3] Inst Executing 0x71b6
[State 3] Inst Executing 0x71b8
[State 3] Inst Executing 0x71bc
[State 3] Inst Executing 0x71be
[State 3] Inst Executing 0x71c0
[State 3] Inst Executing 0x7000
[State 3] Inst Executing 0x7002
[State 3] Inst Executing 0x7004
[State 3] Inst Executing 0x7006
[State 3] Inst Executing 0x7008
[State 3] Inst Executing 0x700a
[State 3] Inst Executing 0x71c4
[State 3] Inst Executing 0x71c8
[State 3] Inst Executing 0x71ca
[State 3] Inst Executing 0x71cc
[State 3] Inst Executing 0x71ce
[State 3] Inst Executing 0x71d0
[State 3] Inst Executing 0x71d2
[State 3] Inst Executing 0x71d4
[State 3] Inst Executing 0x71d6
[State 3] Inst Executing 0x71da
[State 3] Inst Executing 0x71dc
[State 3] Inst Executing 0x71de
[State 3] Inst Executing 0x71e0
[State 3] Inst Executing 0x71e2
[State 3] Inst Executing 0x71e6
[State 3] Inst Executing 0x96a0
[State 3] Inst Executing 0x96a4
[State 3] Inst Executing 0x96a6
[State 3] Inst Executing 0x96a8
[State 3] Inst Executing 0x96ac
[State 3] Inst Executing 0x96ae
[State 3] Inst Executing 0x96b0
[State 3] Inst Executing 0x96b4
[State 3] Inst Executing 0x96b6
[State 3] Inst Executing 0x7000
[State 3] Inst Executing 0x7002
[State 3] Inst Executing 0x7004
[State 3] Inst Executing 0x7006
[State 3] Inst Executing 0x7008
[State 3] Inst Executing 0x700a
[State 3] Inst Executing 0x96ba
[State 3] Inst Executing 0x96bc
[State 3] Inst Executing 0x96be
[State 3] Inst Executing 0x96c0
[State 3] Inst Executing 0x96c2
[State 3] Inst Executing 0x96c4
[State 3] Inst Executing 0x96c6
[State 3] Inst Executing 0x96c8
[State 3] Inst Executing 0xd350
[State 3] Inst Executing 0xd352
[State 3] Inst Executing 0xd354
[State 3] Inst Executing 0xd356
[State 3] Inst Executing 0xd358
[State 3] Inst Executing 0xd35a
[State 3] Inst Executing 0xd374
[State 3] Inst Executing 0xd376
[State 3] Inst Executing 0xd370
[State 3] Inst Executing 0xd372
[State 3] Inst Executing 0x96cc
[State 3] Inst Executing 0x96ce
[State 3] Inst Executing 0x96d0
[State 3] Inst Executing 0x97a8
[State 3] Inst Executing 0x97aa
[State 3] Inst Executing 0x97ac
[State 3] Inst Executing 0x97ae
[State 3] Inst Executing 0x97b0
[State 3] Inst Executing 0x97b2
[State 3] Inst Executing 0x97b6
[State 3] Inst Executing 0x97b8
[State 3] Inst Executing 0x9802
[State 3] Inst Executing 0x9804
[State 3] Inst Executing 0x9806
[State 3] Inst Executing 0x9808
[State 3] Inst Executing 0x7010
[State 3] Inst Executing 0x7012
[State 3] Inst Executing 0x7014
[State 3] Inst Executing 0x7016
[State 3] Inst Executing 0x7024
[State 3] Inst Executing 0x7026
[State 3] Inst Executing 0x701c
[State 3] Inst Executing 0x701e
[State 3] Inst Executing 0x7020
[State 3] Inst Executing 0x7022
[State 3] Inst Executing 0x980c
[State 3] Inst Executing 0x980e
[State 3] Inst Executing 0x9810
[State 3] Inst Executing 0xb624
[State 3] Inst Executing 0xb626
[State 3] Inst Executing 0xb628
[State 3] Inst Executing 0xb62a
[State 3] Inst Executing 0xb62e
[State 3] Inst Executing 0xb630
[State 3] Inst Executing 0xb636
[State 3] Inst Executing 0xb638
[State 3] Inst Executing 0xb63a
[State 3] Inst Executing 0xb63c
[State 3] Inst Executing 0x2348
[State 3] Inst Executing 0x234c
[State 3] Inst Executing 0x234e
[State 3] Inst Executing 0x2350
[State 3] Inst Executing 0x2354
[State 3] Inst Executing 0x2356
[State 3] Inst Executing 0x2358
[State 3] Inst Executing 0x235a
[State 3] Inst Executing 0x235c
[State 3] Inst Executing 0x235e
[State 3] Inst Executing 0x2360
[State 3] Inst Executing 0x2362
[State 3] Inst Executing 0x2364
[State 3] Inst Executing 0x2366
[State 3] Inst Executing 0x236a
[State 3] Inst Executing 0x236c
[State 3] Inst Executing 0x2370
[State 3] Inst Executing 0x2372
[State 3] Inst Executing 0x2376
[State 3] Inst Executing 0x13084
[State 3] Inst Executing 0x13086
[State 3] Inst Executing 0x1308a
[State 3] Inst Executing 0x1308c
[State 3] Inst Executing 0x1308e
[State 3] Inst Executing 0x13090
[State 3] Inst Executing 0x13092
[State 3] Inst Executing 0x13094
[State 3] Inst Executing 0x13096
[State 3] Inst Executing 0x130d0
[State 3] Inst Executing 0x130d4
[State 3] Inst Executing 0x130d8
[State 3] Inst Executing 0x13094
[State 3] Inst Executing 0x13096
[State 3] Inst Executing 0x130d0
[State 3] Inst Executing 0x130d4
[State 3] Inst Executing 0x130d8
[State 3] Inst Executing 0x13094
[State 3] Inst Executing 0x13096
[State 3] Inst Executing 0x130d0
[State 3] Inst Executing 0x130d4
[State 3] Inst Executing 0x130d8
[State 3] Inst Executing 0x13094
[State 3] Inst Executing 0x13096
[State 3] Inst Executing 0x13098
[State 3] Inst Executing 0x237a
[State 3] Inst Executing 0x237e
[State 3] Inst Executing 0x2380
[State 3] Inst Executing 0x2382
[State 3] Inst Executing 0x13084
[State 3] Inst Executing 0x13086
[State 3] Inst Executing 0x1308a
[State 3] Inst Executing 0x1308c
[State 3] Inst Executing 0x1308e
[State 3] Inst Executing 0x13090
[State 3] Inst Executing 0x13092
[State 3] Inst Executing 0x13094
[State 3] Inst Executing 0x13096
[State 3] Inst Executing 0x130d0
[State 3] Inst Executing 0x130d4
[State 3] Inst Executing 0x130d8
[State 3] Inst Executing 0x13094
[State 3] Inst Executing 0x13096
[State 3] Inst Executing 0x130d0
[State 3] Inst Executing 0x130d4
[State 3] Inst Executing 0x130d8
[State 3] Inst Executing 0x13094
[State 3] Inst Executing 0x13096
[State 3] Inst Executing 0x130d0
[State 3] Inst Executing 0x130d4
[State 3] Inst Executing 0x130d8
[State 3] Inst Executing 0x13094
[State 3] Inst Executing 0x13096
[State 3] Inst Executing 0x130d0
[State 3] Inst Executing 0x130d4
[State 3] Inst Executing 0x130d8
[State 3] Inst Executing 0x13094
[State 3] Inst Executing 0x13096
[State 3] Inst Executing 0x13098
[State 3] Inst Executing 0x2386
[State 3] Inst Executing 0x2388
[State 3] Inst Executing 0x238a
[State 3] Inst Executing 0x238e
[State 3] Inst Executing 0x13084
[State 3] Inst Executing 0x13086
[State 3] Inst Executing 0x1308a
[State 3] Inst Executing 0x1308c
[State 3] Inst Executing 0x1308e
[State 3] Inst Executing 0x13090
[State 3] Inst Executing 0x13092
[State 3] Inst Executing 0x13094
[State 3] Inst Executing 0x13096
[State 3] Inst Executing 0x130d0
[State 3] Inst Executing 0x130d4
[State 3] Inst Executing 0x130d8
[State 3] Inst Executing 0x13094
[State 3] Inst Executing 0x13096
[State 3] Inst Executing 0x130d0
[State 3] Inst Executing 0x130d4
[State 3] Inst Executing 0x130d8
[State 3] Inst Executing 0x13094
[State 3] Inst Executing 0x13096
[State 3] Inst Executing 0x130d0
[State 3] Inst Executing 0x130d4
[State 3] Inst Executing 0x130d8
[State 3] Inst Executing 0x13094
[State 3] Inst Executing 0x13096
[State 3] Inst Executing 0x130d0
[State 3] Inst Executing 0x130d4
[State 3] Inst Executing 0x130d8
[State 3] Inst Executing 0x13094
[State 3] Inst Executing 0x13096
[State 3] Inst Executing 0x130d0
[State 3] Inst Executing 0x130d4
[State 3] Inst Executing 0x130d8
[State 3] Inst Executing 0x13094
[State 3] Inst Executing 0x13096
[State 3] Inst Executing 0x13098
[State 3] Inst Executing 0x2392
[State 3] Inst Executing 0x2394
[State 3] Inst Executing 0x2396
[State 3] Inst Executing 0x72c4
[State 3] Inst Executing 0x72c6
[State 3] Inst Executing 0x72c8
[State 3] Inst Executing 0x72ca
[State 3] Inst Executing 0x72cc
[State 3] Inst Executing 0x72ce
[State 3] Inst Executing 0x72d0
[State 3] Inst Executing 0x72d2
[State 3] Inst Executing 0x72d6
[State 3] Inst Executing 0x72e8
[State 3] Inst Executing 0x72ea
[State 3] Inst Executing 0x72d2
[State 3] Inst Executing 0x72d6
[State 3] Inst Executing 0x72e8
[State 3] Inst Executing 0x72ea
[State 3] Inst Executing 0x72d2
[State 3] Inst Executing 0x72d6
[State 3] Inst Executing 0x72e8
[State 3] Inst Executing 0x72ea
[State 3] Inst Executing 0x72d2
[State 3] Inst Executing 0x72d6
[State 3] Inst Executing 0x72e8
[State 3] Inst Executing 0x72ea
[State 3] Inst Executing 0x72d2
[State 3] Inst Executing 0x72d6
[State 3] Inst Executing 0x72e8
[State 3] Inst Executing 0x72ea
[State 3] Inst Executing 0x72ec
[State 3] Inst Executing 0x72ee
[State 3] Inst Executing 0x239a
[State 3] Inst Executing 0x239e
[State 3] Inst Executing 0x23a2
[State 3] Inst Executing 0x23a6
[State 3] Inst Executing 0x23aa
[State 3] Inst Executing 0x23ac
[State 3] Inst Executing 0x23b0
[State 3] Inst Executing 0x23b4
[State 3] Inst Executing 0x23b8
[State 3] Inst Executing 0x23ba
[State 3] Inst Executing 0x23bc
[State 3] Inst Executing 0x23c0
[State 3] Inst Executing 0x23c4
[State 3] Inst Executing 0x23c6
[State 3] Inst Executing 0x23ca
[State 3] Inst Executing 0x23cc
[State 3] Inst Executing 0x23d0
[State 3] Inst Executing 0x23d2
[State 3] Inst Executing 0x23d6
[State 3] Inst Executing 0x23da
[State 3] Inst Executing 0xf1c8
[State 3] Inst Executing 0xf1ca
[State 3] Inst Executing 0x23de
[State 3] Inst Executing 0x23e0
[State 3] Inst Executing 0x23e4
[State 3] Inst Executing 0x23e8
[State 3] Inst Executing 0xf1cc
[State 3] Inst Executing 0xf1ce
[State 3] Inst Executing 0xf1d2
[State 3] Inst Executing 0x23ec
[State 3] Inst Executing 0x23f0
[State 3] Inst Executing 0x23f4
[State 3] Inst Executing 0x23f6
[State 3] Inst Executing 0x23fa
[State 3] Inst Executing 0x23fe
[State 3] Inst Executing 0x2402
[State 3] Inst Executing 0x2404
[State 3] Inst Executing 0x2406
[State 3] Inst Executing 0x240a
[State 3] Inst Executing 0x240e
[State 3] Inst Executing 0x2412
[State 3] Inst Executing 0x2416
[State 3] Inst Executing 0x2418
[State 3] Inst Executing 0x241c
[State 3] Inst Executing 0x2420
[State 3] Inst Executing 0x2424
[State 3] Inst Executing 0x2426
[State 3] Inst Executing 0x2428
[State 3] Inst Executing 0x242c
[State 3] Inst Executing 0x2430
[State 3] Inst Executing 0x2434
[State 3] Inst Executing 0x2436
[State 3] Inst Executing 0x2438
[State 3] Inst Executing 0x243c
[State 3] Inst Executing 0x243e
[State 3] Inst Executing 0x2442
[State 3] Inst Executing 0x2446
[State 3] Inst Executing 0x244a
[State 3] Inst Executing 0x244c
[State 3] Inst Executing 0x244e
[State 3] Inst Executing 0x2450
[State 3] Inst Executing 0x2454
[State 3] Inst Executing 0x2458
[State 3] Inst Executing 0x245c
[State 3] Inst Executing 0x245e
[State 3] Inst Executing 0x2460
[State 3] Inst Executing 0x2462
[State 3] Inst Executing 0x2464
[State 3] Inst Executing 0x2468
[State 3] Inst Executing 0x246a
[State 3] Inst Executing 0x246c
[State 3] Inst Executing 0x2470
[State 3] Inst Executing 0x13084
[State 3] Inst Executing 0x13086
[State 3] Inst Executing 0x1308a
[State 3] Inst Executing 0x1308c
[State 3] Inst Executing 0x1308e
[State 3] Inst Executing 0x130a8
[State 3] Inst Executing 0x130aa
[State 3] Inst Executing 0x130ac
[State 3] Inst Executing 0x130b0
[State 3] Inst Executing 0x130b2
[State 3] Inst Executing 0x130b4
[State 3] Inst Executing 0x130b6
[State 3] Inst Executing 0x130b8
[State 3] Inst Executing 0x130c6
[State 3] Inst Executing 0x130ca
[State 3] Inst Executing 0x130ce
[State 3] Inst Executing 0x130b6
[State 3] Inst Executing 0x130b8
[State 3] Inst Executing 0x130ba
[State 3] Inst Executing 0x130be
[State 3] Inst Executing 0x130c2
[State 3] Inst Executing 0x130c4
[State 3] Inst Executing 0x13090
[State 3] Inst Executing 0x13092
[State 3] Inst Executing 0x13094
[State 3] Inst Executing 0x13096
[State 3] Inst Executing 0x13098
[State 3] Inst Executing 0x2474
[State 3] Inst Executing 0x2476
[State 3] Inst Executing 0x247a
[State 3] Inst Executing 0x247c
[State 3] Inst Executing 0x2480
[State 3] Inst Executing 0x2484
[State 3] Inst Executing 0x13084
[State 3] Inst Executing 0x13086
[State 3] Inst Executing 0x1308a
[State 3] Inst Executing 0x1308c
[State 3] Inst Executing 0x1308e
[State 3] Inst Executing 0x130a8
[State 3] Inst Executing 0x130aa
[State 3] Inst Executing 0x130ac
[State 3] Inst Executing 0x130b0
[State 3] Inst Executing 0x130b2
[State 3] Inst Executing 0x130b4
[State 3] Inst Executing 0x130b6
[State 3] Inst Executing 0x130b8
[State 3] Inst Executing 0x130c6
[State 3] Inst Executing 0x130ca
[State 3] Inst Executing 0x130ce
[State 3] Inst Executing 0x130b6
[State 3] Inst Executing 0x130b8
[State 3] Inst Executing 0x130ba
[State 3] Inst Executing 0x130be
[State 3] Inst Executing 0x130c2
[State 3] Inst Executing 0x130c4
[State 3] Inst Executing 0x13090
[State 3] Inst Executing 0x13092
[State 3] Inst Executing 0x13094
[State 3] Inst Executing 0x13096
[State 3] Inst Executing 0x130d0
[State 3] Inst Executing 0x130d4
[State 3] Inst Executing 0x130d8
[State 3] Inst Executing 0x13094
[State 3] Inst Executing 0x13096
[State 3] Inst Executing 0x130d0
[State 3] Inst Executing 0x130d4
[State 3] Inst Executing 0x130d8
[State 3] Inst Executing 0x13094
[State 3] Inst Executing 0x13096
[State 3] Inst Executing 0x13098
[State 3] Inst Executing 0x2488
[State 3] Inst Executing 0x248c
[State 3] Inst Executing 0x2490
[State 3] Inst Executing 0x2494
[State 3] Inst Executing 0x2496
[State 3] Inst Executing 0x2498
[State 3] Inst Executing 0x249a
[State 3] Inst Executing 0x249e
[State 3] Inst Executing 0x13084
[State 3] Inst Executing 0x13086
[State 3] Inst Executing 0x1308a
[State 3] Inst Executing 0x1308c
[State 3] Inst Executing 0x1308e
[State 3] Inst Executing 0x13090
[State 3] Inst Executing 0x13092
[State 3] Inst Executing 0x13094
[State 3] Inst Executing 0x13096
[State 3] Inst Executing 0x130d0
[State 3] Inst Executing 0x130d4
[State 3] Inst Executing 0x130d8
[State 3] Inst Executing 0x13094
[State 3] Inst Executing 0x13096
[State 3] Inst Executing 0x130d0
[State 3] Inst Executing 0x130d4
[State 3] Inst Executing 0x130d8
[State 3] Inst Executing 0x13094
[State 3] Inst Executing 0x13096
[State 3] Inst Executing 0x130d0
[State 3] Inst Executing 0x130d4
[State 3] Inst Executing 0x130d8
[State 3] Inst Executing 0x13094
[State 3] Inst Executing 0x13096
[State 3] Inst Executing 0x130d0
[State 3] Inst Executing 0x130d4
[State 3] Inst Executing 0x130d8
[State 3] Inst Executing 0x13094
[State 3] Inst Executing 0x13096
[State 3] Inst Executing 0x130d0
[State 3] Inst Executing 0x130d4
[State 3] Inst Executing 0x130d8
[State 3] Inst Executing 0x13094
[State 3] Inst Executing 0x13096
[State 3] Inst Executing 0x130d0
[State 3] Inst Executing 0x130d4
[State 3] Inst Executing 0x130d8
[State 3] Inst Executing 0x13094
[State 3] Inst Executing 0x13096
[State 3] Inst Executing 0x13098
[State 3] Inst Executing 0x24a2
[State 3] Inst Executing 0x24a6
[State 3] Inst Executing 0x24aa
[State 3] Inst Executing 0x24ae
[State 3] Inst Executing 0x24b2
[State 3] Inst Executing 0x24b6
[State 3] Inst Executing 0x24b8
[State 3] Inst Executing 0x24ba
[State 3] Inst Executing 0x24bc
[State 3] Inst Executing 0x24c0
[State 3] Inst Executing 0x24c4
[State 3] Inst Executing 0x24c6
[State 3] Inst Executing 0x13084
[State 3] Inst Executing 0x13086
[State 3] Inst Executing 0x1308a
[State 3] Inst Executing 0x1308c
[State 3] Inst Executing 0x1308e
[State 3] Inst Executing 0x130a8
[State 3] Inst Executing 0x130aa
[State 3] Inst Executing 0x130ac
[State 3] Inst Executing 0x130b0
[State 3] Inst Executing 0x130b2
[State 3] Inst Executing 0x130b4
[State 3] Inst Executing 0x130b6
[State 3] Inst Executing 0x130b8
[State 3] Inst Executing 0x130c6
[State 3] Inst Executing 0x130ca
[State 3] Inst Executing 0x130ce
[State 3] Inst Executing 0x130b6
[State 3] Inst Executing 0x130b8
[State 3] Inst Executing 0x130ba
[State 3] Inst Executing 0x130be
[State 3] Inst Executing 0x130c2
[State 3] Inst Executing 0x130c4
[State 3] Inst Executing 0x13090
[State 3] Inst Executing 0x13092
[State 3] Inst Executing 0x13094
[State 3] Inst Executing 0x13096
[State 3] Inst Executing 0x130d0
[State 3] Inst Executing 0x130d4
[State 3] Inst Executing 0x130d8
[State 3] Inst Executing 0x13094
[State 3] Inst Executing 0x13096
[State 3] Inst Executing 0x130d0
[State 3] Inst Executing 0x130d4
[State 3] Inst Executing 0x130d8
[State 3] Inst Executing 0x13094
[State 3] Inst Executing 0x13096
[State 3] Inst Executing 0x13098
[State 3] Inst Executing 0x24ca
[State 3] Inst Executing 0x24ce
[State 3] Inst Executing 0x24d2
[State 3] Inst Executing 0x24d6
[State 3] Inst Executing 0x2684
[State 3] Inst Executing 0x2686
[State 3] Inst Executing 0x2688
[State 3] Inst Executing 0x268a
[State 3] Inst Executing 0x130da
[State 3] Inst Executing 0x130dc
[State 3] Inst Executing 0x130de
[State 3] Inst Executing 0x130e0
[State 3] Inst Executing 0x130e2
[State 3] Inst Executing 0x13108
[State 3] Inst Executing 0x1310a
[State 3] Inst Executing 0x1310c
[State 3] Inst Executing 0x13110
[State 3] Inst Executing 0x13112
[State 3] Inst Executing 0x130e0
[State 3] Inst Executing 0x130e2
[State 3] Inst Executing 0x13108
[State 3] Inst Executing 0x1310a
[State 3] Inst Executing 0x1310c
[State 3] Inst Executing 0x13110
[State 3] Inst Executing 0x13112
[State 3] Inst Executing 0x130e0
[State 3] Inst Executing 0x130e2
[State 3] Inst Executing 0x13108
[State 3] Inst Executing 0x1310a
[State 3] Inst Executing 0x1310c
[State 3] Inst Executing 0x13110
[State 3] Inst Executing 0x13112
[State 3] Inst Executing 0x130e0
[State 3] Inst Executing 0x130e2
[State 3] Inst Executing 0x130e4
[State 3] Inst Executing 0x130e8
[State 3] Inst Executing 0x130ec
[State 3] Inst Executing 0x130f0
[State 3] Inst Executing 0x130f2
[State 3] Inst Executing 0x130f4
[State 3] Inst Executing 0x130f6
[State 3] Inst Executing 0x130f8
[State 3] Inst Executing 0x130fc
[State 3] Inst Executing 0x13100
[State 3] Inst Executing 0x13102
[State 3] Inst Executing 0x13104
[State 3] Inst Executing 0x1311a
[State 3] Inst Executing 0x1311e
[State 3] Inst Executing 0x13102
[State 3] Inst Executing 0x13104
[State 3] Inst Executing 0x1311a
[State 3] Inst Executing 0x1311e
[State 3] Inst Executing 0x13102
[State 3] Inst Executing 0x13104
[State 3] Inst Executing 0x1311a
[State 3] Inst Executing 0x1311e
[State 3] Inst Executing 0x13102
[State 3] Inst Executing 0x13104
[State 3] Inst Executing 0x13106
[State 3] Inst Executing 0x268e
[State 3] Inst Executing 0x2692
[State 3] Inst Executing 0x2696
[State 3] Inst Executing 0x2698
[State 3] Inst Executing 0x269a
[State 3] Inst Executing 0x269c
[State 3] Inst Executing 0x13084
[State 3] Inst Executing 0x13086
[State 3] Inst Executing 0x1308a
[State 3] Inst Executing 0x1308c
[State 3] Inst Executing 0x1308e
[State 3] Inst Executing 0x13090
[State 3] Inst Executing 0x13092
[State 3] Inst Executing 0x13094
[State 3] Inst Executing 0x13096
[State 3] Inst Executing 0x130d0
[State 3] Inst Executing 0x130d4
[State 3] Inst Executing 0x130d8
[State 3] Inst Executing 0x13094
[State 3] Inst Executing 0x13096
[State 3] Inst Executing 0x130d0
[State 3] Inst Executing 0x130d4
[State 3] Inst Executing 0x130d8
[State 3] Inst Executing 0x13094
[State 3] Inst Executing 0x13096
[State 3] Inst Executing 0x130d0
[State 3] Inst Executing 0x130d4
[State 3] Inst Executing 0x130d8
[State 3] Inst Executing 0x13094
[State 3] Inst Executing 0x13096
[State 3] Inst Executing 0x130d0
[State 3] Inst Executing 0x130d4
[State 3] Inst Executing 0x130d8
[State 3] Inst Executing 0x13094
[State 3] Inst Executing 0x13096
[State 3] Inst Executing 0x130d0
[State 3] Inst Executing 0x130d4
[State 3] Inst Executing 0x130d8
[State 3] Inst Executing 0x13094
[State 3] Inst Executing 0x13096
[State 3] Inst Executing 0x130d0
[State 3] Inst Executing 0x130d4
[State 3] Inst Executing 0x130d8
[State 3] Inst Executing 0x13094
[State 3] Inst Executing 0x13096
[State 3] Inst Executing 0x13098
[State 3] Inst Executing 0x26a0
[State 3] Inst Executing 0x24fc
[State 3] Inst Executing 0x2500
[State 3] Inst Executing 0x2502
[State 3] Inst Executing 0x2504
[State 3] Inst Executing 0x2506
[State 3] Inst Executing 0x250a
[State 3] Inst Executing 0x250e
[State 3] Inst Executing 0x2512
[State 3] Inst Executing 0x2514
[State 3] Inst Executing 0x2516
[State 3] Inst Executing 0x2518
[State 3] Inst Executing 0xb040
[State 3] Inst Executing 0xb042
[State 3] Inst Executing 0xb046
[State 3] Inst Executing 0x6f94
[State 3] Inst Executing 0x6f96
[State 3] Inst Executing 0x6f98
[State 3] Inst Executing 0x6f9c
[State 3] Inst Executing 0x251c
[State 3] Inst Executing 0x251e
[State 3] Inst Executing 0x2520
[State 3] Inst Executing 0x2522
[State 3] Inst Executing 0x2526
[State 3] Inst Executing 0x2528
[State 3] Inst Executing 0xa14c
[State 3] Inst Executing 0xa14e
[State 3] Inst Executing 0xa150
[State 3] Inst Executing 0xa152
[State 3] Inst Executing 0xa154
[State 3] Inst Executing 0x6ff0
[State 3] Inst Executing 0x6ff2
[State 3] Inst Executing 0x6ff4
[State 3] Inst Executing 0x6ff6
[State 3] Inst Executing 0x6ff8
[State 3] Inst Executing 0x6ffa
[State 3] Inst Executing 0x6ffc
[State 3] Inst Executing 0x6ffe
[State 3] Inst Executing 0x252c
[State 3] Inst Executing 0x252e
[State 3] Inst Executing 0x2530
[State 3] Inst Executing 0x2532
[State 3] Inst Executing 0x2534
[State 3] Inst Executing 0x2536
[State 3] Inst Executing 0x2538
[State 3] Inst Executing 0x253a
[State 3] Inst Executing 0x267a
[State 3] Inst Executing 0x267e
[State 3] Inst Executing 0x2682
[State 3] Inst Executing 0x2568
[State 3] Inst Executing 0x256a
[State 3] Inst Executing 0xa14c
[State 3] Inst Executing 0xa14e
[State 3] Inst Executing 0xa150
[State 3] Inst Executing 0xa152
[State 3] Inst Executing 0xa154
[State 3] Inst Executing 0x6ff0
[State 3] Inst Executing 0x6ff2
[State 3] Inst Executing 0x6ff4
[State 3] Inst Executing 0x6ff6
[State 3] Inst Executing 0x6ff8
[State 3] Inst Executing 0x6ffa
[State 3] Inst Executing 0x6ffc
[State 3] Inst Executing 0x6ffe
[State 3] Inst Executing 0x256e
[State 3] Inst Executing 0xa160
[State 3] Inst Executing 0xa162
[State 3] Inst Executing 0xa164
[State 3] Inst Executing 0x11d94
[State 3] Inst Executing 0x11d96
[State 3] Inst Executing 0x11d98
[State 3] Inst Executing 0x11d9c
[State 3] Inst Executing 0x11da0
[State 3] Inst Executing 0x11da4
[State 3] Inst Executing 0x11da8
[State 3] Inst Executing 0x14fd8
[State 3] Inst Executing 0x14fda
[State 3] Inst Executing 0x14fde
[State 3] Inst Executing 0x14fe2
[State 3] Inst Executing 0x14fe6
[State 3] Inst Executing 0x14fea
[State 3] Inst Executing 0x14f4e
[State 3] Inst Executing 0x14f50
[State 3] Inst Executing 0x14f52
[State 3] Inst Executing 0x14f54
[State 3] Inst Executing 0x14f56
[State 3] Inst Executing 0x14f58
[State 3] Inst Executing 0x14f5a
[State 3] Inst Executing 0x14f5c
[State 3] Inst Executing 0x14fee
[State 3] Inst Executing 0x14ff0
[State 3] Inst Executing 0x14ff4
[State 3] Inst Executing 0x14ff8
[State 3] Inst Executing 0x14ffa
[State 3] Inst Executing 0x14ffe
[State 3] Inst Executing 0x15002
[State 3] Inst Executing 0x15006
[State 3] Inst Executing 0x1500a
[State 3] Inst Executing 0x1500c
[State 3] Inst Executing 0x1500e
[State 3] Inst Executing 0x11838
[State 3] Inst Executing 0x1183a
[State 3] Inst Executing 0x1183e
[State 3] Inst Executing 0x11840
[State 3] Inst Executing 0x1184e
[State 3] Inst Executing 0x11852
[State 3] Inst Executing 0x11854
[State 3] Inst Executing 0x11856
[State 3] Inst Executing 0x11858
[State 3] Inst Executing 0x1185c
[State 3] Inst Executing 0x15012
[State 3] Inst Executing 0x15014
[State 3] Inst Executing 0x15018
[State 3] Inst Executing 0x1501a
[State 3] Inst Executing 0x1501c
[State 3] Inst Executing 0x1501e
[State 3] Inst Executing 0x15022
[State 3] Inst Executing 0x15026
[State 3] Inst Executing 0x1502a
[State 3] Inst Executing 0x151a8
[State 3] Inst Executing 0x151aa
[State 3] Inst Executing 0x151ae
[State 3] Inst Executing 0x151b2
[State 3] Inst Executing 0x151b6
[State 3] Inst Executing 0x151ba
[State 3] Inst Executing 0x151bc
[State 3] Inst Executing 0x151ce
[State 3] Inst Executing 0x151d2
[State 3] Inst Executing 0x151c4
[State 3] Inst Executing 0x151c8
[State 3] Inst Executing 0x151cc
[State 3] Inst Executing 0x1502e
[State 3] Inst Executing 0x15030
[State 3] Inst Executing 0x11dac
[State 3] Inst Executing 0x11dae
[State 3] Inst Executing 0x11db0
[State 3] Inst Executing 0x11db2
[State 3] Inst Executing 0x14f62
[State 3] Inst Executing 0x14f64
[State 3] Inst Executing 0x14f68
[State 3] Inst Executing 0x14f6c
[State 3] Inst Executing 0x14f70
[State 3] Inst Executing 0x14f74
[State 3] Inst Executing 0x118e4
[State 3] Inst Executing 0x118e6
[State 3] Inst Executing 0x118e8
[State 3] Inst Executing 0x118ea
[State 3] Inst Executing 0x118ec
[State 3] Inst Executing 0x118ee
[State 3] Inst Executing 0x118f0
[State 3] Inst Executing 0x118f2
[State 3] Inst Executing 0x118f4
[State 3] Inst Executing 0x118f8
[State 3] Inst Executing 0x118fa
[State 3] Inst Executing 0x118fc
[State 3] Inst Executing 0x118fe
[State 3] Inst Executing 0x11900
[State 3] Inst Executing 0x11902
[State 3] Inst Executing 0x11904
[State 3] Inst Executing 0x11906
[State 3] Inst Executing 0x11936
[State 3] Inst Executing 0x1193a
[State 3] Inst Executing 0x1193c
[State 3] Inst Executing 0x1193e
[State 3] Inst Executing 0x11940
[State 3] Inst Executing 0x11926
[State 3] Inst Executing 0x11928
[State 3] Inst Executing 0x1192c
[State 3] Inst Executing 0x1192e
[State 3] Inst Executing 0x11930
[State 3] Inst Executing 0x11932
[State 3] Inst Executing 0x11864
[State 3] Inst Executing 0x11866
[State 3] Inst Executing 0x11868
[State 3] Inst Executing 0x1186a
[State 3] Inst Executing 0x1186e
[State 3] Inst Executing 0x14f4e
[State 3] Inst Executing 0x14f50
[State 3] Inst Executing 0x14f52
[State 3] Inst Executing 0x14f54
[State 3] Inst Executing 0x14f56
[State 3] Inst Executing 0x14f58
[State 3] Inst Executing 0x14f5a
[State 3] Inst Executing 0x14f5c
[State 3] Inst Executing 0x11872
[State 3] Inst Executing 0x11874
[State 3] Inst Executing 0x11876
[State 3] Inst Executing 0x11878
[State 3] Inst Executing 0x1187a
[State 3] Inst Executing 0x1187c
[State 3] Inst Executing 0x11880
[State 3] Inst Executing 0x11882
[State 3] Inst Executing 0x11886
[State 3] Inst Executing 0x11888
[State 3] Inst Executing 0x1188a
[State 3] Inst Executing 0x1188c
[State 3] Inst Executing 0x1188e
[State 3] Inst Executing 0x11890
[State 3] Inst Executing 0x11892
[State 3] Inst Executing 0x11894
[State 3] Inst Executing 0x11896
[State 3] Inst Executing 0x1189c
[State 3] Inst Executing 0x1189e
[State 3] Inst Executing 0x118a0
[State 3] Inst Executing 0x1178c
[State 3] Inst Executing 0x1178e
[State 3] Inst Executing 0x11790
[State 3] Inst Executing 0x11792
[State 3] Inst Executing 0x117ac
[State 3] Inst Executing 0x118a4
[State 3] Inst Executing 0x118a6
[State 3] Inst Executing 0x1189a
[State 3] Inst Executing 0x14f78
[State 3] Inst Executing 0x14f7c
[State 3] Inst Executing 0x14f80
[State 3] Inst Executing 0x11db6
[State 3] Inst Executing 0x11db8
[State 3] Inst Executing 0x11dba
[State 3] Inst Executing 0x11dbe
[State 3] Inst Executing 0x14ed2
[State 3] Inst Executing 0x14ed4
[State 3] Inst Executing 0x14ed8
[State 3] Inst Executing 0x14ede
[State 3] Inst Executing 0x14ee2
[State 3] Inst Executing 0x14ee6
[State 3] Inst Executing 0x2572
[State 3] Inst Executing 0x2576
[State 3] Inst Executing 0x2578
[State 3] Inst Executing 0x257a
[State 3] Inst Executing 0x257e
[State 3] Inst Executing 0x2580
[State 3] Inst Executing 0x2584
[State 3] Inst Executing 0x2586
[State 3] Inst Executing 0x258a
[State 3] Inst Executing 0x258c
[State 3] Inst Executing 0x2590
[State 3] Inst Executing 0x100
[State 3] Inst Executing 0x118
[State 3] Inst Executing 0x11c
[State 3] Inst Executing 0x120
[State 3] Inst Executing 0x130
[State 3] Inst Executing 0x134
[State 3] Inst Executing 0x136
[State 3] Inst Executing 0x138
[State 3] Inst Executing 0x13a
[State 3] Inst Executing 0x13c
[State 3] Inst Executing 0x13e
[State 3] Inst Executing 0x244
[State 3] Inst Executing 0x246
[State 3] Inst Executing 0x25a
[State 3] Inst Executing 0x25e
[State 3] Inst Executing 0x260
[State 3] Inst Executing 0x2f6
[State 3] Inst Executing 0x2fa
[State 3] Inst Executing 0x2fe
[State 3] Inst Executing 0x302
[State 3] Inst Executing 0x304
[State 3] Inst Executing 0x308
[State 3] Inst Executing 0x30c
[State 3] Inst Executing 0x310
[State 3] Inst Executing 0x312
[State 3] Inst Executing 0x316
[State 3] Inst Executing 0x31a
[State 3] Inst Executing 0x31e
[State 3] Inst Executing 0x322
[State 3] Inst Executing 0x326
[State 3] Inst Executing 0x32a
[State 3] Inst Executing 0x32e
[State 3] Inst Executing 0x330
[State 3] Inst Executing 0x334
[State 3] Inst Executing 0x338
[State 3] Inst Executing 0x34c
[State 3] Inst Executing 0x350
[State 3] Inst Executing 0x354
[State 3] Inst Executing 0x358
[State 3] Inst Executing 0x35c
[State 3] Inst Executing 0x360
[State 3] Inst Executing 0x364
[State 3] Inst Executing 0x366
[State 3] Inst Executing 0x378
[State 3] Inst Executing 0x37c
[State 3] Inst Executing 0x380
[State 3] Inst Executing 0x384
[State 3] Inst Executing 0x386
[State 3] Inst Executing 0x388
[State 3] Inst Executing 0x38a
[State 3] Inst Executing 0x38c
[State 3] Inst Executing 0x38e
[State 3] Inst Executing 0x390
[State 3] Inst Executing 0x394
[State 3] Inst Executing 0x398
[State 3] Inst Executing 0x39c
[State 3] Inst Executing 0x3a0
[State 3] Inst Executing 0x3a2
[State 3] Inst Executing 0x3a4
[State 3] Inst Executing 0x3a8
[State 3] Inst Executing 0x3aa
[State 3] Inst Executing 0x1d0
[State 3] Inst Executing 0x124
[State 3] Inst Executing 0x128
[State 3] Inst Executing 0x12c
[State 3] Inst Executing 0x12e
[State 3] Inst Executing 0x2594
[State 3] Inst Executing 0x2594
[State 3] Inst Executing 0x2598
[State 3] Inst Executing 0x259a
[State 3] Inst Executing 0x259e
[State 3] Inst Executing 0x25a2
[State 3] Inst Executing 0x25a6
[State 3] Inst Executing 0x25aa
[State 3] Inst Executing 0x25ac
[State 3] Inst Executing 0x25ae
[State 3] Inst Executing 0x25b0
[State 3] Inst Executing 0x25b2
[State 3] Inst Executing 0x25b6
[State 3] Inst Executing 0x25ba
[State 3] Inst Executing 0x25bc
[State 3] Inst Executing 0x7070
[State 3] Inst Executing 0x7072
[State 3] Inst Executing 0x7074
[State 3] Inst Executing 0x7076
[State 3] Inst Executing 0x70a0
[State 3] Inst Executing 0x70a4
[State 3] Inst Executing 0x70a6
[State 3] Inst Executing 0x70a8
[State 3] Inst Executing 0x70ac
[State 3] Inst Executing 0x70b0
[State 3] Inst Executing 0x70b2
[State 3] Inst Executing 0x70b4
[State 3] Inst Executing 0x70b6
[State 3] Inst Executing 0x70b8
[State 3] Inst Executing 0x70be
[State 3] Inst Executing 0x70c0
[State 3] Inst Executing 0x70c2
[State 3] Inst Executing 0x70c4
[State 3] Inst Executing 0x70c6
[State 3] Inst Executing 0x70c8
[State 3] Inst Executing 0x70ca
[State 3] Inst Executing 0x10450
[State 3] Inst Executing 0x10452
[State 3] Inst Executing 0x10454
[State 3] Inst Executing 0x10456
[State 3] Inst Executing 0x1045c
[State 3] Inst Executing 0x1045e
[State 3] Inst Executing 0x10462
[State 3] Inst Executing 0x10466
[State 3] Inst Executing 0x25c0
[State 3] Inst Executing 0x25c2
[State 3] Inst Executing 0x25c4
[State 3] Inst Executing 0xaa74
[State 3] Inst Executing 0xaa76
[State 3] Inst Executing 0xaa78
[State 3] Inst Executing 0xaa7a
[State 3] Inst Executing 0xaa7c
[State 3] Inst Executing 0xaa80
[State 3] Inst Executing 0xaa84
[State 3] Inst Executing 0x25c8
[State 3] Inst Executing 0x25ca
[State 3] Inst Executing 0x25cc
[State 3] Inst Executing 0x25ce
[State 3] Inst Executing 0x25d0
[State 3] Inst Executing 0x25d2
[State 3] Inst Executing 0x25d4
[State 3] Inst Executing 0x8050
[State 3] Inst Executing 0x8054
[State 3] Inst Executing 0x8058
[State 3] Inst Executing 0x805a
[State 3] Inst Executing 0x805e
[State 3] Inst Executing 0x8060
[State 3] Inst Executing 0x8062
[State 3] Inst Executing 0x8064
[State 3] Inst Executing 0x8068
[State 3] Inst Executing 0x806c
[State 3] Inst Executing 0x806e
[State 3] Inst Executing 0x8072
[State 3] Inst Executing 0x8076
[State 3] Inst Executing 0x807a
[State 3] Inst Executing 0x807c
[State 3] Inst Executing 0x807e
[State 3] Inst Executing 0x8080
[State 3] Inst Executing 0x8082
[State 3] Inst Executing 0x8084
[State 3] Inst Executing 0x8086
[State 3] Inst Executing 0x808a
[State 3] Inst Executing 0x808c
[State 3] Inst Executing 0x8090
[State 3] Inst Executing 0x8094
[State 3] Inst Executing 0x8098
[State 3] Inst Executing 0x809c
[State 3] Inst Executing 0x80a0
[State 3] Inst Executing 0x80a4
[State 3] Inst Executing 0x80a8
[State 3] Inst Executing 0x80aa
[State 3] Inst Executing 0x80ac
[State 3] Inst Executing 0x80ae
[State 3] Inst Executing 0x80b0
[State 3] Inst Executing 0x80b4
[State 3] Inst Executing 0x80b6
[State 3] Inst Executing 0x80ba
[State 3] Inst Executing 0x10478
[State 3] Inst Executing 0x1047a
[State 3] Inst Executing 0x1047c
[State 3] Inst Executing 0x80bc
[State 3] Inst Executing 0x80be
[State 3] Inst Executing 0x80c0
[State 3] Inst Executing 0x80c2
[State 3] Inst Executing 0x10484
[State 3] Inst Executing 0x10486
[State 3] Inst Executing 0x10488
[State 3] Inst Executing 0x1048a
[State 3] Inst Executing 0x1048c
[State 3] Inst Executing 0x1048e
[State 3] Inst Executing 0x104c4
[State 3] Inst Executing 0x104c6
[State 3] Inst Executing 0x104c8
[State 3] Inst Executing 0x104ca
[State 3] Inst Executing 0x104cc
[State 3] Inst Executing 0x104ce
[State 3] Inst Executing 0x104d0
[State 3] Inst Executing 0x104d2
[State 3] Inst Executing 0x70d8
[State 3] Inst Executing 0x70da
[State 3] Inst Executing 0x70dc
[State 3] Inst Executing 0x70de
[State 3] Inst Executing 0x70e0
[State 3] Inst Executing 0x712c
[State 3] Inst Executing 0x10414
[State 3] Inst Executing 0x10416
[State 3] Inst Executing 0x10418
[State 3] Inst Executing 0x10426
[State 3] Inst Executing 0x10428
[State 3] Inst Executing 0x1042a
[State 3] Inst Executing 0x1042c
[State 3] Inst Executing 0x10430
[State 3] Inst Executing 0x10434
[State 3] Inst Executing 0x10436
[State 3] Inst Executing 0x7130
[State 3] Inst Executing 0x7132
[State 3] Inst Executing 0x7134
[State 3] Inst Executing 0x7136
[State 3] Inst Executing 0x7138
[State 3] Inst Executing 0x103fc
[State 3] Inst Executing 0x103fe
[State 3] Inst Executing 0x10400
[State 3] Inst Executing 0x10402
[State 3] Inst Executing 0x10404
[State 3] Inst Executing 0x10406
[State 3] Inst Executing 0x34f0
[State 3] Inst Executing 0x34f2
[State 3] Inst Executing 0x34f4
[State 3] Inst Executing 0x34f8
[State 3] Inst Executing 0x34fc
[State 3] Inst Executing 0x34fe
[State 3] Inst Executing 0x3502
[State 3] Inst Executing 0x3504
[State 3] Inst Executing 0x713c
[State 3] Inst Executing 0x713e
[State 3] Inst Executing 0x7140
[State 3] Inst Executing 0x7144
[State 3] Inst Executing 0x7146
[State 3] Inst Executing 0x7148
[State 3] Inst Executing 0x714a
[State 3] Inst Executing 0x714e
[State 3] Inst Executing 0x7152
[State 3] Inst Executing 0x7154
[State 3] Inst Executing 0x7156
[State 3] Inst Executing 0x7158
[State 3] Inst Executing 0x715a
[State 3] Inst Executing 0x70e4
[State 3] Inst Executing 0x70e6
[State 3] Inst Executing 0x70e8
[State 3] Inst Executing 0x70ec
[State 3] Inst Executing 0x70fa
[State 3] Inst Executing 0x70fc
[State 3] Inst Executing 0x70fe
[State 3] Inst Executing 0x7102
[State 3] Inst Executing 0x7104
[State 3] Inst Executing 0x7108
[State 3] Inst Executing 0x710a
[State 3] Inst Executing 0x710c
[State 3] Inst Executing 0x710e
[State 3] Inst Executing 0x7110
[State 3] Inst Executing 0x7112
[State 3] Inst Executing 0x7114
[State 3] Inst Executing 0x7116
[State 3] Inst Executing 0x6ff0
[State 3] Inst Executing 0x6ff2
[State 3] Inst Executing 0x6ff4
[State 3] Inst Executing 0x6ff6
[State 3] Inst Executing 0x6ff8
[State 3] Inst Executing 0x6ffa
[State 3] Inst Executing 0x6ffc
[State 3] Inst Executing 0x6ffe
[State 3] Inst Executing 0x711a
[State 3] Inst Executing 0x711c
[State 3] Inst Executing 0x711e
[State 3] Inst Executing 0x7120
[State 3] Inst Executing 0x7122
[State 3] Inst Executing 0x7124
[State 3] Inst Executing 0x10450
[State 3] Inst Executing 0x10452
[State 3] Inst Executing 0x10454
[State 3] Inst Executing 0x10456
[State 3] Inst Executing 0x1045c
[State 3] Inst Executing 0x1045e
[State 3] Inst Executing 0x10462
[State 3] Inst Executing 0x10466
[State 3] Inst Executing 0x7128
[State 3] Inst Executing 0x712a
[State 3] Inst Executing 0x80c4
[State 3] Inst Executing 0x80c6
[State 3] Inst Executing 0x25d8
[State 3] Inst Executing 0x25dc
[State 3] Inst Executing 0x25de
[State 3] Inst Executing 0x25e0
[State 3] Inst Executing 0x25e2
[State 3] Inst Executing 0x25e4
[State 3] Inst Executing 0xb040
[State 3] Inst Executing 0xb042
[State 3] Inst Executing 0xb046
[State 3] Inst Executing 0x6f94
[State 3] Inst Executing 0x6f96
[State 3] Inst Executing 0x6f98
[State 3] Inst Executing 0x6f9c
[State 3] Inst Executing 0x25e8
[State 3] Inst Executing 0x25ec
[State 3] Inst Executing 0x25f0
[State 3] Inst Executing 0x25f2
[State 3] Inst Executing 0x25f6
[State 3] Inst Executing 0x25f8
[State 3] Inst Executing 0x25fa
[State 3] Inst Executing 0x25fc
[State 3] Inst Executing 0x100
[State 3] Inst Executing 0x118
[State 3] Inst Executing 0x11c
[State 3] Inst Executing 0x120
[State 3] Inst Executing 0x130
[State 3] Inst Executing 0x134
[State 3] Inst Executing 0x136
[State 3] Inst Executing 0x138
[State 3] Inst Executing 0x13a
[State 3] Inst Executing 0x13c
[State 3] Inst Executing 0x13e
[State 3] Inst Executing 0x244
[State 3] Inst Executing 0x246
[State 3] Inst Executing 0x25a
[State 3] Inst Executing 0x25e
[State 3] Inst Executing 0x260
[State 3] Inst Executing 0x2f6
[State 3] Inst Executing 0x2fa
[State 3] Inst Executing 0x2fe
[State 3] Inst Executing 0x302
[State 3] Inst Executing 0x304
[State 3] Inst Executing 0x308
[State 3] Inst Executing 0x30c
[State 3] Inst Executing 0x310
[State 3] Inst Executing 0x312
[State 3] Inst Executing 0x316
[State 3] Inst Executing 0x31a
[State 3] Inst Executing 0x31e
[State 3] Inst Executing 0x322
[State 3] Inst Executing 0x326
[State 3] Inst Executing 0x32a
[State 3] Inst Executing 0x32e
[State 3] Inst Executing 0x330
[State 3] Inst Executing 0x334
[State 3] Inst Executing 0x338
[State 3] Inst Executing 0x34c
[State 3] Inst Executing 0x350
[State 3] Inst Executing 0x354
[State 3] Inst Executing 0x358
[State 3] Inst Executing 0x35c
[State 3] Inst Executing 0x360
[State 3] Inst Executing 0x364
[State 3] Inst Executing 0x366
[State 3] Inst Executing 0x368
[State 3] Inst Executing 0x36a
[State 3] Inst Executing 0x36e
[State 3] Inst Executing 0x370
[State 3] Inst Executing 0x372
[State 3] Inst Executing 0x3cc
[State 3] Inst Executing 0x3ce
[State 3] Inst Executing 0x378
[State 3] Inst Executing 0x37c
[State 3] Inst Executing 0x380
[State 3] Inst Executing 0x384
[State 3] Inst Executing 0x386
[State 3] Inst Executing 0x388
[State 3] Inst Executing 0x38a
[State 3] Inst Executing 0x38c
[State 3] Inst Executing 0x38e
[State 3] Inst Executing 0x390
[State 3] Inst Executing 0x394
[State 3] Inst Executing 0x398
[State 3] Inst Executing 0x39c
[State 3] Inst Executing 0x3a0
[State 3] Inst Executing 0x3a2
[State 3] Inst Executing 0x3a4
[State 3] Inst Executing 0x3a8
[State 3] Inst Executing 0x3aa
[State 3] Inst Executing 0x1d0
[State 3] Inst Executing 0x1d0
[State 3] Inst Executing 0x124
[State 3] Inst Executing 0x128
[State 3] Inst Executing 0x12c
[State 3] Inst Executing 0x12e
[State 3] Inst Executing 0x2600
[State 3] Inst Executing 0x2602
[State 3] Inst Executing 0x2604
[State 3] Inst Executing 0x2608
[State 3] Inst Executing 0x260c
[State 3] Inst Executing 0x260e
[State 3] Inst Executing 0x2612
[State 3] Inst Executing 0x2616
[State 3] Inst Executing 0x261a
[State 3] Inst Executing 0x261c
[State 3] Inst Executing 0x261e
[State 3] Inst Executing 0x2620
[State 3] Inst Executing 0x2622
[State 3] Inst Executing 0x2624
[State 3] Inst Executing 0x2626
[State 3] Inst Executing 0x262a
[State 3] Inst Executing 0x262c
[State 3] Inst Executing 0x262e
[State 3] Inst Executing 0x2630
[State 3] Inst Executing 0x2634
[State 3] Inst Executing 0x2636
[State 3] Inst Executing 0x263a
[State 3] Inst Executing 0x263c
[State 3] Inst Executing 0x100
[State 3] Inst Executing 0x102
[State 3] Inst Executing 0x118
[State 3] Inst Executing 0x11c
[State 3] Inst Executing 0x120
[State 3] Inst Executing 0x130
[State 3] Inst Executing 0x134
[State 3] Inst Executing 0x136
[State 3] Inst Executing 0x138
[State 3] Inst Executing 0x13a
[State 3] Inst Executing 0x13c
[State 3] Inst Executing 0x13e
[State 3] Inst Executing 0x142
[State 3] Inst Executing 0x144
[State 3] Inst Executing 0x146
[State 3] Inst Executing 0x148
[State 3] Inst Executing 0x14c
[State 3] Inst Executing 0x14e
[State 3] Inst Executing 0x152
[State 3] Inst Executing 0x156
[State 3] Inst Executing 0x15a
[State 3] Inst Executing 0x15c
[State 3] Inst Executing 0x160
[State 3] Inst Executing 0x162
[State 3] Inst Executing 0x166
[State 3] Inst Executing 0x168
[State 3] Inst Executing 0x16c
[State 3] Inst Executing 0x16e
[State 3] Inst Executing 0x172
[State 3] Inst Executing 0x176
[State 3] Inst Executing 0x17a
[State 3] Inst Executing 0x17c
[State 3] Inst Executing 0x192
[State 3] Inst Executing 0x194
[State 3] Inst Executing 0x196
[State 3] Inst Executing 0x19a
[State 3] Inst Executing 0x19e
[State 3] Inst Executing 0x1a2
[State 3] Inst Executing 0x1a6
[State 3] Inst Executing 0x1a8
[State 3] Inst Executing 0x1be
[State 3] Inst Executing 0x1c0
[State 3] Inst Executing 0x1c4
[State 3] Inst Executing 0x1c6
[State 3] Inst Executing 0x1c8
[State 3] Inst Executing 0x1ca
[State 3] Inst Executing 0x1cc
[State 3] Inst Executing 0x1d0
[State 3] Inst Executing 0x124
[State 3] Inst Executing 0x128
[State 3] Inst Executing 0x12c
[State 3] Inst Executing 0x12e
[State 3] Inst Executing 0x2640
[State 3] Inst Executing 0x2642
[State 3] Inst Executing 0x2646
[State 3] Inst Executing 0x2648
[State 3] Inst Executing 0x264c
[State 3] Inst Executing 0x2650
[State 3] Inst Executing 0x100
[State 3] Inst Executing 0x118
[State 3] Inst Executing 0x11c
[State 3] Inst Executing 0x120
[State 3] Inst Executing 0x130
[State 3] Inst Executing 0x134
[State 3] Inst Executing 0x136
[State 3] Inst Executing 0x138
[State 3] Inst Executing 0x13a
[State 3] Inst Executing 0x13c
[State 3] Inst Executing 0x13e
[State 3] Inst Executing 0x244
[State 3] Inst Executing 0x246
[State 3] Inst Executing 0x25a
[State 3] Inst Executing 0x25e
[State 3] Inst Executing 0x260
[State 3] Inst Executing 0x2f6
[State 3] Inst Executing 0x2fa
[State 3] Inst Executing 0x2fe
[State 3] Inst Executing 0x302
[State 3] Inst Executing 0x304
[State 3] Inst Executing 0x308
[State 3] Inst Executing 0x30c
[State 3] Inst Executing 0x310
[State 3] Inst Executing 0x312
[State 3] Inst Executing 0x316
[State 3] Inst Executing 0x31a
[State 3] Inst Executing 0x31e
[State 3] Inst Executing 0x322
[State 3] Inst Executing 0x326
[State 3] Inst Executing 0x32a
[State 3] Inst Executing 0x32e
[State 3] Inst Executing 0x330
[State 3] Inst Executing 0x334
[State 3] Inst Executing 0x338
[State 3] Inst Executing 0x34c
[State 3] Inst Executing 0x350
[State 3] Inst Executing 0x354
[State 3] Inst Executing 0x358
[State 3] Inst Executing 0x35c
[State 3] Inst Executing 0x360
[State 3] Inst Executing 0x364
[State 3] Inst Executing 0x366
[State 3] Inst Executing 0x378
[State 3] Inst Executing 0x37c
[State 3] Inst Executing 0x380
[State 3] Inst Executing 0x384
[State 3] Inst Executing 0x386
[State 3] Inst Executing 0x388
[State 3] Inst Executing 0x38a
[State 3] Inst Executing 0x38c
[State 3] Inst Executing 0x38e
[State 3] Inst Executing 0x390
[State 3] Inst Executing 0x394
[State 3] Inst Executing 0x398
[State 3] Inst Executing 0x39c
[State 3] Inst Executing 0x3a0
[State 3] Inst Executing 0x3a2
[State 3] Inst Executing 0x3a4
[State 3] Inst Executing 0x3a8
[State 3] Inst Executing 0x3aa
[State 3] Inst Executing 0x1d0
[State 3] Inst Executing 0x124
[State 3] Inst Executing 0x128
[State 3] Inst Executing 0x12c
[State 3] Inst Executing 0x12e
[State 3] Inst Executing 0x2654
[State 3] Inst Executing 0x2656
[State 3] Inst Executing 0x2658
[State 3] Inst Executing 0x265c
[State 3] Inst Executing 0x265e
[State 3] Inst Executing 0x2660
[State 3] Inst Executing 0x2662
[State 3] Inst Executing 0x2664
[State 3] Inst Executing 0x2666
[State 3] Inst Executing 0x7f04
[State 3] Inst Executing 0x7f08
[State 3] Inst Executing 0x7f0c
[State 3] Inst Executing 0x7f10
[State 3] Inst Executing 0x7f12
[State 3] Inst Executing 0x7f16
[State 3] Inst Executing 0x7f18
[State 3] Inst Executing 0x7f1a
[State 3] Inst Executing 0x7f1e
[State 3] Inst Executing 0x7f22
[State 3] Inst Executing 0x7f26
[State 3] Inst Executing 0x7f2a
[State 3] Inst Executing 0x7f2e
[State 3] Inst Executing 0x7f30
[State 3] Inst Executing 0x7f32
[State 3] Inst Executing 0x7f34
[State 3] Inst Executing 0x7f38
[State 3] Inst Executing 0x7f3a
[State 3] Inst Executing 0x7f3c
[State 3] Inst Executing 0x7f3e
[State 3] Inst Executing 0x7f40
[State 3] Inst Executing 0x7f44
[State 3] Inst Executing 0x7f46
[State 3] Inst Executing 0x7f4a
[State 3] Inst Executing 0x7f4e
[State 3] Inst Executing 0x7f52
[State 3] Inst Executing 0x7f56
[State 3] Inst Executing 0x7f5a
[State 3] Inst Executing 0x7f5e
[State 3] Inst Executing 0x7f60
[State 3] Inst Executing 0x7f62
[State 3] Inst Executing 0x7f64
[State 3] Inst Executing 0x7f66
[State 3] Inst Executing 0x7f68
[State 3] Inst Executing 0x7f6a
[State 3] Inst Executing 0x7f6c
[State 3] Inst Executing 0x7f6e
[State 3] Inst Executing 0x7f70
[State 3] Inst Executing 0x7f72
[State 3] Inst Executing 0x7f74
[State 3] Inst Executing 0x7f76
[State 3] Inst Executing 0x7f78
[State 3] Inst Executing 0x7f7a
[State 3] Inst Executing 0x7f7c
[State 3] Inst Executing 0x7f7e
[State 3] Inst Executing 0x7f80
[State 3] Inst Executing 0x7f82
[State 3] Inst Executing 0x7f86
[State 3] Inst Executing 0x7f88
[State 3] Inst Executing 0x7f8a
[State 3] Inst Executing 0x7f8e
[State 3] Inst Executing 0x7f92
[State 3] Inst Executing 0x10478
[State 3] Inst Executing 0x1047a
[State 3] Inst Executing 0x1047c
[State 3] Inst Executing 0x7f94
[State 3] Inst Executing 0x7f96
[State 3] Inst Executing 0x7f98
[State 3] Inst Executing 0x7f9a
[State 3] Inst Executing 0x10484
[State 3] Inst Executing 0x10486
[State 3] Inst Executing 0x10488
[State 3] Inst Executing 0x1048a
[State 3] Inst Executing 0x1048c
[State 3] Inst Executing 0x1048e
[State 3] Inst Executing 0x104c4
[State 3] Inst Executing 0x104c6
[State 3] Inst Executing 0x104c8
[State 3] Inst Executing 0x104ca
[State 3] Inst Executing 0x104cc
[State 3] Inst Executing 0x104ce
[State 3] Inst Executing 0x104d0
[State 3] Inst Executing 0x104d2
[State 3] Inst Executing 0x70d8
[State 3] Inst Executing 0x70da
[State 3] Inst Executing 0x70dc
[State 3] Inst Executing 0x70de
[State 3] Inst Executing 0x70e0
[State 3] Inst Executing 0x712c
[State 3] Inst Executing 0x10414
[State 3] Inst Executing 0x10416
[State 3] Inst Executing 0x10418
[State 3] Inst Executing 0x10426
[State 3] Inst Executing 0x10428
[State 3] Inst Executing 0x1042a
[State 3] Inst Executing 0x1042c
[State 3] Inst Executing 0x10430
[State 3] Inst Executing 0x10434
[State 3] Inst Executing 0x10436
[State 3] Inst Executing 0x7130
[State 3] Inst Executing 0x7132
[State 3] Inst Executing 0x7134
[State 3] Inst Executing 0x7136
[State 3] Inst Executing 0x7138
[State 3] Inst Executing 0x103fc
[State 3] Inst Executing 0x103fe
[State 3] Inst Executing 0x10400
[State 3] Inst Executing 0x10402
[State 3] Inst Executing 0x10404
[State 3] Inst Executing 0x10406
[State 3] Inst Executing 0x34f0
[State 3] Inst Executing 0x34f2
[State 3] Inst Executing 0x34f4
[State 3] Inst Executing 0x34f8
[State 3] Inst Executing 0x34fc
[State 3] Inst Executing 0x34fe
[State 3] Inst Executing 0x3502
[State 3] Inst Executing 0x3504
[State 3] Inst Executing 0x713c
[State 3] Inst Executing 0x713e
[State 3] Inst Executing 0x7140
[State 3] Inst Executing 0x7144
[State 3] Inst Executing 0x7146
[State 3] Inst Executing 0x7148
[State 3] Inst Executing 0x714a
[State 3] Inst Executing 0x714e
[State 3] Inst Executing 0x7152
[State 3] Inst Executing 0x7154
[State 3] Inst Executing 0x7156
[State 3] Inst Executing 0x7158
[State 3] Inst Executing 0x715a
[State 3] Inst Executing 0x70e4
[State 3] Inst Executing 0x70e6
[State 3] Inst Executing 0x70e8
[State 3] Inst Executing 0x70ec
[State 3] Inst Executing 0x70ee
[State 3] Inst Executing 0x70f0
[State 3] Inst Executing 0x7174
[State 3] Inst Executing 0x7176
[State 3] Inst Executing 0x7f9c
[State 3] Inst Executing 0x7f9e
[State 3] Inst Executing 0x7f9e
[State 3] Inst Executing 0x266a
[State 3] Inst Executing 0x266c
[State 3] Inst Executing 0x266e
[State 3] Inst Executing 0x2670
[State 3] Inst Executing 0x7070
[State 3] Inst Executing 0x7072
[State 3] Inst Executing 0x7074
[State 3] Inst Executing 0x7076
[State 3] Inst Executing 0x7078
[State 3] Inst Executing 0x707c
[State 3] Inst Executing 0x707e
[State 3] Inst Executing 0x7080
[State 3] Inst Executing 0x7084
[State 3] Inst Executing 0x7088
[State 3] Inst Executing 0x708a
[State 3] Inst Executing 0x708c
[State 3] Inst Executing 0x708e
[State 3] Inst Executing 0x7090
[State 3] Inst Executing 0x7092
[State 3] Inst Executing 0x7094
[State 3] Inst Executing 0x7096
[State 3] Inst Executing 0x7098
[State 3] Inst Executing 0x709a
[State 3] Inst Executing 0x709c
[State 3] Inst Executing 0x103f0
[State 3] Inst Executing 0x103f2
[State 3] Inst Executing 0x103f4
[State 3] Inst Executing 0x34a8
[State 3] Inst Executing 0x34aa
[State 3] Inst Executing 0x34ac
[State 3] Inst Executing 0x34ae
[State 3] Inst Executing 0x34b0
[State 3] Inst Executing 0x34b4
[State 3] Inst Executing 0x34b8
[State 3] Inst Executing 0x34ba
[State 3] Inst Executing 0x34bc
[State 3] Inst Executing 0x34c0
[State 3] Inst Executing 0x2674
[State 3] Inst Executing 0x2676
[State 3] Inst Executing 0x9814
[State 3] Inst Executing 0x96b0
[State 3] Inst Executing 0x96b4
[State 3] Inst Executing 0x96b6
[State 3] Inst Executing 0x7000
[State 3] Inst Executing 0x7002
[State 3] Inst Executing 0x7004
[State 3] Inst Executing 0x7006
[State 3] Inst Executing 0x7008
[State 3] Inst Executing 0x700a
[State 3] Inst Executing 0x96ba
[State 3] Inst Executing 0x96bc
[State 3] Inst Executing 0x96be
[State 3] Inst Executing 0x96c0
[State 3] Inst Executing 0x96c2
[State 3] Inst Executing 0x96c4
[State 3] Inst Executing 0x96c6
[State 3] Inst Executing 0x96c8
[State 3] Inst Executing 0xd350
[State 3] Inst Executing 0xd352
[State 3] Inst Executing 0xd354
[State 3] Inst Executing 0xd356
[State 3] Inst Executing 0xd358
[State 3] Inst Executing 0xd35a
[State 3] Inst Executing 0xd374
[State 3] Inst Executing 0xd376
[State 3] Inst Executing 0xd370
[State 3] Inst Executing 0xd372
[State 3] Inst Executing 0x96cc
[State 3] Inst Executing 0x96ce
[State 3] Inst Executing 0x96d0
[State 3] Inst Executing 0x97a8
[State 3] Inst Executing 0x97aa
[State 3] Inst Executing 0x97ac
[State 3] Inst Executing 0x97ae
[State 3] Inst Executing 0x97b0
[State 3] Inst Executing 0x97b2
[State 3] Inst Executing 0x97b6
[State 3] Inst Executing 0x97b8
[State 3] Inst Executing 0x982a
[State 3] Inst Executing 0x982c
[State 3] Inst Executing 0x982e
[State 3] Inst Executing 0x9830
[State 3] Inst Executing 0x7010
[State 3] Inst Executing 0x7012
[State 3] Inst Executing 0x7014
[State 3] Inst Executing 0x7016
[State 3] Inst Executing 0x7024
[State 3] Inst Executing 0x7026
[State 3] Inst Executing 0x701c
[State 3] Inst Executing 0x701e
[State 3] Inst Executing 0x7020
[State 3] Inst Executing 0x7022
[State 3] Inst Executing 0x9834
[State 3] Inst Executing 0x9836
[State 3] Inst Executing 0x983a
[State 3] Inst Executing 0x983e
[State 3] Inst Executing 0x9840
[State 3] Inst Executing 0x9844
[State 3] Inst Executing 0x9848
[State 3] Inst Executing 0x984c
[State 3] Inst Executing 0x9850
[State 3] Inst Executing 0x9854
[State 3] Inst Executing 0x9856
[State 3] Inst Executing 0x9858
[State 3] Inst Executing 0x985a
[State 3] Inst Executing 0x985c
[State 3] Inst Executing 0x985e
[State 3] Inst Executing 0x9860
[State 3] Inst Executing 0x9864
[State 3] Inst Executing 0x9868
[State 3] Inst Executing 0x986a
[State 3] Inst Executing 0x986c
[State 3] Inst Executing 0x9870
[State 3] Inst Executing 0x9874
[State 3] Inst Executing 0x9876
[State 3] Inst Executing 0x987a
[State 3] Inst Executing 0x987c
[State 3] Inst Executing 0x987e
[State 3] Inst Executing 0x9880
[State 3] Inst Executing 0x9884
[State 3] Inst Executing 0x9886
[State 3] Inst Executing 0x98de
[State 3] Inst Executing 0x98e2
[State 3] Inst Executing 0x98e6
[State 3] Inst Executing 0x98ea
[State 3] Inst Executing 0x98ec
[State 3] Inst Executing 0x98ee
[State 3] Inst Executing 0x98f2
[State 3] Inst Executing 0x98f4
[State 3] Inst Executing 0x98f8
[State 3] Inst Executing 0x98fc
[State 3] Inst Executing 0x98fe
[State 3] Inst Executing 0x96b0
[State 3] Inst Executing 0x96b4
[State 3] Inst Executing 0x96b6
[State 3] Inst Executing 0x7000
[State 3] Inst Executing 0x7002
[State 3] Inst Executing 0x700c
[State 3] Inst Executing 0x700e
[State 3] Inst Executing 0x96ba
[State 3] Inst Executing 0x96bc
[State 3] Inst Executing 0x96be
[State 3] Inst Executing 0x973c
[State 3] Inst Executing 0x973e
[State 3] Inst Executing 0x9740
[State 3] Inst Executing 0x9744
[State 3] Inst Executing 0xd31c
[State 3] Inst Executing 0xd31e
[State 3] Inst Executing 0xd320
[State 3] Inst Executing 0xd322
[State 3] Inst Executing 0xd324
[State 3] Inst Executing 0xd326
[State 3] Inst Executing 0xd328
[State 3] Inst Executing 0xd346
[State 3] Inst Executing 0xd348
[State 3] Inst Executing 0xd342
[State 3] Inst Executing 0xd344
[State 3] Inst Executing 0x9748
[State 3] Inst Executing 0x974a
[State 3] Inst Executing 0x974c
[State 3] Inst Executing 0x9824
[State 3] Inst Executing 0x9826
[State 3] Inst Executing 0x71e8
[State 3] Inst Executing 0x71ea
[State 3] Inst Executing 0x71ec
[State 3] Inst Executing 0x71f0
[State 3] Inst Executing 0x71f2
[State 3] Inst Executing 0x71f6
[State 3] Inst Executing 0x71fa
[State 3] Inst Executing 0x71fc
[State 3] Inst Executing 0x7200
[State 3] Inst Executing 0x7202
[State 3] Inst Executing 0x7206
[State 3] Inst Executing 0x7208
[State 3] Inst Executing 0x7010
[State 3] Inst Executing 0x7012
[State 3] Inst Executing 0x7014
[State 3] Inst Executing 0x7016
[State 3] Inst Executing 0x7024
[State 3] Inst Executing 0x7026
[State 3] Inst Executing 0x701c
[State 3] Inst Executing 0x701e
[State 3] Inst Executing 0x7020
[State 3] Inst Executing 0x7022
[State 3] Inst Executing 0x720c
[State 3] Inst Executing 0x720e
[State 3] Inst Executing 0x7210
[State 3] Inst Executing 0x7214
[State 3] Inst Executing 0x7216
[State 3] Inst Executing 0x721a
[State 3] Inst Executing 0x721c
[State 3] Inst Executing 0x7220
[State 3] Inst Executing 0x7222
[State 3] Inst Executing 0x7224
[State 3] Inst Executing 0x7226
[State 3] Inst Executing 0x7228
[State 3] Inst Executing 0x722a
[State 3] Inst Executing 0x7000
[State 3] Inst Executing 0x7002
[State 3] Inst Executing 0x700c
[State 3] Inst Executing 0x700e
[State 3] Inst Executing 0x722e
[State 3] Inst Executing 0x7230
[State 3] Inst Executing 0x7232
[State 3] Inst Executing 0x7288
[State 3] Inst Executing 0x728c
[State 3] Inst Executing 0x728e
[State 3] Inst Executing 0x7290
[State 3] Inst Executing 0x7238
[State 3] Inst Executing 0x723c
[State 3] Inst Executing 0x7240
[State 3] Inst Executing 0x7242
[State 3] Inst Executing 0x724c
[State 3] Inst Executing 0x7250
[State 3] Inst Executing 0x7254
[State 3] Inst Executing 0x7256
[State 3] Inst Executing 0x7260
[State 3] Inst Executing 0x7264
[State 3] Inst Executing 0x7268
[State 3] Inst Executing 0x726c
[State 3] Inst Executing 0x7270
[State 3] Inst Executing 0x7272
[State 3] Inst Executing 0x7276
[State 3] Inst Executing 0x72a6
[State 3] Inst Executing 0x72a8
[State 3] Inst Executing 0xe560
[State 3] Inst Executing 0xe564
[State 3] Inst Executing 0xe566
[State 3] Inst Executing 0x7180
[State 3] Inst Executing 0x7182
[State 3] Inst Executing 0x7184
[State 3] Inst Executing 0x7186
[State 3] Inst Executing 0x718a
[State 3] Inst Executing 0x718e
[State 3] Inst Executing 0x7190
[State 3] Inst Executing 0x7194
[State 3] Inst Executing 0x7196
[State 3] Inst Executing 0x7198
[State 3] Inst Executing 0x719c
[State 3] Inst Executing 0x719e
[State 3] Inst Executing 0x71a2
[State 3] Inst Executing 0x71a6
[State 3] Inst Executing 0x71a8
[State 3] Inst Executing 0x71ac
[State 3] Inst Executing 0x71ae
[State 3] Inst Executing 0x71b2
[State 3] Inst Executing 0x71b4
[State 3] Inst Executing 0x71b6
[State 3] Inst Executing 0x71b8
[State 3] Inst Executing 0x71bc
[State 3] Inst Executing 0x71be
[State 3] Inst Executing 0x71c0
[State 3] Inst Executing 0x7000
[State 3] Inst Executing 0x7002
[State 3] Inst Executing 0x700c
[State 3] Inst Executing 0x700e
[State 3] Inst Executing 0x71c4
[State 3] Inst Executing 0x71c8
[State 3] Inst Executing 0x71ca
[State 3] Inst Executing 0x71cc
[State 3] Inst Executing 0x7238
[State 3] Inst Executing 0x723c
[State 3] Inst Executing 0x7240
[State 3] Inst Executing 0x7242
[State 3] Inst Executing 0x724c
[State 3] Inst Executing 0x7250
[State 3] Inst Executing 0x7254
[State 3] Inst Executing 0x7256
[State 3] Inst Executing 0x7260
[State 3] Inst Executing 0x7264
[State 3] Inst Executing 0x7268
[State 3] Inst Executing 0x726c
[State 3] Inst Executing 0x7270
[State 3] Inst Executing 0x71b6
[State 3] Inst Executing 0x71b8
[State 3] Inst Executing 0x71bc
[State 3] Inst Executing 0x71be
[State 3] Inst Executing 0x71c0
[State 3] Inst Executing 0x7000
[State 3] Inst Executing 0x7002
[State 3] Inst Executing 0x700c
[State 3] Inst Executing 0x700e
[State 3] Inst Executing 0x71c4
[State 3] Inst Executing 0x71c8
[State 3] Inst Executing 0x71ca
[State 3] Inst Executing 0x71cc
[State 3] Inst Executing 0x7238
[State 3] Inst Executing 0x723c
[State 3] Inst Executing 0x7240
[State 3] Inst Executing 0x7242
[State 3] Inst Executing 0x724c
[State 3] Inst Executing 0x7250
[State 3] Inst Executing 0x7254
[State 3] Inst Executing 0x7256
[State 3] Inst Executing 0x7260
[State 3] Inst Executing 0x7264
[State 3] Inst Executing 0x7268
[State 3] Inst Executing 0x726c
[State 3] Inst Executing 0x7270
[State 3] Inst Executing 0x71b6
[State 3] Inst Executing 0x71b8
[State 3] Inst Executing 0x71bc
[State 3] Inst Executing 0x71be
[State 3] Inst Executing 0x71c0
[State 3] Inst Executing 0x7000
[State 3] Inst Executing 0x7002
[State 3] Inst Executing 0x7004
[State 3] Inst Executing 0x7006
[State 3] Inst Executing 0x7008
[State 3] Inst Executing 0x700a
[State 3] Inst Executing 0x71c4
[State 3] Inst Executing 0x71c8
[State 3] Inst Executing 0x71ca
[State 3] Inst Executing 0x71cc
[State 3] Inst Executing 0x71ce
[State 3] Inst Executing 0x71d0
[State 3] Inst Executing 0x71d2
[State 3] Inst Executing 0x71d4
[State 3] Inst Executing 0x71d6
[State 3] Inst Executing 0x71da
[State 3] Inst Executing 0x71dc
[State 3] Inst Executing 0x71de
[State 3] Inst Executing 0x71e0
[State 3] Inst Executing 0x71e2
[State 3] Inst Executing 0x71e6
[State 3] Inst Executing 0x77fc
[State 3] Inst Executing 0x77fe
[State 3] Inst Executing 0x7800
[State 3] Inst Executing 0x7804
[State 3] Inst Executing 0x7808
[State 3] Inst Executing 0x780a
[State 3] Inst Executing 0x780c
[State 3] Inst Executing 0x780e
[State 3] Inst Executing 0x7810
[State 3] Inst Executing 0x7812
[State 3] Inst Executing 0x7814
[State 3] Inst Executing 0x7816
[State 3] Inst Executing 0x781a
[State 3] Inst Executing 0x781e
[State 3] Inst Executing 0x7924
[State 3] Inst Executing 0x7928
[State 3] Inst Executing 0x792c
[State 3] Inst Executing 0x792e
[State 3] Inst Executing 0x7932
[State 3] Inst Executing 0x7934
[State 3] Inst Executing 0x7938
[State 3] Inst Executing 0x793a
[State 3] Inst Executing 0x793e
[State 3] Inst Executing 0x7940
[State 3] Inst Executing 0x7944
[State 3] Inst Executing 0x7948
[State 3] Inst Executing 0x794a
[State 3] Inst Executing 0x794c
[State 3] Inst Executing 0x786e
[State 3] Inst Executing 0x7870
[State 3] Inst Executing 0x7874
[State 3] Inst Executing 0x7876
[State 3] Inst Executing 0x7878
[State 3] Inst Executing 0x787a
[State 3] Inst Executing 0x787e
[State 3] Inst Executing 0x7882
[State 3] Inst Executing 0x7884
[State 3] Inst Executing 0x7888
[State 3] Inst Executing 0x788c
[State 3] Inst Executing 0x788e
[State 3] Inst Executing 0x7890
[State 3] Inst Executing 0x7894
[State 3] Inst Executing 0x7896
[State 3] Inst Executing 0x7898
[State 3] Inst Executing 0x789c
[State 3] Inst Executing 0x789e
[State 3] Inst Executing 0x78a2
[State 3] Inst Executing 0x798e
[State 3] Inst Executing 0x7990
[State 3] Inst Executing 0x7992
[State 3] Inst Executing 0x7996
[State 3] Inst Executing 0x799a
[State 3] Inst Executing 0x799c
[State 3] Inst Executing 0x787e
[State 3] Inst Executing 0x7882
[State 3] Inst Executing 0x7884
[State 3] Inst Executing 0x7888
[State 3] Inst Executing 0x788c
[State 3] Inst Executing 0x788e
[State 3] Inst Executing 0x7890
[State 3] Inst Executing 0x7894
[State 3] Inst Executing 0x7896
[State 3] Inst Executing 0x7898
[State 3] Inst Executing 0x789c
[State 3] Inst Executing 0x789e
[State 3] Inst Executing 0x78a2
[State 3] Inst Executing 0x798e
[State 3] Inst Executing 0x7990
[State 3] Inst Executing 0x7992
[State 3] Inst Executing 0x7996
[State 3] Inst Executing 0x799a
[State 3] Inst Executing 0x799c
[State 3] Inst Executing 0x787e
[State 3] Inst Executing 0x7882
[State 3] Inst Executing 0x7884
[State 3] Inst Executing 0x7888
[State 3] Inst Executing 0x788c
[State 3] Inst Executing 0x788e
[State 3] Inst Executing 0x7890
[State 3] Inst Executing 0x7894
[State 3] Inst Executing 0x7896
[State 3] Inst Executing 0x7898
[State 3] Inst Executing 0x789c
[State 3] Inst Executing 0x789e
[State 3] Inst Executing 0x78a2
[State 3] Inst Executing 0x78a4
[State 3] Inst Executing 0x78a8
[State 3] Inst Executing 0x78aa
[State 3] Inst Executing 0x78ac
[State 3] Inst Executing 0x78ae
[State 3] Inst Executing 0x78b2
[State 3] Inst Executing 0x78b4
[State 3] Inst Executing 0x78b6
[State 3] Inst Executing 0x78b8
[State 3] Inst Executing 0x78ba
[State 3] Inst Executing 0x78be
[State 3] Inst Executing 0x78c0
[State 3] Inst Executing 0x78c2
[State 3] Inst Executing 0x78c6
[State 3] Inst Executing 0x78ca
[State 3] Inst Executing 0x78cc
[State 3] Inst Executing 0x78d0
[State 3] Inst Executing 0x78d4
[State 3] Inst Executing 0x78d8
[State 3] Inst Executing 0x78dc
[State 3] Inst Executing 0x78de
[State 3] Inst Executing 0x78e2
[State 3] Inst Executing 0x78e4
[State 3] Inst Executing 0x78e6
[State 3] Inst Executing 0x78e8
[State 3] Inst Executing 0x78ec
[State 3] Inst Executing 0x7328
[State 3] Inst Executing 0x732a
[State 3] Inst Executing 0x732c
[State 3] Inst Executing 0x732e
[State 3] Inst Executing 0x7330
[State 3] Inst Executing 0x7332
[State 3] Inst Executing 0x7336
[State 3] Inst Executing 0x733a
[State 3] Inst Executing 0x7388
[State 3] Inst Executing 0x738a
[State 3] Inst Executing 0x738c
[State 3] Inst Executing 0x738e
[State 3] Inst Executing 0x7390
[State 3] Inst Executing 0x7362
[State 3] Inst Executing 0x7364
[State 3] Inst Executing 0x7366
[State 3] Inst Executing 0x7368
[State 3] Inst Executing 0x736c
[State 3] Inst Executing 0x736e
[State 3] Inst Executing 0x7372
[State 3] Inst Executing 0x7382
[State 3] Inst Executing 0x7384
[State 3] Inst Executing 0x7386
[State 3] Inst Executing 0x78f0
[State 3] Inst Executing 0x78f2
[State 3] Inst Executing 0x78f4
[State 3] Inst Executing 0x78f6
[State 3] Inst Executing 0x78f8
[State 3] Inst Executing 0x78fa
[State 3] Inst Executing 0x78fc
[State 3] Inst Executing 0x78fe
[State 3] Inst Executing 0x7902
[State 3] Inst Executing 0x7904
[State 3] Inst Executing 0x7906
[State 3] Inst Executing 0x794e
[State 3] Inst Executing 0xf938
[State 3] Inst Executing 0xf93a
[State 3] Inst Executing 0xf93a
[State 3] Inst Executing 0xf93e
[State 3] Inst Executing 0x7952
[State 3] Inst Executing 0x7956
[State 3] Inst Executing 0x7958
[State 3] Inst Executing 0x795a
[State 3] Inst Executing 0x795e
[State 3] Inst Executing 0x7960
[State 3] Inst Executing 0x7962
[State 3] Inst Executing 0x7966
[State 3] Inst Executing 0x7968
[State 3] Inst Executing 0x796a
[State 3] Inst Executing 0x796c
[State 3] Inst Executing 0x796e
[State 3] Inst Executing 0x7972
[State 3] Inst Executing 0x7908
[State 3] Inst Executing 0x790a
[State 3] Inst Executing 0x790c
[State 3] Inst Executing 0x790e
[State 3] Inst Executing 0x7910
[State 3] Inst Executing 0x7912
[State 3] Inst Executing 0x7914
[State 3] Inst Executing 0xd740
[State 3] Inst Executing 0x7916
[State 3] Inst Executing 0x791a
[State 3] Inst Executing 0x791e
[State 3] Inst Executing 0x7920
[State 3] Inst Executing 0x7922
[State 3] Inst Executing 0x7890
[State 3] Inst Executing 0x7894
[State 3] Inst Executing 0x7896
[State 3] Inst Executing 0x7898
[State 3] Inst Executing 0x789c
[State 3] Inst Executing 0x789e
[State 3] Inst Executing 0x78a2
[State 3] Inst Executing 0x78a4
[State 3] Inst Executing 0x78a8
[State 3] Inst Executing 0x78aa
[State 3] Inst Executing 0x78ac
[State 3] Inst Executing 0x78ae
[State 3] Inst Executing 0x78b2
[State 3] Inst Executing 0x78b4
[State 3] Inst Executing 0x78b6
[State 3] Inst Executing 0x7974
[State 3] Inst Executing 0x7976
[State 3] Inst Executing 0x7890
[State 3] Inst Executing 0x7894
[State 3] Inst Executing 0x7896
[State 3] Inst Executing 0x7898
[State 3] Inst Executing 0x789c
[State 3] Inst Executing 0x789e
[State 3] Inst Executing 0x78a2
[State 3] Inst Executing 0x798e
[State 3] Inst Executing 0x7990
[State 3] Inst Executing 0x7992
[State 3] Inst Executing 0x7996
[State 3] Inst Executing 0x799a
[State 3] Inst Executing 0x799c
[State 3] Inst Executing 0x787e
[State 3] Inst Executing 0x7882
[State 3] Inst Executing 0x7884
[State 3] Inst Executing 0x7888
[State 3] Inst Executing 0x788c
[State 3] Inst Executing 0x788e
[State 3] Inst Executing 0x7890
[State 3] Inst Executing 0x7894
[State 3] Inst Executing 0x7896
[State 3] Inst Executing 0x7898
[State 3] Inst Executing 0x789c
[State 3] Inst Executing 0x789e
[State 3] Inst Executing 0x78a2
[State 3] Inst Executing 0x798e
[State 3] Inst Executing 0x7990
[State 3] Inst Executing 0x7992
[State 3] Inst Executing 0x7996
[State 3] Inst Executing 0x7b22
[State 3] Inst Executing 0x7b24
[State 3] Inst Executing 0x7b28
[State 3] Inst Executing 0x7b2c
[State 3] Inst Executing 0x7b30
[State 3] Inst Executing 0x7b32
[State 3] Inst Executing 0x7b34
[State 3] Inst Executing 0x7b38
[State 3] Inst Executing 0x7b3a
[State 3] Inst Executing 0x7cb4
[State 3] Inst Executing 0x7cb6
[State 3] Inst Executing 0x7cb8
[State 3] Inst Executing 0x7398
[State 3] Inst Executing 0x739c
[State 3] Inst Executing 0x739e
[State 3] Inst Executing 0x73a0
[State 3] Inst Executing 0x73a2
[State 3] Inst Executing 0x73a4
[State 3] Inst Executing 0x73a6
[State 3] Inst Executing 0x73a8
[State 3] Inst Executing 0x73aa
[State 3] Inst Executing 0x73ac
[State 3] Inst Executing 0x73b0
[State 3] Inst Executing 0x73b2
[State 3] Inst Executing 0x73b4
[State 3] Inst Executing 0x73b8
[State 3] Inst Executing 0x73ba
[State 3] Inst Executing 0x73bc
[State 3] Inst Executing 0x73be
[State 3] Inst Executing 0x73c2
[State 3] Inst Executing 0x73c4
[State 3] Inst Executing 0x73c6
[State 3] Inst Executing 0x73c8
[State 3] Inst Executing 0x73ca
[State 3] Inst Executing 0x73cc
[State 3] Inst Executing 0x75aa
[State 3] Inst Executing 0x75ac
[State 3] Inst Executing 0x75b0
[State 3] Inst Executing 0x75b2
[State 3] Inst Executing 0x75b4
[State 3] Inst Executing 0x75b8
[State 3] Inst Executing 0x75ba
[State 3] Inst Executing 0x75bc
[State 3] Inst Executing 0x75c0
[State 3] Inst Executing 0x75c2
[State 3] Inst Executing 0x75c6
[State 3] Inst Executing 0x770c
[State 3] Inst Executing 0x770e
[State 3] Inst Executing 0x7710
[State 3] Inst Executing 0x7712
[State 3] Inst Executing 0x7714
[State 3] Inst Executing 0x7718
[State 3] Inst Executing 0x771a
[State 3] Inst Executing 0x771c
[State 3] Inst Executing 0x73bc
[State 3] Inst Executing 0x73be
[State 3] Inst Executing 0x73c2
[State 3] Inst Executing 0x73c4
[State 3] Inst Executing 0x73c6
[State 3] Inst Executing 0x73c8
[State 3] Inst Executing 0x73ca
[State 3] Inst Executing 0x73cc
[State 3] Inst Executing 0x75aa
[State 3] Inst Executing 0x75ac
[State 3] Inst Executing 0x75b0
[State 3] Inst Executing 0x75b2
[State 3] Inst Executing 0x75b4
[State 3] Inst Executing 0x75b8
[State 3] Inst Executing 0x75ba
[State 3] Inst Executing 0x75bc
[State 3] Inst Executing 0x75c0
[State 3] Inst Executing 0x75c2
[State 3] Inst Executing 0x75c6
[State 3] Inst Executing 0x770c
[State 3] Inst Executing 0x770e
[State 3] Inst Executing 0x7710
[State 3] Inst Executing 0x7712
[State 3] Inst Executing 0x7714
[State 3] Inst Executing 0x7718
[State 3] Inst Executing 0x771a
[State 3] Inst Executing 0x771c
[State 3] Inst Executing 0x73bc
[State 3] Inst Executing 0x73be
[State 3] Inst Executing 0x73c2
[State 3] Inst Executing 0x73c4
[State 3] Inst Executing 0x73c6
[State 3] Inst Executing 0x73c8
[State 3] Inst Executing 0x73ca
[State 3] Inst Executing 0x73cc
[State 3] Inst Executing 0x75aa
[State 3] Inst Executing 0x75ac
[State 3] Inst Executing 0x75b0
[State 3] Inst Executing 0x75b2
[State 3] Inst Executing 0x75b4
[State 3] Inst Executing 0x75b8
[State 3] Inst Executing 0x75ba
[State 3] Inst Executing 0x75bc
[State 3] Inst Executing 0x75c0
[State 3] Inst Executing 0x75c2
[State 3] Inst Executing 0x75c6
[State 3] Inst Executing 0x75ca
[State 3] Inst Executing 0x75cc
[State 3] Inst Executing 0x75ce
[State 3] Inst Executing 0x75d0
[State 3] Inst Executing 0x75d2
[State 3] Inst Executing 0x75d4
[State 3] Inst Executing 0x75d6
[State 3] Inst Executing 0x75d8
[State 3] Inst Executing 0x75b4
[State 3] Inst Executing 0x75b8
[State 3] Inst Executing 0x75ba
[State 3] Inst Executing 0x75bc
[State 3] Inst Executing 0x75c0
[State 3] Inst Executing 0x75c2
[State 3] Inst Executing 0x75c6
[State 3] Inst Executing 0x75ca
[State 3] Inst Executing 0x75cc
[State 3] Inst Executing 0x75ce
[State 3] Inst Executing 0x75d0
[State 3] Inst Executing 0x75d2
[State 3] Inst Executing 0x75d4
[State 3] Inst Executing 0x75d6
[State 3] Inst Executing 0x75d8
[State 3] Inst Executing 0x75da
[State 3] Inst Executing 0x75de
[State 3] Inst Executing 0x75e0
[State 3] Inst Executing 0x75e4
[State 3] Inst Executing 0x75e8
[State 3] Inst Executing 0x75ec
[State 3] Inst Executing 0x75f0
[State 3] Inst Executing 0x75f2
[State 3] Inst Executing 0x75f6
[State 3] Inst Executing 0x75fa
[State 3] Inst Executing 0x7686
[State 3] Inst Executing 0x768a
[State 3] Inst Executing 0x768c
[State 3] Inst Executing 0x7690
[State 3] Inst Executing 0x7694
[State 3] Inst Executing 0x7694
[State 3] Inst Executing 0x7698
[State 3] Inst Executing 0x769a
[State 3] Inst Executing 0x769e
[State 3] Inst Executing 0x76a2
[State 3] Inst Executing 0x76a6
[State 3] Inst Executing 0x76a8
[State 3] Inst Executing 0x76aa
[State 3] Inst Executing 0x76ac
[State 3] Inst Executing 0x76b0
[State 3] Inst Executing 0x76b2
[State 3] Inst Executing 0x76b6
[State 3] Inst Executing 0x76b8
[State 3] Inst Executing 0x76bc
[State 3] Inst Executing 0x76be
[State 3] Inst Executing 0x76c0
[State 3] Inst Executing 0x76c4
[State 3] Inst Executing 0x76c6
[State 3] Inst Executing 0x76ca
[State 3] Inst Executing 0x76f6
[State 3] Inst Executing 0x76f8
[State 3] Inst Executing 0x76fc
[State 3] Inst Executing 0x76fe
[State 3] Inst Executing 0x771e
[State 3] Inst Executing 0x7720
[State 3] Inst Executing 0x7722
[State 3] Inst Executing 0x7724
[State 3] Inst Executing 0x76d4
[State 3] Inst Executing 0x76d6
[State 3] Inst Executing 0x76d8
[State 3] Inst Executing 0x76da
[State 3] Inst Executing 0x76dc
[State 3] Inst Executing 0x76de
[State 3] Inst Executing 0x76e0
[State 3] Inst Executing 0x76e4
[State 3] Inst Executing 0x76e6
[State 3] Inst Executing 0x76e8
[State 3] Inst Executing 0x76ea
[State 3] Inst Executing 0x76ec
[State 3] Inst Executing 0x76ee
[State 3] Inst Executing 0x76f0
[State 3] Inst Executing 0x76f2
[State 3] Inst Executing 0x76f4
[State 3] Inst Executing 0x740a
[State 3] Inst Executing 0x740c
[State 3] Inst Executing 0x740e
[State 3] Inst Executing 0x7410
[State 3] Inst Executing 0x7414
[State 3] Inst Executing 0x7416
[State 3] Inst Executing 0x741a
[State 3] Inst Executing 0x741e
[State 3] Inst Executing 0x7422
[State 3] Inst Executing 0x7426
[State 3] Inst Executing 0x7428
[State 3] Inst Executing 0x742a
[State 3] Inst Executing 0x7674
[State 3] Inst Executing 0x7676
[State 3] Inst Executing 0x7678
[State 3] Inst Executing 0x767a
[State 3] Inst Executing 0x74c6
[State 3] Inst Executing 0x74c8
[State 3] Inst Executing 0x74ca
[State 3] Inst Executing 0x74ce
[State 3] Inst Executing 0x74d0
[State 3] Inst Executing 0x756a
[State 3] Inst Executing 0x756c
[State 3] Inst Executing 0x756e
[State 3] Inst Executing 0x7572
[State 3] Inst Executing 0x7574
[State 3] Inst Executing 0x7576
[State 3] Inst Executing 0x7578
[State 3] Inst Executing 0x757a
[State 3] Inst Executing 0x7506
[State 3] Inst Executing 0x750a
[State 3] Inst Executing 0x750c
[State 3] Inst Executing 0x750e
[State 3] Inst Executing 0x7510
[State 3] Inst Executing 0x7512
[State 3] Inst Executing 0x7514
[State 3] Inst Executing 0x7658
[State 3] Inst Executing 0x765c
[State 3] Inst Executing 0x7660
[State 3] Inst Executing 0x7664
[State 3] Inst Executing 0x7666
[State 3] Inst Executing 0x7668
[State 3] Inst Executing 0x751c
[State 3] Inst Executing 0x751e
[State 3] Inst Executing 0x7520
[State 3] Inst Executing 0x7520
[State 3] Inst Executing 0x7522
[State 3] Inst Executing 0x7524
[State 3] Inst Executing 0x7526
[State 3] Inst Executing 0x7528
[State 3] Inst Executing 0x752a
[State 3] Inst Executing 0x752c
[State 3] Inst Executing 0x766a
[State 3] Inst Executing 0x766c
[State 3] Inst Executing 0x766e
[State 3] Inst Executing 0x7670
[State 3] Inst Executing 0x7672
[State 3] Inst Executing 0x7416
[State 3] Inst Executing 0x741a
[State 3] Inst Executing 0x741e
[State 3] Inst Executing 0x7422
[State 3] Inst Executing 0x7426
[State 3] Inst Executing 0x7428
[State 3] Inst Executing 0x742a
[State 3] Inst Executing 0x7674
[State 3] Inst Executing 0x7676
[State 3] Inst Executing 0x7678
[State 3] Inst Executing 0x767a
[State 3] Inst Executing 0x74c6
[State 3] Inst Executing 0x74c8
[State 3] Inst Executing 0x74ca
[State 3] Inst Executing 0x74ce
[State 3] Inst Executing 0x74d0
[State 3] Inst Executing 0x756a
[State 3] Inst Executing 0x756c
[State 3] Inst Executing 0x756e
[State 3] Inst Executing 0x7572
[State 3] Inst Executing 0x7574
[State 3] Inst Executing 0x7576
[State 3] Inst Executing 0x7578
[State 3] Inst Executing 0x757a
[State 3] Inst Executing 0x7506
[State 3] Inst Executing 0x750a
[State 3] Inst Executing 0x750c
[State 3] Inst Executing 0x750e
[State 3] Inst Executing 0x7510
[State 3] Inst Executing 0x7512
[State 3] Inst Executing 0x7514
[State 3] Inst Executing 0x7658
[State 3] Inst Executing 0x765c
[State 3] Inst Executing 0x7660
[State 3] Inst Executing 0x7664
[State 3] Inst Executing 0x7666
[State 3] Inst Executing 0x7668
[State 3] Inst Executing 0x751c
[State 3] Inst Executing 0x751e
[State 3] Inst Executing 0x7520
[State 3] Inst Executing 0x7520
[State 3] Inst Executing 0x7522
[State 3] Inst Executing 0x7524
[State 3] Inst Executing 0x7526
[State 3] Inst Executing 0x7528
[State 3] Inst Executing 0x752a
[State 3] Inst Executing 0x752c
[State 3] Inst Executing 0x766a
[State 3] Inst Executing 0x766c
[State 3] Inst Executing 0x766e
[State 3] Inst Executing 0x7670
[State 3] Inst Executing 0x7672
[State 3] Inst Executing 0x7416
[State 3] Inst Executing 0x741a
[State 3] Inst Executing 0x741e
[State 3] Inst Executing 0x7422
[State 3] Inst Executing 0x7426
[State 3] Inst Executing 0x7428
[State 3] Inst Executing 0x742a
[State 3] Inst Executing 0x7674
[State 3] Inst Executing 0x7676
[State 3] Inst Executing 0x7678
[State 3] Inst Executing 0x767a
[State 3] Inst Executing 0x74c6
[State 3] Inst Executing 0x74c8
[State 3] Inst Executing 0x74ca
[State 3] Inst Executing 0x74ce
[State 3] Inst Executing 0x74d0
[State 3] Inst Executing 0x756a
[State 3] Inst Executing 0x756c
[State 3] Inst Executing 0x756e
[State 3] Inst Executing 0x7572
[State 3] Inst Executing 0x7574
[State 3] Inst Executing 0x7576
[State 3] Inst Executing 0x7578
[State 3] Inst Executing 0x757a
[State 3] Inst Executing 0x7506
[State 3] Inst Executing 0x750a
[State 3] Inst Executing 0x750c
[State 3] Inst Executing 0x750e
[State 3] Inst Executing 0x7510
[State 3] Inst Executing 0x7512
[State 3] Inst Executing 0x7514
[State 3] Inst Executing 0x7658
[State 3] Inst Executing 0x765c
[State 3] Inst Executing 0x7660
[State 3] Inst Executing 0x7664
[State 3] Inst Executing 0x7666
[State 3] Inst Executing 0x7668
[State 3] Inst Executing 0x751c
[State 3] Inst Executing 0x751e
[State 3] Inst Executing 0x7520
[State 3] Inst Executing 0x7520
[State 3] Inst Executing 0x7522
[State 3] Inst Executing 0x7524
[State 3] Inst Executing 0x7526
[State 3] Inst Executing 0x7528
[State 3] Inst Executing 0x752a
[State 3] Inst Executing 0x752c
[State 3] Inst Executing 0x766a
[State 3] Inst Executing 0x766c
[State 3] Inst Executing 0x766e
[State 3] Inst Executing 0x7670
[State 3] Inst Executing 0x7672
[State 3] Inst Executing 0x7416
[State 3] Inst Executing 0x741a
[State 3] Inst Executing 0x741e
[State 3] Inst Executing 0x7422
[State 3] Inst Executing 0x7426
[State 3] Inst Executing 0x7428
[State 3] Inst Executing 0x742a
[State 3] Inst Executing 0x7674
[State 3] Inst Executing 0x7676
[State 3] Inst Executing 0x7678
[State 3] Inst Executing 0x767a
[State 3] Inst Executing 0x74c6
[State 3] Inst Executing 0x74c8
[State 3] Inst Executing 0x74ca
[State 3] Inst Executing 0x74ce
[State 3] Inst Executing 0x74d0
[State 3] Inst Executing 0x756a
[State 3] Inst Executing 0x756c
[State 3] Inst Executing 0x756e
[State 3] Inst Executing 0x7572
[State 3] Inst Executing 0x7574
[State 3] Inst Executing 0x7576
[State 3] Inst Executing 0x7578
[State 3] Inst Executing 0x757a
[State 3] Inst Executing 0x7506
[State 3] Inst Executing 0x750a
[State 3] Inst Executing 0x750c
[State 3] Inst Executing 0x750e
[State 3] Inst Executing 0x7510
[State 3] Inst Executing 0x7512
[State 3] Inst Executing 0x7514
[State 3] Inst Executing 0x7658
[State 3] Inst Executing 0x765c
[State 3] Inst Executing 0x7660
[State 3] Inst Executing 0x7664
[State 3] Inst Executing 0x7666
[State 3] Inst Executing 0x7668
[State 3] Inst Executing 0x751c
[State 3] Inst Executing 0x751e
[State 3] Inst Executing 0x7520
[State 3] Inst Executing 0x7520
[State 3] Inst Executing 0x7522
[State 3] Inst Executing 0x7524
[State 3] Inst Executing 0x7526
[State 3] Inst Executing 0x7528
[State 3] Inst Executing 0x752a
[State 3] Inst Executing 0x752c
[State 3] Inst Executing 0x766a
[State 3] Inst Executing 0x766c
[State 3] Inst Executing 0x766e
[State 3] Inst Executing 0x7670
[State 3] Inst Executing 0x7672
[State 3] Inst Executing 0x7416
[State 3] Inst Executing 0x741a
[State 3] Inst Executing 0x741e
[State 3] Inst Executing 0x7422
[State 3] Inst Executing 0x7426
[State 3] Inst Executing 0x7428
[State 3] Inst Executing 0x742a
[State 3] Inst Executing 0x7674
[State 3] Inst Executing 0x7676
[State 3] Inst Executing 0x7678
[State 3] Inst Executing 0x767a
[State 3] Inst Executing 0x74c6
[State 3] Inst Executing 0x74c8
[State 3] Inst Executing 0x74ca
[State 3] Inst Executing 0x74ce
[State 3] Inst Executing 0x74d0
[State 3] Inst Executing 0x756a
[State 3] Inst Executing 0x756c
[State 3] Inst Executing 0x756e
[State 3] Inst Executing 0x7572
[State 3] Inst Executing 0x7574
[State 3] Inst Executing 0x7576
[State 3] Inst Executing 0x7578
[State 3] Inst Executing 0x757a
[State 3] Inst Executing 0x7506
[State 3] Inst Executing 0x750a
[State 3] Inst Executing 0x750c
[State 3] Inst Executing 0x750e
[State 3] Inst Executing 0x7510
[State 3] Inst Executing 0x7512
[State 3] Inst Executing 0x7514
[State 3] Inst Executing 0x7658
[State 3] Inst Executing 0x765c
[State 3] Inst Executing 0x7660
[State 3] Inst Executing 0x7664
[State 3] Inst Executing 0x7666
[State 3] Inst Executing 0x7668
[State 3] Inst Executing 0x751c
[State 3] Inst Executing 0x751e
[State 3] Inst Executing 0x7520
[State 3] Inst Executing 0x7520
[State 3] Inst Executing 0x7522
[State 3] Inst Executing 0x7524
[State 3] Inst Executing 0x7526
[State 3] Inst Executing 0x7528
[State 3] Inst Executing 0x752a
[State 3] Inst Executing 0x752c
[State 3] Inst Executing 0x766a
[State 3] Inst Executing 0x766c
[State 3] Inst Executing 0x766e
[State 3] Inst Executing 0x7670
[State 3] Inst Executing 0x7672
[State 3] Inst Executing 0x7416
[State 3] Inst Executing 0x741a
[State 3] Inst Executing 0x741e
[State 3] Inst Executing 0x7422
[State 3] Inst Executing 0x7426
[State 3] Inst Executing 0x7428
[State 3] Inst Executing 0x742a
[State 3] Inst Executing 0x7674
[State 3] Inst Executing 0x7676
[State 3] Inst Executing 0x7678
[State 3] Inst Executing 0x767a
[State 3] Inst Executing 0x74c6
[State 3] Inst Executing 0x74c8
[State 3] Inst Executing 0x74ca
[State 3] Inst Executing 0x74ce
[State 3] Inst Executing 0x74d0
[State 3] Inst Executing 0x756a
[State 3] Inst Executing 0x756c
[State 3] Inst Executing 0x756e
[State 3] Inst Executing 0x7572
[State 3] Inst Executing 0x7574
[State 3] Inst Executing 0x7576
[State 3] Inst Executing 0x7578
[State 3] Inst Executing 0x757a
[State 3] Inst Executing 0x7506
[State 3] Inst Executing 0x750a
[State 3] Inst Executing 0x750c
[State 3] Inst Executing 0x750e
[State 3] Inst Executing 0x7510
[State 3] Inst Executing 0x7512
[State 3] Inst Executing 0x7514
[State 3] Inst Executing 0x7658
[State 3] Inst Executing 0x765c
[State 3] Inst Executing 0x7660
[State 3] Inst Executing 0x7664
[State 3] Inst Executing 0x7666
[State 3] Inst Executing 0x7668
[State 3] Inst Executing 0x751c
[State 3] Inst Executing 0x751e
[State 3] Inst Executing 0x7520
[State 3] Inst Executing 0x7520
[State 3] Inst Executing 0x7522
[State 3] Inst Executing 0x7524
[State 3] Inst Executing 0x7526
[State 3] Inst Executing 0x7528
[State 3] Inst Executing 0x752a
[State 3] Inst Executing 0x752c
[State 3] Inst Executing 0x766a
[State 3] Inst Executing 0x766c
[State 3] Inst Executing 0x766e
[State 3] Inst Executing 0x7670
[State 3] Inst Executing 0x7672
[State 3] Inst Executing 0x7416
[State 3] Inst Executing 0x741a
[State 3] Inst Executing 0x741e
[State 3] Inst Executing 0x7422
[State 3] Inst Executing 0x7426
[State 3] Inst Executing 0x7428
[State 3] Inst Executing 0x742a
[State 3] Inst Executing 0x7674
[State 3] Inst Executing 0x7676
[State 3] Inst Executing 0x7678
[State 3] Inst Executing 0x767a
[State 3] Inst Executing 0x74c6
[State 3] Inst Executing 0x74c8
[State 3] Inst Executing 0x74ca
[State 3] Inst Executing 0x74ce
[State 3] Inst Executing 0x74d0
[State 3] Inst Executing 0x756a
[State 3] Inst Executing 0x756c
[State 3] Inst Executing 0x756e
[State 3] Inst Executing 0x7572
[State 3] Inst Executing 0x7574
[State 3] Inst Executing 0x7576
[State 3] Inst Executing 0x7578
[State 3] Inst Executing 0x757a
[State 3] Inst Executing 0x7506
[State 3] Inst Executing 0x750a
[State 3] Inst Executing 0x750c
[State 3] Inst Executing 0x750e
[State 3] Inst Executing 0x7510
[State 3] Inst Executing 0x7512
[State 3] Inst Executing 0x7514
[State 3] Inst Executing 0x7658
[State 3] Inst Executing 0x765c
[State 3] Inst Executing 0x7660
[State 3] Inst Executing 0x7664
[State 3] Inst Executing 0x7666
[State 3] Inst Executing 0x7668
[State 3] Inst Executing 0x751c
[State 3] Inst Executing 0x751e
[State 3] Inst Executing 0x7520
[State 3] Inst Executing 0x7520
[State 3] Inst Executing 0x7522
[State 3] Inst Executing 0x7524
[State 3] Inst Executing 0x7526
[State 3] Inst Executing 0x7528
[State 3] Inst Executing 0x752a
[State 3] Inst Executing 0x752c
[State 3] Inst Executing 0x766a
[State 3] Inst Executing 0x766c
[State 3] Inst Executing 0x766e
[State 3] Inst Executing 0x7670
[State 3] Inst Executing 0x7672
[State 3] Inst Executing 0x7416
[State 3] Inst Executing 0x741a
[State 3] Inst Executing 0x741e
[State 3] Inst Executing 0x7422
[State 3] Inst Executing 0x7426
[State 3] Inst Executing 0x7428
[State 3] Inst Executing 0x742a
[State 3] Inst Executing 0x7674
[State 3] Inst Executing 0x7676
[State 3] Inst Executing 0x7678
[State 3] Inst Executing 0x767a
[State 3] Inst Executing 0x74c6
[State 3] Inst Executing 0x74c8
[State 3] Inst Executing 0x74ca
[State 3] Inst Executing 0x74ce
[State 3] Inst Executing 0x74d0
[State 3] Inst Executing 0x756a
[State 3] Inst Executing 0x756c
[State 3] Inst Executing 0x756e
[State 3] Inst Executing 0x7572
[State 3] Inst Executing 0x7574
[State 3] Inst Executing 0x7576
[State 3] Inst Executing 0x7578
[State 3] Inst Executing 0x757a
[State 3] Inst Executing 0x7506
[State 3] Inst Executing 0x750a
[State 3] Inst Executing 0x750c
[State 3] Inst Executing 0x750e
[State 3] Inst Executing 0x7510
[State 3] Inst Executing 0x7512
[State 3] Inst Executing 0x7514
[State 3] Inst Executing 0x7658
[State 3] Inst Executing 0x765c
[State 3] Inst Executing 0x7660
[State 3] Inst Executing 0x7664
[State 3] Inst Executing 0x7666
[State 3] Inst Executing 0x7668
[State 3] Inst Executing 0x751c
[State 3] Inst Executing 0x751e
[State 3] Inst Executing 0x7520
[State 3] Inst Executing 0x7520
[State 3] Inst Executing 0x7522
[State 3] Inst Executing 0x7524
[State 3] Inst Executing 0x7526
[State 3] Inst Executing 0x7528
[State 3] Inst Executing 0x752a
[State 3] Inst Executing 0x752c
[State 3] Inst Executing 0x766a
[State 3] Inst Executing 0x766c
[State 3] Inst Executing 0x766e
[State 3] Inst Executing 0x7670
[State 3] Inst Executing 0x7672
[State 3] Inst Executing 0x7416
[State 3] Inst Executing 0x741a
[State 3] Inst Executing 0x741e
[State 3] Inst Executing 0x7422
[State 3] Inst Executing 0x7426
[State 3] Inst Executing 0x7428
[State 3] Inst Executing 0x742a
[State 3] Inst Executing 0x7674
[State 3] Inst Executing 0x7676
[State 3] Inst Executing 0x7678
[State 3] Inst Executing 0x767a
[State 3] Inst Executing 0x74c6
[State 3] Inst Executing 0x74c8
[State 3] Inst Executing 0x74ca
[State 3] Inst Executing 0x74ce
[State 3] Inst Executing 0x74d0
[State 3] Inst Executing 0x756a
[State 3] Inst Executing 0x756c
[State 3] Inst Executing 0x756e
[State 3] Inst Executing 0x7572
[State 3] Inst Executing 0x7574
[State 3] Inst Executing 0x7576
[State 3] Inst Executing 0x7578
[State 3] Inst Executing 0x757a
[State 3] Inst Executing 0x7506
[State 3] Inst Executing 0x750a
[State 3] Inst Executing 0x750c
[State 3] Inst Executing 0x750e
[State 3] Inst Executing 0x7510
[State 3] Inst Executing 0x7512
[State 3] Inst Executing 0x7514
[State 3] Inst Executing 0x7658
[State 3] Inst Executing 0x765c
[State 3] Inst Executing 0x7660
[State 3] Inst Executing 0x7664
[State 3] Inst Executing 0x7666
[State 3] Inst Executing 0x7668
[State 3] Inst Executing 0x751c
[State 3] Inst Executing 0x751e
[State 3] Inst Executing 0x7520
[State 3] Inst Executing 0x7520
[State 3] Inst Executing 0x7522
[State 3] Inst Executing 0x7524
[State 3] Inst Executing 0x7526
[State 3] Inst Executing 0x7528
[State 3] Inst Executing 0x752a
[State 3] Inst Executing 0x752c
[State 3] Inst Executing 0x766a
[State 3] Inst Executing 0x766c
[State 3] Inst Executing 0x766e
[State 3] Inst Executing 0x7670
[State 3] Inst Executing 0x7672
[State 3] Inst Executing 0x7416
[State 3] Inst Executing 0x741a
[State 3] Inst Executing 0x741e
[State 3] Inst Executing 0x7422
[State 3] Inst Executing 0x7426
[State 3] Inst Executing 0x7428
[State 3] Inst Executing 0x742a
[State 3] Inst Executing 0x7674
[State 3] Inst Executing 0x7676
[State 3] Inst Executing 0x7678
[State 3] Inst Executing 0x767a
[State 3] Inst Executing 0x74c6
[State 3] Inst Executing 0x74c8
[State 3] Inst Executing 0x74ca
[State 3] Inst Executing 0x74ce
[State 3] Inst Executing 0x74d0
[State 3] Inst Executing 0x756a
[State 3] Inst Executing 0x756c
[State 3] Inst Executing 0x756e
[State 3] Inst Executing 0x7572
[State 3] Inst Executing 0x7574
[State 3] Inst Executing 0x7576
[State 3] Inst Executing 0x7578
[State 3] Inst Executing 0x757a
[State 3] Inst Executing 0x7506
[State 3] Inst Executing 0x750a
[State 3] Inst Executing 0x750c
[State 3] Inst Executing 0x750e
[State 3] Inst Executing 0x7510
[State 3] Inst Executing 0x7512
[State 3] Inst Executing 0x7514
[State 3] Inst Executing 0x7658
[State 3] Inst Executing 0x765c
[State 3] Inst Executing 0x7660
[State 3] Inst Executing 0x7664
[State 3] Inst Executing 0x7666
[State 3] Inst Executing 0x7668
[State 3] Inst Executing 0x751c
[State 3] Inst Executing 0x751e
[State 3] Inst Executing 0x7520
[State 3] Inst Executing 0x7520
[State 3] Inst Executing 0x7522
[State 3] Inst Executing 0x7524
[State 3] Inst Executing 0x7526
[State 3] Inst Executing 0x7528
[State 3] Inst Executing 0x752a
[State 3] Inst Executing 0x752c
[State 3] Inst Executing 0x766a
[State 3] Inst Executing 0x766c
[State 3] Inst Executing 0x766e
[State 3] Inst Executing 0x7670
[State 3] Inst Executing 0x7672
[State 3] Inst Executing 0x7416
[State 3] Inst Executing 0x741a
[State 3] Inst Executing 0x741e
[State 3] Inst Executing 0x7422
[State 3] Inst Executing 0x7426
[State 3] Inst Executing 0x7428
[State 3] Inst Executing 0x742a
[State 3] Inst Executing 0x7674
[State 3] Inst Executing 0x7676
[State 3] Inst Executing 0x7678
[State 3] Inst Executing 0x767a
[State 3] Inst Executing 0x74c6
[State 3] Inst Executing 0x74c8
[State 3] Inst Executing 0x74ca
[State 3] Inst Executing 0x74ce
[State 3] Inst Executing 0x74d0
[State 3] Inst Executing 0x756a
[State 3] Inst Executing 0x756c
[State 3] Inst Executing 0x756e
[State 3] Inst Executing 0x7572
[State 3] Inst Executing 0x7574
[State 3] Inst Executing 0x7576
[State 3] Inst Executing 0x7578
[State 3] Inst Executing 0x757a
[State 3] Inst Executing 0x7506
[State 3] Inst Executing 0x750a
[State 3] Inst Executing 0x750c
[State 3] Inst Executing 0x750e
[State 3] Inst Executing 0x7510
[State 3] Inst Executing 0x7512
[State 3] Inst Executing 0x7514
[State 3] Inst Executing 0x7658
[State 3] Inst Executing 0x765c
[State 3] Inst Executing 0x7660
[State 3] Inst Executing 0x7664
[State 3] Inst Executing 0x7666
[State 3] Inst Executing 0x7668
[State 3] Inst Executing 0x751c
[State 3] Inst Executing 0x751e
[State 3] Inst Executing 0x7520
[State 3] Inst Executing 0x7520
[State 3] Inst Executing 0x7522
[State 3] Inst Executing 0x7524
[State 3] Inst Executing 0x7526
[State 3] Inst Executing 0x7528
[State 3] Inst Executing 0x752a
[State 3] Inst Executing 0x752c
[State 3] Inst Executing 0x766a
[State 3] Inst Executing 0x766c
[State 3] Inst Executing 0x766e
[State 3] Inst Executing 0x7670
[State 3] Inst Executing 0x7672
[State 3] Inst Executing 0x7416
[State 3] Inst Executing 0x741a
[State 3] Inst Executing 0x741e
[State 3] Inst Executing 0x7422
[State 3] Inst Executing 0x7426
[State 3] Inst Executing 0x7428
[State 3] Inst Executing 0x742a
[State 3] Inst Executing 0x7674
[State 3] Inst Executing 0x7676
[State 3] Inst Executing 0x7678
[State 3] Inst Executing 0x767a
[State 3] Inst Executing 0x74c6
[State 3] Inst Executing 0x74c8
[State 3] Inst Executing 0x74ca
[State 3] Inst Executing 0x74ce
[State 3] Inst Executing 0x74d0
[State 3] Inst Executing 0x756a
[State 3] Inst Executing 0x756c
[State 3] Inst Executing 0x756e
[State 3] Inst Executing 0x7572
[State 3] Inst Executing 0x7574
[State 3] Inst Executing 0x7576
[State 3] Inst Executing 0x7578
[State 3] Inst Executing 0x757a
[State 3] Inst Executing 0x7506
[State 3] Inst Executing 0x750a
[State 3] Inst Executing 0x750c
[State 3] Inst Executing 0x750e
[State 3] Inst Executing 0x7510
[State 3] Inst Executing 0x7512
[State 3] Inst Executing 0x7514
[State 3] Inst Executing 0x7658
[State 3] Inst Executing 0x765c
[State 3] Inst Executing 0x7660
[State 3] Inst Executing 0x7664
[State 3] Inst Executing 0x7666
[State 3] Inst Executing 0x7668
[State 3] Inst Executing 0x751c
[State 3] Inst Executing 0x751e
[State 3] Inst Executing 0x7520
[State 3] Inst Executing 0x7520
[State 3] Inst Executing 0x7522
[State 3] Inst Executing 0x7524
[State 3] Inst Executing 0x7526
[State 3] Inst Executing 0x7528
[State 3] Inst Executing 0x752a
[State 3] Inst Executing 0x752c
[State 3] Inst Executing 0x766a
[State 3] Inst Executing 0x766c
[State 3] Inst Executing 0x766e
[State 3] Inst Executing 0x7670
[State 3] Inst Executing 0x7672
[State 3] Inst Executing 0x7416
[State 3] Inst Executing 0x741a
[State 3] Inst Executing 0x741e
[State 3] Inst Executing 0x7422
[State 3] Inst Executing 0x7426
[State 3] Inst Executing 0x7428
[State 3] Inst Executing 0x742a
[State 3] Inst Executing 0x7674
[State 3] Inst Executing 0x7676
[State 3] Inst Executing 0x7678
[State 3] Inst Executing 0x767a
[State 3] Inst Executing 0x74c6
[State 3] Inst Executing 0x74c8
[State 3] Inst Executing 0x74ca
[State 3] Inst Executing 0x74ce
[State 3] Inst Executing 0x74d0
[State 3] Inst Executing 0x756a
[State 3] Inst Executing 0x756c
[State 3] Inst Executing 0x756e
[State 3] Inst Executing 0x7572
[State 3] Inst Executing 0x7574
[State 3] Inst Executing 0x7576
[State 3] Inst Executing 0x7578
[State 3] Inst Executing 0x757a
[State 3] Inst Executing 0x7506
[State 3] Inst Executing 0x750a
[State 3] Inst Executing 0x750c
[State 3] Inst Executing 0x750e
[State 3] Inst Executing 0x7510
[State 3] Inst Executing 0x7512
[State 3] Inst Executing 0x7514
[State 3] Inst Executing 0x7658
[State 3] Inst Executing 0x765c
[State 3] Inst Executing 0x7660
[State 3] Inst Executing 0x7664
[State 3] Inst Executing 0x7666
[State 3] Inst Executing 0x7668
[State 3] Inst Executing 0x751c
[State 3] Inst Executing 0x751e
[State 3] Inst Executing 0x7520
[State 3] Inst Executing 0x7520
[State 3] Inst Executing 0x7522
[State 3] Inst Executing 0x7524
[State 3] Inst Executing 0x7526
[State 3] Inst Executing 0x7528
[State 3] Inst Executing 0x752a
[State 3] Inst Executing 0x752c
[State 3] Inst Executing 0x766a
[State 3] Inst Executing 0x766c
[State 3] Inst Executing 0x766e
[State 3] Inst Executing 0x7670
[State 3] Inst Executing 0x7672
[State 3] Inst Executing 0x7416
[State 3] Inst Executing 0x741a
[State 3] Inst Executing 0x741e
[State 3] Inst Executing 0x7422
[State 3] Inst Executing 0x7426
[State 3] Inst Executing 0x7428
[State 3] Inst Executing 0x742a
[State 3] Inst Executing 0x7674
[State 3] Inst Executing 0x7676
[State 3] Inst Executing 0x7678
[State 3] Inst Executing 0x767a
[State 3] Inst Executing 0x74c6
[State 3] Inst Executing 0x74c8
[State 3] Inst Executing 0x74ca
[State 3] Inst Executing 0x74ce
[State 3] Inst Executing 0x74d0
[State 3] Inst Executing 0x756a
[State 3] Inst Executing 0x756c
[State 3] Inst Executing 0x756e
[State 3] Inst Executing 0x7572
[State 3] Inst Executing 0x7574
[State 3] Inst Executing 0x7576
[State 3] Inst Executing 0x7578
[State 3] Inst Executing 0x757a
[State 3] Inst Executing 0x7506
[State 3] Inst Executing 0x750a
[State 3] Inst Executing 0x750c
[State 3] Inst Executing 0x750e
[State 3] Inst Executing 0x7510
[State 3] Inst Executing 0x7512
[State 3] Inst Executing 0x7514
[State 3] Inst Executing 0x7658
[State 3] Inst Executing 0x765c
[State 3] Inst Executing 0x7660
[State 3] Inst Executing 0x7664
[State 3] Inst Executing 0x7666
[State 3] Inst Executing 0x7668
[State 3] Inst Executing 0x751c
[State 3] Inst Executing 0x751e
[State 3] Inst Executing 0x7520
[State 3] Inst Executing 0x7520
[State 3] Inst Executing 0x7522
[State 3] Inst Executing 0x7524
[State 3] Inst Executing 0x7526
[State 3] Inst Executing 0x7528
[State 3] Inst Executing 0x752a
[State 3] Inst Executing 0x752c
[State 3] Inst Executing 0x766a
[State 3] Inst Executing 0x766c
[State 3] Inst Executing 0x766e
[State 3] Inst Executing 0x7670
[State 3] Inst Executing 0x7672
[State 3] Inst Executing 0x7416
[State 3] Inst Executing 0x741a
[State 3] Inst Executing 0x741e
[State 3] Inst Executing 0x7422
[State 3] Inst Executing 0x7426
[State 3] Inst Executing 0x7428
[State 3] Inst Executing 0x742a
[State 3] Inst Executing 0x7674
[State 3] Inst Executing 0x7676
[State 3] Inst Executing 0x7678
[State 3] Inst Executing 0x767a
[State 3] Inst Executing 0x74c6
[State 3] Inst Executing 0x74c8
[State 3] Inst Executing 0x74ca
[State 3] Inst Executing 0x74ce
[State 3] Inst Executing 0x74d0
[State 3] Inst Executing 0x756a
[State 3] Inst Executing 0x756c
[State 3] Inst Executing 0x756e
[State 3] Inst Executing 0x7572
[State 3] Inst Executing 0x7574
[State 3] Inst Executing 0x7576
[State 3] Inst Executing 0x7578
[State 3] Inst Executing 0x757a
[State 3] Inst Executing 0x7506
[State 3] Inst Executing 0x750a
[State 3] Inst Executing 0x750c
[State 3] Inst Executing 0x750e
[State 3] Inst Executing 0x7510
[State 3] Inst Executing 0x7512
[State 3] Inst Executing 0x7514
[State 3] Inst Executing 0x7658
[State 3] Inst Executing 0x765c
[State 3] Inst Executing 0x7660
[State 3] Inst Executing 0x7664
[State 3] Inst Executing 0x7666
[State 3] Inst Executing 0x7668
[State 3] Inst Executing 0x751c
[State 3] Inst Executing 0x751e
[State 3] Inst Executing 0x7520
[State 3] Inst Executing 0x7520
[State 3] Inst Executing 0x7522
[State 3] Inst Executing 0x7524
[State 3] Inst Executing 0x7526
[State 3] Inst Executing 0x7528
[State 3] Inst Executing 0x752a
[State 3] Inst Executing 0x752c
[State 3] Inst Executing 0x766a
[State 3] Inst Executing 0x766c
[State 3] Inst Executing 0x766e
[State 3] Inst Executing 0x7670
[State 3] Inst Executing 0x7672
[State 3] Inst Executing 0x7416
[State 3] Inst Executing 0x741a
[State 3] Inst Executing 0x741e
[State 3] Inst Executing 0x7422
[State 3] Inst Executing 0x7426
[State 3] Inst Executing 0x7428
[State 3] Inst Executing 0x742a
[State 3] Inst Executing 0x7674
[State 3] Inst Executing 0x7676
[State 3] Inst Executing 0x7678
[State 3] Inst Executing 0x767a
[State 3] Inst Executing 0x74c6
[State 3] Inst Executing 0x74c8
[State 3] Inst Executing 0x74ca
[State 3] Inst Executing 0x74ce
[State 3] Inst Executing 0x74d0
[State 3] Inst Executing 0x756a
[State 3] Inst Executing 0x756c
[State 3] Inst Executing 0x756e
[State 3] Inst Executing 0x7572
[State 3] Inst Executing 0x7574
[State 3] Inst Executing 0x7576
[State 3] Inst Executing 0x7578
[State 3] Inst Executing 0x757a
[State 3] Inst Executing 0x7506
[State 3] Inst Executing 0x750a
[State 3] Inst Executing 0x750c
[State 3] Inst Executing 0x750e
[State 3] Inst Executing 0x7510
[State 3] Inst Executing 0x7512
[State 3] Inst Executing 0x7514
[State 3] Inst Executing 0x7658
[State 3] Inst Executing 0x765c
[State 3] Inst Executing 0x7660
[State 3] Inst Executing 0x7664
[State 3] Inst Executing 0x7666
[State 3] Inst Executing 0x7668
[State 3] Inst Executing 0x751c
[State 3] Inst Executing 0x751e
[State 3] Inst Executing 0x7520
[State 3] Inst Executing 0x7520
[State 3] Inst Executing 0x7522
[State 3] Inst Executing 0x7524
[State 3] Inst Executing 0x7526
[State 3] Inst Executing 0x7528
[State 3] Inst Executing 0x752a
[State 3] Inst Executing 0x752c
[State 3] Inst Executing 0x766a
[State 3] Inst Executing 0x766c
[State 3] Inst Executing 0x766e
[State 3] Inst Executing 0x7670
[State 3] Inst Executing 0x7672
[State 3] Inst Executing 0x7416
[State 3] Inst Executing 0x741a
[State 3] Inst Executing 0x741e
[State 3] Inst Executing 0x7422
[State 3] Inst Executing 0x7426
[State 3] Inst Executing 0x7428
[State 3] Inst Executing 0x742a
[State 3] Inst Executing 0x7674
[State 3] Inst Executing 0x7676
[State 3] Inst Executing 0x7678
[State 3] Inst Executing 0x767a
[State 3] Inst Executing 0x74c6
[State 3] Inst Executing 0x74c8
[State 3] Inst Executing 0x74ca
[State 3] Inst Executing 0x74ce
[State 3] Inst Executing 0x74d0
[State 3] Inst Executing 0x756a
[State 3] Inst Executing 0x756c
[State 3] Inst Executing 0x756e
[State 3] Inst Executing 0x7572
[State 3] Inst Executing 0x7574
[State 3] Inst Executing 0x7576
[State 3] Inst Executing 0x7578
[State 3] Inst Executing 0x757a
[State 3] Inst Executing 0x7506
[State 3] Inst Executing 0x750a
[State 3] Inst Executing 0x750c
[State 3] Inst Executing 0x750e
[State 3] Inst Executing 0x7510
[State 3] Inst Executing 0x7512
[State 3] Inst Executing 0x7514
[State 3] Inst Executing 0x7658
[State 3] Inst Executing 0x765c
[State 3] Inst Executing 0x7660
[State 3] Inst Executing 0x7664
[State 3] Inst Executing 0x7666
[State 3] Inst Executing 0x7668
[State 3] Inst Executing 0x751c
[State 3] Inst Executing 0x751e
[State 3] Inst Executing 0x7520
[State 3] Inst Executing 0x7520
[State 3] Inst Executing 0x7522
[State 3] Inst Executing 0x7524
[State 3] Inst Executing 0x7526
[State 3] Inst Executing 0x7528
[State 3] Inst Executing 0x752a
[State 3] Inst Executing 0x752c
[State 3] Inst Executing 0x766a
[State 3] Inst Executing 0x766c
[State 3] Inst Executing 0x766e
[State 3] Inst Executing 0x7670
[State 3] Inst Executing 0x7672
[State 3] Inst Executing 0x7416
[State 3] Inst Executing 0x741a
[State 3] Inst Executing 0x741e
[State 3] Inst Executing 0x7422
[State 3] Inst Executing 0x7426
[State 3] Inst Executing 0x7428
[State 3] Inst Executing 0x742a
[State 3] Inst Executing 0x7674
[State 3] Inst Executing 0x7676
[State 3] Inst Executing 0x7678
[State 3] Inst Executing 0x767a
[State 3] Inst Executing 0x74c6
[State 3] Inst Executing 0x74c8
[State 3] Inst Executing 0x74ca
[State 3] Inst Executing 0x74ce
[State 3] Inst Executing 0x74d0
[State 3] Inst Executing 0x756a
[State 3] Inst Executing 0x756c
[State 3] Inst Executing 0x756e
[State 3] Inst Executing 0x7572
[State 3] Inst Executing 0x7574
[State 3] Inst Executing 0x7576
[State 3] Inst Executing 0x7578
[State 3] Inst Executing 0x757a
[State 3] Inst Executing 0x7506
[State 3] Inst Executing 0x750a
[State 3] Inst Executing 0x750c
[State 3] Inst Executing 0x750e
[State 3] Inst Executing 0x7510
[State 3] Inst Executing 0x7512
[State 3] Inst Executing 0x7514
[State 3] Inst Executing 0x7658
[State 3] Inst Executing 0x765c
[State 3] Inst Executing 0x7660
[State 3] Inst Executing 0x7664
[State 3] Inst Executing 0x7666
[State 3] Inst Executing 0x7668
[State 3] Inst Executing 0x751c
[State 3] Inst Executing 0x751e
[State 3] Inst Executing 0x7520
[State 3] Inst Executing 0x7520
[State 3] Inst Executing 0x7522
[State 3] Inst Executing 0x7524
[State 3] Inst Executing 0x7526
[State 3] Inst Executing 0x7528
[State 3] Inst Executing 0x752a
[State 3] Inst Executing 0x752c
[State 3] Inst Executing 0x766a
[State 3] Inst Executing 0x766c
[State 3] Inst Executing 0x766e
[State 3] Inst Executing 0x7670
[State 3] Inst Executing 0x7672
[State 3] Inst Executing 0x7416
[State 3] Inst Executing 0x741a
[State 3] Inst Executing 0x741e
[State 3] Inst Executing 0x7422
[State 3] Inst Executing 0x7426
[State 3] Inst Executing 0x7428
[State 3] Inst Executing 0x742a
[State 3] Inst Executing 0x7674
[State 3] Inst Executing 0x7676
[State 3] Inst Executing 0x7678
[State 3] Inst Executing 0x767a
[State 3] Inst Executing 0x74c6
[State 3] Inst Executing 0x74c8
[State 3] Inst Executing 0x74ca
[State 3] Inst Executing 0x74ce
[State 3] Inst Executing 0x74d0
[State 3] Inst Executing 0x756a
[State 3] Inst Executing 0x756c
[State 3] Inst Executing 0x756e
[State 3] Inst Executing 0x7572
[State 3] Inst Executing 0x7574
[State 3] Inst Executing 0x7576
[State 3] Inst Executing 0x7578
[State 3] Inst Executing 0x757a
[State 3] Inst Executing 0x7506
[State 3] Inst Executing 0x750a
[State 3] Inst Executing 0x750c
[State 3] Inst Executing 0x750e
[State 3] Inst Executing 0x7510
[State 3] Inst Executing 0x7512
[State 3] Inst Executing 0x7514
[State 3] Inst Executing 0x7658
[State 3] Inst Executing 0x765c
[State 3] Inst Executing 0x7660
[State 3] Inst Executing 0x7664
[State 3] Inst Executing 0x7666
[State 3] Inst Executing 0x7668
[State 3] Inst Executing 0x751c
[State 3] Inst Executing 0x751e
[State 3] Inst Executing 0x7520
[State 3] Inst Executing 0x7520
[State 3] Inst Executing 0x7522
[State 3] Inst Executing 0x7524
[State 3] Inst Executing 0x7526
[State 3] Inst Executing 0x7528
[State 3] Inst Executing 0x752a
[State 3] Inst Executing 0x752c
[State 3] Inst Executing 0x766a
[State 3] Inst Executing 0x766c
[State 3] Inst Executing 0x766e
[State 3] Inst Executing 0x7670
[State 3] Inst Executing 0x7672
[State 3] Inst Executing 0x7416
[State 3] Inst Executing 0x741a
[State 3] Inst Executing 0x741e
[State 3] Inst Executing 0x7422
[State 3] Inst Executing 0x7426
[State 3] Inst Executing 0x7428
[State 3] Inst Executing 0x742a
[State 3] Inst Executing 0x7674
[State 3] Inst Executing 0x7676
[State 3] Inst Executing 0x7678
[State 3] Inst Executing 0x767a
[State 3] Inst Executing 0x74c6
[State 3] Inst Executing 0x74c8
[State 3] Inst Executing 0x74ca
[State 3] Inst Executing 0x74ce
[State 3] Inst Executing 0x74d0
[State 3] Inst Executing 0x756a
[State 3] Inst Executing 0x756c
[State 3] Inst Executing 0x756e
[State 3] Inst Executing 0x7572
[State 3] Inst Executing 0x7574
[State 3] Inst Executing 0x7576
[State 3] Inst Executing 0x7578
[State 3] Inst Executing 0x757a
[State 3] Inst Executing 0x7506
[State 3] Inst Executing 0x750a
[State 3] Inst Executing 0x750c
[State 3] Inst Executing 0x750e
[State 3] Inst Executing 0x7510
[State 3] Inst Executing 0x7512
[State 3] Inst Executing 0x7514
[State 3] Inst Executing 0x7658
[State 3] Inst Executing 0x765c
[State 3] Inst Executing 0x7660
[State 3] Inst Executing 0x7664
[State 3] Inst Executing 0x7666
[State 3] Inst Executing 0x7668
[State 3] Inst Executing 0x751c
[State 3] Inst Executing 0x751e
[State 3] Inst Executing 0x7520
[State 3] Inst Executing 0x7520
[State 3] Inst Executing 0x7522
[State 3] Inst Executing 0x7524
[State 3] Inst Executing 0x7526
[State 3] Inst Executing 0x7528
[State 3] Inst Executing 0x752a
[State 3] Inst Executing 0x752c
[State 3] Inst Executing 0x766a
[State 3] Inst Executing 0x766c
[State 3] Inst Executing 0x766e
[State 3] Inst Executing 0x7670
[State 3] Inst Executing 0x7672
[State 3] Inst Executing 0x7416
[State 3] Inst Executing 0x741a
[State 3] Inst Executing 0x741e
[State 3] Inst Executing 0x7422
[State 3] Inst Executing 0x7426
[State 3] Inst Executing 0x7428
[State 3] Inst Executing 0x742a
[State 3] Inst Executing 0x7674
[State 3] Inst Executing 0x7676
[State 3] Inst Executing 0x7678
[State 3] Inst Executing 0x767a
[State 3] Inst Executing 0x74c6
[State 3] Inst Executing 0x74c8
[State 3] Inst Executing 0x74ca
[State 3] Inst Executing 0x74ce
[State 3] Inst Executing 0x74d0
[State 3] Inst Executing 0x756a
[State 3] Inst Executing 0x756c
[State 3] Inst Executing 0x756e
[State 3] Inst Executing 0x7572
[State 3] Inst Executing 0x7574
[State 3] Inst Executing 0x7576
[State 3] Inst Executing 0x7578
[State 3] Inst Executing 0x757a
[State 3] Inst Executing 0x7506
[State 3] Inst Executing 0x750a
[State 3] Inst Executing 0x750c
[State 3] Inst Executing 0x750e
[State 3] Inst Executing 0x7510
[State 3] Inst Executing 0x7512
[State 3] Inst Executing 0x7514
[State 3] Inst Executing 0x7658
[State 3] Inst Executing 0x765c
[State 3] Inst Executing 0x7660
[State 3] Inst Executing 0x7664
[State 3] Inst Executing 0x7666
[State 3] Inst Executing 0x7668
[State 3] Inst Executing 0x751c
[State 3] Inst Executing 0x751e
[State 3] Inst Executing 0x7520
[State 3] Inst Executing 0x7520
[State 3] Inst Executing 0x7522
[State 3] Inst Executing 0x7524
[State 3] Inst Executing 0x7526
[State 3] Inst Executing 0x7528
[State 3] Inst Executing 0x752a
[State 3] Inst Executing 0x752c
[State 3] Inst Executing 0x766a
[State 3] Inst Executing 0x766c
[State 3] Inst Executing 0x766e
[State 3] Inst Executing 0x7670
[State 3] Inst Executing 0x7672
[State 3] Inst Executing 0x7416
[State 3] Inst Executing 0x741a
[State 3] Inst Executing 0x741e
[State 3] Inst Executing 0x7422
[State 3] Inst Executing 0x7426
[State 3] Inst Executing 0x7428
[State 3] Inst Executing 0x742a
[State 3] Inst Executing 0x7674
[State 3] Inst Executing 0x7676
[State 3] Inst Executing 0x7678
[State 3] Inst Executing 0x767a
[State 3] Inst Executing 0x74c6
[State 3] Inst Executing 0x74c8
[State 3] Inst Executing 0x74ca
[State 3] Inst Executing 0x74ce
[State 3] Inst Executing 0x74d0
[State 3] Inst Executing 0x756a
[State 3] Inst Executing 0x756c
[State 3] Inst Executing 0x756e
[State 3] Inst Executing 0x7572
[State 3] Inst Executing 0x7574
[State 3] Inst Executing 0x7576
[State 3] Inst Executing 0x7578
[State 3] Inst Executing 0x757a
[State 3] Inst Executing 0x7506
[State 3] Inst Executing 0x750a
[State 3] Inst Executing 0x750c
[State 3] Inst Executing 0x750e
[State 3] Inst Executing 0x7510
[State 3] Inst Executing 0x7512
[State 3] Inst Executing 0x7514
[State 3] Inst Executing 0x7658
[State 3] Inst Executing 0x765c
[State 3] Inst Executing 0x7660
[State 3] Inst Executing 0x7664
[State 3] Inst Executing 0x7666
[State 3] Inst Executing 0x7668
[State 3] Inst Executing 0x751c
[State 3] Inst Executing 0x751e
[State 3] Inst Executing 0x7520
[State 3] Inst Executing 0x7520
[State 3] Inst Executing 0x7522
[State 3] Inst Executing 0x7524
[State 3] Inst Executing 0x7526
[State 3] Inst Executing 0x7528
[State 3] Inst Executing 0x752a
[State 3] Inst Executing 0x752c
[State 3] Inst Executing 0x766a
[State 3] Inst Executing 0x766c
[State 3] Inst Executing 0x766e
[State 3] Inst Executing 0x7670
[State 3] Inst Executing 0x7672
[State 3] Inst Executing 0x7416
[State 3] Inst Executing 0x741a
[State 3] Inst Executing 0x741e
[State 3] Inst Executing 0x7422
[State 3] Inst Executing 0x7426
[State 3] Inst Executing 0x7428
[State 3] Inst Executing 0x742a
[State 3] Inst Executing 0x7674
[State 3] Inst Executing 0x7676
[State 3] Inst Executing 0x7678
[State 3] Inst Executing 0x767a
[State 3] Inst Executing 0x74c6
[State 3] Inst Executing 0x74c8
[State 3] Inst Executing 0x74ca
[State 3] Inst Executing 0x74ce
[State 3] Inst Executing 0x74d0
[State 3] Inst Executing 0x756a
[State 3] Inst Executing 0x756c
[State 3] Inst Executing 0x756e
[State 3] Inst Executing 0x7572
[State 3] Inst Executing 0x7574
[State 3] Inst Executing 0x7576
[State 3] Inst Executing 0x7578
[State 3] Inst Executing 0x757a
[State 3] Inst Executing 0x7506
[State 3] Inst Executing 0x750a
[State 3] Inst Executing 0x750c
[State 3] Inst Executing 0x750e
[State 3] Inst Executing 0x7510
[State 3] Inst Executing 0x7512
[State 3] Inst Executing 0x7514
[State 3] Inst Executing 0x7658
[State 3] Inst Executing 0x765c
[State 3] Inst Executing 0x7660
[State 3] Inst Executing 0x7664
[State 3] Inst Executing 0x7666
[State 3] Inst Executing 0x7668
[State 3] Inst Executing 0x751c
[State 3] Inst Executing 0x751e
[State 3] Inst Executing 0x7520
[State 3] Inst Executing 0x7520
[State 3] Inst Executing 0x7522
[State 3] Inst Executing 0x7524
[State 3] Inst Executing 0x7526
[State 3] Inst Executing 0x7528
[State 3] Inst Executing 0x752a
[State 3] Inst Executing 0x752c
[State 3] Inst Executing 0x766a
[State 3] Inst Executing 0x766c
[State 3] Inst Executing 0x766e
[State 3] Inst Executing 0x7670
[State 3] Inst Executing 0x7672
[State 3] Inst Executing 0x7416
[State 3] Inst Executing 0x741a
[State 3] Inst Executing 0x741e
[State 3] Inst Executing 0x7422
[State 3] Inst Executing 0x7426
[State 3] Inst Executing 0x7428
[State 3] Inst Executing 0x742a
[State 3] Inst Executing 0x7674
[State 3] Inst Executing 0x7676
[State 3] Inst Executing 0x7678
[State 3] Inst Executing 0x767a
[State 3] Inst Executing 0x74c6
[State 3] Inst Executing 0x74c8
[State 3] Inst Executing 0x74ca
[State 3] Inst Executing 0x74ce
[State 3] Inst Executing 0x74d0
[State 3] Inst Executing 0x756a
[State 3] Inst Executing 0x756c
[State 3] Inst Executing 0x756e
[State 3] Inst Executing 0x7572
[State 3] Inst Executing 0x7574
[State 3] Inst Executing 0x7576
[State 3] Inst Executing 0x7578
[State 3] Inst Executing 0x757a
[State 3] Inst Executing 0x7506
[State 3] Inst Executing 0x750a
[State 3] Inst Executing 0x750c
[State 3] Inst Executing 0x750e
[State 3] Inst Executing 0x7510
[State 3] Inst Executing 0x7512
[State 3] Inst Executing 0x7514
[State 3] Inst Executing 0x7658
[State 3] Inst Executing 0x765c
[State 3] Inst Executing 0x7660
[State 3] Inst Executing 0x7664
[State 3] Inst Executing 0x7666
[State 3] Inst Executing 0x7668
[State 3] Inst Executing 0x751c
[State 3] Inst Executing 0x751e
[State 3] Inst Executing 0x7520
[State 3] Inst Executing 0x7520
[State 3] Inst Executing 0x7522
[State 3] Inst Executing 0x7524
[State 3] Inst Executing 0x7526
[State 3] Inst Executing 0x7528
[State 3] Inst Executing 0x752a
[State 3] Inst Executing 0x752c
[State 3] Inst Executing 0x766a
[State 3] Inst Executing 0x766c
[State 3] Inst Executing 0x766e
[State 3] Inst Executing 0x7670
[State 3] Inst Executing 0x7672
[State 3] Inst Executing 0x7416
[State 3] Inst Executing 0x741a
[State 3] Inst Executing 0x741e
[State 3] Inst Executing 0x7422
[State 3] Inst Executing 0x7426
[State 3] Inst Executing 0x7428
[State 3] Inst Executing 0x742a
[State 3] Inst Executing 0x7674
[State 3] Inst Executing 0x7676
[State 3] Inst Executing 0x7678
[State 3] Inst Executing 0x767a
[State 3] Inst Executing 0x74c6
[State 3] Inst Executing 0x74c8
[State 3] Inst Executing 0x74ca
[State 3] Inst Executing 0x74ce
[State 3] Inst Executing 0x74d0
[State 3] Inst Executing 0x756a
[State 3] Inst Executing 0x756c
[State 3] Inst Executing 0x756e
[State 3] Inst Executing 0x7572
[State 3] Inst Executing 0x7574
[State 3] Inst Executing 0x7576
[State 3] Inst Executing 0x7578
[State 3] Inst Executing 0x757a
[State 3] Inst Executing 0x7506
[State 3] Inst Executing 0x750a
[State 3] Inst Executing 0x750c
[State 3] Inst Executing 0x750e
[State 3] Inst Executing 0x7510
[State 3] Inst Executing 0x7512
[State 3] Inst Executing 0x7514
[State 3] Inst Executing 0x7658
[State 3] Inst Executing 0x765c
[State 3] Inst Executing 0x7660
[State 3] Inst Executing 0x7664
[State 3] Inst Executing 0x7666
[State 3] Inst Executing 0x7668
[State 3] Inst Executing 0x751c
[State 3] Inst Executing 0x751e
[State 3] Inst Executing 0x7520
[State 3] Inst Executing 0x7520
[State 3] Inst Executing 0x7522
[State 3] Inst Executing 0x7524
[State 3] Inst Executing 0x7526
[State 3] Inst Executing 0x7528
[State 3] Inst Executing 0x752a
[State 3] Inst Executing 0x752c
[State 3] Inst Executing 0x766a
[State 3] Inst Executing 0x766c
[State 3] Inst Executing 0x766e
[State 3] Inst Executing 0x7670
[State 3] Inst Executing 0x7672
[State 3] Inst Executing 0x7416
[State 3] Inst Executing 0x741a
[State 3] Inst Executing 0x741e
[State 3] Inst Executing 0x7422
[State 3] Inst Executing 0x7426
[State 3] Inst Executing 0x7428
[State 3] Inst Executing 0x742a
[State 3] Inst Executing 0x7674
[State 3] Inst Executing 0x7676
[State 3] Inst Executing 0x7678
[State 3] Inst Executing 0x767a
[State 3] Inst Executing 0x74c6
[State 3] Inst Executing 0x74c8
[State 3] Inst Executing 0x74ca
[State 3] Inst Executing 0x74ce
[State 3] Inst Executing 0x74d0
[State 3] Inst Executing 0x756a
[State 3] Inst Executing 0x756c
[State 3] Inst Executing 0x756e
[State 3] Inst Executing 0x7572
[State 3] Inst Executing 0x7574
[State 3] Inst Executing 0x7576
[State 3] Inst Executing 0x7578
[State 3] Inst Executing 0x757a
[State 3] Inst Executing 0x7506
[State 3] Inst Executing 0x750a
[State 3] Inst Executing 0x750c
[State 3] Inst Executing 0x750e
[State 3] Inst Executing 0x7510
[State 3] Inst Executing 0x7512
[State 3] Inst Executing 0x7514
[State 3] Inst Executing 0x7658
[State 3] Inst Executing 0x765c
[State 3] Inst Executing 0x7660
[State 3] Inst Executing 0x7664
[State 3] Inst Executing 0x7666
[State 3] Inst Executing 0x7668
[State 3] Inst Executing 0x751c
[State 3] Inst Executing 0x751e
[State 3] Inst Executing 0x7520
[State 3] Inst Executing 0x7520
[State 3] Inst Executing 0x7522
[State 3] Inst Executing 0x7524
[State 3] Inst Executing 0x7526
[State 3] Inst Executing 0x7528
[State 3] Inst Executing 0x752a
[State 3] Inst Executing 0x752c
[State 3] Inst Executing 0x766a
[State 3] Inst Executing 0x766c
[State 3] Inst Executing 0x766e
[State 3] Inst Executing 0x7670
[State 3] Inst Executing 0x7672
[State 3] Inst Executing 0x7416
[State 3] Inst Executing 0x741a
[State 3] Inst Executing 0x741e
[State 3] Inst Executing 0x7422
[State 3] Inst Executing 0x7426
[State 3] Inst Executing 0x7428
[State 3] Inst Executing 0x742a
[State 3] Inst Executing 0x7674
[State 3] Inst Executing 0x7676
[State 3] Inst Executing 0x7678
[State 3] Inst Executing 0x767a
[State 3] Inst Executing 0x74c6
[State 3] Inst Executing 0x74c8
[State 3] Inst Executing 0x74ca
[State 3] Inst Executing 0x74ce
[State 3] Inst Executing 0x74d0
[State 3] Inst Executing 0x756a
[State 3] Inst Executing 0x756c
[State 3] Inst Executing 0x756e
[State 3] Inst Executing 0x7572
[State 3] Inst Executing 0x7574
[State 3] Inst Executing 0x7576
[State 3] Inst Executing 0x7578
[State 3] Inst Executing 0x757a
[State 3] Inst Executing 0x7506
[State 3] Inst Executing 0x750a
[State 3] Inst Executing 0x750c
[State 3] Inst Executing 0x750e
[State 3] Inst Executing 0x7510
[State 3] Inst Executing 0x7512
[State 3] Inst Executing 0x7514
[State 3] Inst Executing 0x7658
[State 3] Inst Executing 0x765c
[State 3] Inst Executing 0x7660
[State 3] Inst Executing 0x7664
[State 3] Inst Executing 0x7666
[State 3] Inst Executing 0x7668
[State 3] Inst Executing 0x751c
[State 3] Inst Executing 0x751e
[State 3] Inst Executing 0x7520
[State 3] Inst Executing 0x7520
[State 3] Inst Executing 0x7522
[State 3] Inst Executing 0x7524
[State 3] Inst Executing 0x7526
[State 3] Inst Executing 0x7528
[State 3] Inst Executing 0x752a
[State 3] Inst Executing 0x752c
[State 3] Inst Executing 0x766a
[State 3] Inst Executing 0x766c
[State 3] Inst Executing 0x766e
[State 3] Inst Executing 0x7670
[State 3] Inst Executing 0x7672
[State 3] Inst Executing 0x7416
[State 3] Inst Executing 0x741a
[State 3] Inst Executing 0x741e
[State 3] Inst Executing 0x7422
[State 3] Inst Executing 0x7426
[State 3] Inst Executing 0x7428
[State 3] Inst Executing 0x742a
[State 3] Inst Executing 0x7674
[State 3] Inst Executing 0x7676
[State 3] Inst Executing 0x7678
[State 3] Inst Executing 0x767a
[State 3] Inst Executing 0x74c6
[State 3] Inst Executing 0x74c8
[State 3] Inst Executing 0x74ca
[State 3] Inst Executing 0x74ce
[State 3] Inst Executing 0x74d0
[State 3] Inst Executing 0x756a
[State 3] Inst Executing 0x756c
[State 3] Inst Executing 0x756e
[State 3] Inst Executing 0x7572
[State 3] Inst Executing 0x7574
[State 3] Inst Executing 0x7576
[State 3] Inst Executing 0x7578
[State 3] Inst Executing 0x757a
[State 3] Inst Executing 0x7506
[State 3] Inst Executing 0x750a
[State 3] Inst Executing 0x750c
[State 3] Inst Executing 0x750e
[State 3] Inst Executing 0x7510
[State 3] Inst Executing 0x7512
[State 3] Inst Executing 0x7514
[State 3] Inst Executing 0x7658
[State 3] Inst Executing 0x765c
[State 3] Inst Executing 0x7660
[State 3] Inst Executing 0x7664
[State 3] Inst Executing 0x7666
[State 3] Inst Executing 0x7668
[State 3] Inst Executing 0x751c
[State 3] Inst Executing 0x751e
[State 3] Inst Executing 0x7520
[State 3] Inst Executing 0x7520
[State 3] Inst Executing 0x7522
[State 3] Inst Executing 0x7524
[State 3] Inst Executing 0x7526
[State 3] Inst Executing 0x7528
[State 3] Inst Executing 0x752a
[State 3] Inst Executing 0x752c
[State 3] Inst Executing 0x766a
[State 3] Inst Executing 0x766c
[State 3] Inst Executing 0x766e
[State 3] Inst Executing 0x7670
[State 3] Inst Executing 0x7672
[State 3] Inst Executing 0x7416
[State 3] Inst Executing 0x741a
[State 3] Inst Executing 0x741e
[State 3] Inst Executing 0x7422
[State 3] Inst Executing 0x7426
[State 3] Inst Executing 0x7428
[State 3] Inst Executing 0x742a
[State 3] Inst Executing 0x7674
[State 3] Inst Executing 0x7676
[State 3] Inst Executing 0x7678
[State 3] Inst Executing 0x767a
[State 3] Inst Executing 0x74c6
[State 3] Inst Executing 0x74c8
[State 3] Inst Executing 0x74ca
[State 3] Inst Executing 0x74ce
[State 3] Inst Executing 0x74d0
[State 3] Inst Executing 0x756a
[State 3] Inst Executing 0x756c
[State 3] Inst Executing 0x756e
[State 3] Inst Executing 0x7572
[State 3] Inst Executing 0x7574
[State 3] Inst Executing 0x7576
[State 3] Inst Executing 0x7578
[State 3] Inst Executing 0x757a
[State 3] Inst Executing 0x7506
[State 3] Inst Executing 0x750a
[State 3] Inst Executing 0x750c
[State 3] Inst Executing 0x750e
[State 3] Inst Executing 0x7510
[State 3] Inst Executing 0x7512
[State 3] Inst Executing 0x7514
[State 3] Inst Executing 0x7658
[State 3] Inst Executing 0x765c
[State 3] Inst Executing 0x7660
[State 3] Inst Executing 0x7664
[State 3] Inst Executing 0x7666
[State 3] Inst Executing 0x7668
[State 3] Inst Executing 0x751c
[State 3] Inst Executing 0x751e
[State 3] Inst Executing 0x7520
[State 3] Inst Executing 0x7520
[State 3] Inst Executing 0x7522
[State 3] Inst Executing 0x7524
[State 3] Inst Executing 0x7526
[State 3] Inst Executing 0x7528
[State 3] Inst Executing 0x752a
[State 3] Inst Executing 0x752c
[State 3] Inst Executing 0x766a
[State 3] Inst Executing 0x766c
[State 3] Inst Executing 0x766e
[State 3] Inst Executing 0x7670
[State 3] Inst Executing 0x7672
[State 3] Inst Executing 0x7416
[State 3] Inst Executing 0x741a
[State 3] Inst Executing 0x741e
[State 3] Inst Executing 0x7422
[State 3] Inst Executing 0x7426
[State 3] Inst Executing 0x7428
[State 3] Inst Executing 0x742a
[State 3] Inst Executing 0x7674
[State 3] Inst Executing 0x7676
[State 3] Inst Executing 0x7678
[State 3] Inst Executing 0x767a
[State 3] Inst Executing 0x74c6
[State 3] Inst Executing 0x74c8
[State 3] Inst Executing 0x74ca
[State 3] Inst Executing 0x74ce
[State 3] Inst Executing 0x74d0
[State 3] Inst Executing 0x756a
[State 3] Inst Executing 0x756c
[State 3] Inst Executing 0x756e
[State 3] Inst Executing 0x7572
[State 3] Inst Executing 0x7574
[State 3] Inst Executing 0x7576
[State 3] Inst Executing 0x7578
[State 3] Inst Executing 0x757a
[State 3] Inst Executing 0x7506
[State 3] Inst Executing 0x750a
[State 3] Inst Executing 0x750c
[State 3] Inst Executing 0x750e
[State 3] Inst Executing 0x7510
[State 3] Inst Executing 0x7512
[State 3] Inst Executing 0x7514
[State 3] Inst Executing 0x7658
[State 3] Inst Executing 0x765c
[State 3] Inst Executing 0x7660
[State 3] Inst Executing 0x7664
[State 3] Inst Executing 0x7666
[State 3] Inst Executing 0x7668
[State 3] Inst Executing 0x751c
[State 3] Inst Executing 0x751e
[State 3] Inst Executing 0x7520
[State 3] Inst Executing 0x7520
[State 3] Inst Executing 0x7522
[State 3] Inst Executing 0x7524
[State 3] Inst Executing 0x7526
[State 3] Inst Executing 0x7528
[State 3] Inst Executing 0x752a
[State 3] Inst Executing 0x752c
[State 3] Inst Executing 0x766a
[State 3] Inst Executing 0x766c
[State 3] Inst Executing 0x766e
[State 3] Inst Executing 0x7670
[State 3] Inst Executing 0x7672
[State 3] Inst Executing 0x7416
[State 3] Inst Executing 0x741a
[State 3] Inst Executing 0x741e
[State 3] Inst Executing 0x7422
[State 3] Inst Executing 0x7426
[State 3] Inst Executing 0x7428
[State 3] Inst Executing 0x742a
[State 3] Inst Executing 0x7674
[State 3] Inst Executing 0x7676
[State 3] Inst Executing 0x7678
[State 3] Inst Executing 0x767a
[State 3] Inst Executing 0x74c6
[State 3] Inst Executing 0x74c8
[State 3] Inst Executing 0x74ca
[State 3] Inst Executing 0x74ce
[State 3] Inst Executing 0x74d0
[State 3] Inst Executing 0x756a
[State 3] Inst Executing 0x756c
[State 3] Inst Executing 0x756e
[State 3] Inst Executing 0x7572
[State 3] Inst Executing 0x7574
[State 3] Inst Executing 0x7576
[State 3] Inst Executing 0x7578
[State 3] Inst Executing 0x757a
[State 3] Inst Executing 0x7506
[State 3] Inst Executing 0x750a
[State 3] Inst Executing 0x750c
[State 3] Inst Executing 0x750e
[State 3] Inst Executing 0x7510
[State 3] Inst Executing 0x7512
[State 3] Inst Executing 0x7514
[State 3] Inst Executing 0x7658
[State 3] Inst Executing 0x765c
[State 3] Inst Executing 0x7660
[State 3] Inst Executing 0x7664
[State 3] Inst Executing 0x7666
[State 3] Inst Executing 0x7668
[State 3] Inst Executing 0x751c
[State 3] Inst Executing 0x751e
[State 3] Inst Executing 0x7520
[State 3] Inst Executing 0x7520
[State 3] Inst Executing 0x7522
[State 3] Inst Executing 0x7524
[State 3] Inst Executing 0x7526
[State 3] Inst Executing 0x7528
[State 3] Inst Executing 0x752a
[State 3] Inst Executing 0x752c
[State 3] Inst Executing 0x7530
[State 3] Inst Executing 0x7532
[State 3] Inst Executing 0x7534
[State 3] Inst Executing 0x7536
[State 3] Inst Executing 0x7538
[State 3] Inst Executing 0x7416
[State 3] Inst Executing 0x741a
[State 3] Inst Executing 0x741e
[State 3] Inst Executing 0x7422
[State 3] Inst Executing 0x7426
[State 3] Inst Executing 0x7428
[State 3] Inst Executing 0x742a
[State 3] Inst Executing 0x7674
[State 3] Inst Executing 0x7676
[State 3] Inst Executing 0x7678
[State 3] Inst Executing 0x767a
[State 3] Inst Executing 0x74c6
[State 3] Inst Executing 0x74c8
[State 3] Inst Executing 0x74ca
[State 3] Inst Executing 0x74ce
[State 3] Inst Executing 0x74d0
[State 3] Inst Executing 0x74d2
[State 3] Inst Executing 0x74d4
[State 3] Inst Executing 0x761c
[State 3] Inst Executing 0x761e
[State 3] Inst Executing 0x7620
[State 3] Inst Executing 0x7624
[State 3] Inst Executing 0x7628
[State 3] Inst Executing 0x7652
[State 3] Inst Executing 0x7656
[State 3] Inst Executing 0x7634
[State 3] Inst Executing 0x7636
[State 3] Inst Executing 0x7648
[State 3] Inst Executing 0x764a
[State 3] Inst Executing 0x764c
[State 3] Inst Executing 0x764e
[State 3] Inst Executing 0x7650
[State 3] Inst Executing 0x7580
[State 3] Inst Executing 0x7584
[State 3] Inst Executing 0x7586
[State 3] Inst Executing 0x758a
[State 3] Inst Executing 0x758e
[State 3] Inst Executing 0x7592
[State 3] Inst Executing 0x7596
[State 3] Inst Executing 0x7598
[State 3] Inst Executing 0x759c
[State 3] Inst Executing 0xd7a0
[State 3] Inst Executing 0x759e
[State 3] Inst Executing 0x75a2
[State 3] Inst Executing 0x75a6
[State 3] Inst Executing 0x75aa
[State 3] Inst Executing 0x75ac
[State 3] Inst Executing 0x75b0
[State 3] Inst Executing 0x75b2
[State 3] Inst Executing 0x75b4
[State 3] Inst Executing 0x75b8
[State 3] Inst Executing 0x75ba
[State 3] Inst Executing 0x75bc
[State 3] Inst Executing 0x75c0
[State 3] Inst Executing 0x75c2
[State 3] Inst Executing 0x75c6
[State 3] Inst Executing 0x770c
[State 3] Inst Executing 0x770e
[State 3] Inst Executing 0x7710
[State 3] Inst Executing 0x7712
[State 3] Inst Executing 0x7714
[State 3] Inst Executing 0x7718
[State 3] Inst Executing 0x771a
[State 3] Inst Executing 0x771c
[State 3] Inst Executing 0x73bc
[State 3] Inst Executing 0x73be
[State 3] Inst Executing 0x73c2
[State 3] Inst Executing 0x73c4
[State 3] Inst Executing 0x73c6
[State 3] Inst Executing 0x73c8
[State 3] Inst Executing 0x73ca
[State 3] Inst Executing 0x73cc
[State 3] Inst Executing 0x75aa
[State 3] Inst Executing 0x75ac
[State 3] Inst Executing 0x75b0
[State 3] Inst Executing 0x75b2
[State 3] Inst Executing 0x75b4
[State 3] Inst Executing 0x75b8
[State 3] Inst Executing 0x75ba
[State 3] Inst Executing 0x75bc
[State 3] Inst Executing 0x75c0
[State 3] Inst Executing 0x75c2
[State 3] Inst Executing 0x75c6
[State 3] Inst Executing 0x770c
[State 3] Inst Executing 0x770e
[State 3] Inst Executing 0x7710
[State 3] Inst Executing 0x7712
[State 3] Inst Executing 0x7714
[State 3] Inst Executing 0x7718
[State 3] Inst Executing 0x7726
[State 3] Inst Executing 0x7728
[State 3] Inst Executing 0x7cbc
[State 3] Inst Executing 0x7cc0
[State 3] Inst Executing 0x7cc2
[State 3] Inst Executing 0x7cc4
[State 3] Inst Executing 0x7cc6
[State 3] Inst Executing 0x7cc8
[State 3] Inst Executing 0x7cca
[State 3] Inst Executing 0x7e16
[State 3] Inst Executing 0x7e1a
[State 3] Inst Executing 0x7e1e
[State 3] Inst Executing 0x7e20
[State 3] Inst Executing 0x7e22
[State 3] Inst Executing 0x7e26
[State 3] Inst Executing 0x7e28
[State 3] Inst Executing 0x7d58
[State 3] Inst Executing 0x7d5c
[State 3] Inst Executing 0x7d5e
[State 3] Inst Executing 0x7d60
[State 3] Inst Executing 0x7d62
[State 3] Inst Executing 0x7d64
[State 3] Inst Executing 0x7df0
[State 3] Inst Executing 0x7df2
[State 3] Inst Executing 0x7df6
[State 3] Inst Executing 0x7dfa
[State 3] Inst Executing 0x7dfc
[State 3] Inst Executing 0x7d5c
[State 3] Inst Executing 0x7d5e
[State 3] Inst Executing 0x7d60
[State 3] Inst Executing 0x7d62
[State 3] Inst Executing 0x7d64
[State 3] Inst Executing 0x7df0
[State 3] Inst Executing 0x7df2
[State 3] Inst Executing 0x7df6
[State 3] Inst Executing 0x7dfa
[State 3] Inst Executing 0x7dfc
[State 3] Inst Executing 0x7d5c
[State 3] Inst Executing 0x7d5e
[State 3] Inst Executing 0x7d60
[State 3] Inst Executing 0x7d62
[State 3] Inst Executing 0x7d64
[State 3] Inst Executing 0x7d66
[State 3] Inst Executing 0x7d68
[State 3] Inst Executing 0x7d6c
[State 3] Inst Executing 0x7d6e
[State 3] Inst Executing 0x7d72
[State 3] Inst Executing 0x7d74
[State 3] Inst Executing 0x7d76
[State 3] Inst Executing 0x7d78
[State 3] Inst Executing 0x7d7a
[State 3] Inst Executing 0x7ddc
[State 3] Inst Executing 0x7dde
[State 3] Inst Executing 0x7de0
[State 3] Inst Executing 0x7de2
[State 3] Inst Executing 0x7de4
[State 3] Inst Executing 0x7de6
[State 3] Inst Executing 0x7de8
[State 3] Inst Executing 0x7dea
[State 3] Inst Executing 0x7dec
[State 3] Inst Executing 0x7dee
[State 3] Inst Executing 0x7d66
[State 3] Inst Executing 0x7d68
[State 3] Inst Executing 0x7d6c
[State 3] Inst Executing 0x7d6e
[State 3] Inst Executing 0x7d72
[State 3] Inst Executing 0x7d74
[State 3] Inst Executing 0x7d76
[State 3] Inst Executing 0x7d78
[State 3] Inst Executing 0x7d7a
[State 3] Inst Executing 0x7ddc
[State 3] Inst Executing 0x7dde
[State 3] Inst Executing 0x7de0
[State 3] Inst Executing 0x7de2
[State 3] Inst Executing 0x7de4
[State 3] Inst Executing 0x7de6
[State 3] Inst Executing 0x7de8
[State 3] Inst Executing 0x7dea
[State 3] Inst Executing 0x7dec
[State 3] Inst Executing 0x7dee
[State 3] Inst Executing 0x7df0
[State 3] Inst Executing 0x7df2
[State 3] Inst Executing 0x7df6
[State 3] Inst Executing 0x7dfa
[State 3] Inst Executing 0x7dfc
[State 3] Inst Executing 0x7d5c
[State 3] Inst Executing 0x7d5e
[State 3] Inst Executing 0x7d60
[State 3] Inst Executing 0x7d62
[State 3] Inst Executing 0x7d64
[State 3] Inst Executing 0x7df0
[State 3] Inst Executing 0x7df2
[State 3] Inst Executing 0x7df6
[State 3] Inst Executing 0x7c60
[State 3] Inst Executing 0x7c62
[State 3] Inst Executing 0x7c66
[State 3] Inst Executing 0x7c6a
[State 3] Inst Executing 0x7e68
[State 3] Inst Executing 0x7e6c
[State 3] Inst Executing 0x7cd4
[State 3] Inst Executing 0x7cd6
[State 3] Inst Executing 0x7cda
[State 3] Inst Executing 0x7cdc
[State 3] Inst Executing 0x7cde
[State 3] Inst Executing 0x7ce2
[State 3] Inst Executing 0x7ce6
[State 3] Inst Executing 0x7cea
[State 3] Inst Executing 0x7cee
[State 3] Inst Executing 0x7cee
[State 3] Inst Executing 0x7cf0
[State 3] Inst Executing 0xf938
[State 3] Inst Executing 0xf93a
[State 3] Inst Executing 0xf93e
[State 3] Inst Executing 0x7cf4
[State 3] Inst Executing 0x7cf8
[State 3] Inst Executing 0x7cfc
[State 3] Inst Executing 0x7cfe
[State 3] Inst Executing 0x7d02
[State 3] Inst Executing 0x7d04
[State 3] Inst Executing 0x7d06
[State 3] Inst Executing 0x7d08
[State 3] Inst Executing 0x7d0a
[State 3] Inst Executing 0x7d0c
[State 3] Inst Executing 0x7d10
[State 3] Inst Executing 0x7d12
[State 3] Inst Executing 0x7d14
[State 3] Inst Executing 0x10520
[State 3] Inst Executing 0x10522
[State 3] Inst Executing 0x10524
[State 3] Inst Executing 0xf944
[State 3] Inst Executing 0xf946
[State 3] Inst Executing 0xf94a
[State 3] Inst Executing 0xf94e
[State 3] Inst Executing 0x7d16
[State 3] Inst Executing 0xf938
[State 3] Inst Executing 0xf93a
[State 3] Inst Executing 0xf93e
[State 3] Inst Executing 0x7d1a
[State 3] Inst Executing 0x7d1c
[State 3] Inst Executing 0x7d1e
[State 3] Inst Executing 0x7d22
[State 3] Inst Executing 0x7d26
[State 3] Inst Executing 0x7d28
[State 3] Inst Executing 0x7d2a
[State 3] Inst Executing 0x7d2c
[State 3] Inst Executing 0x7d30
[State 3] Inst Executing 0x7d32
[State 3] Inst Executing 0x7d34
[State 3] Inst Executing 0x7d36
[State 3] Inst Executing 0x71e8
[State 3] Inst Executing 0x71ea
[State 3] Inst Executing 0x71ec
[State 3] Inst Executing 0x71f0
[State 3] Inst Executing 0x71f2
[State 3] Inst Executing 0x71f6
[State 3] Inst Executing 0x71fa
[State 3] Inst Executing 0x71fc
[State 3] Inst Executing 0x7200
[State 3] Inst Executing 0x7202
[State 3] Inst Executing 0x7206
[State 3] Inst Executing 0x7208
[State 3] Inst Executing 0x7010
[State 3] Inst Executing 0x7012
[State 3] Inst Executing 0x7014
[State 3] Inst Executing 0x7016
[State 3] Inst Executing 0x7024
[State 3] Inst Executing 0x7026
[State 3] Inst Executing 0x701c
[State 3] Inst Executing 0x701e
[State 3] Inst Executing 0x7020
[State 3] Inst Executing 0x7022
[State 3] Inst Executing 0x720c
[State 3] Inst Executing 0x720e
[State 3] Inst Executing 0x7210
[State 3] Inst Executing 0x7214
[State 3] Inst Executing 0x7216
[State 3] Inst Executing 0x721a
[State 3] Inst Executing 0x721c
[State 3] Inst Executing 0x7220
[State 3] Inst Executing 0x7222
[State 3] Inst Executing 0x7224
[State 3] Inst Executing 0x7226
[State 3] Inst Executing 0x7228
[State 3] Inst Executing 0x722a
[State 3] Inst Executing 0x7000
[State 3] Inst Executing 0x7002
[State 3] Inst Executing 0x700c
[State 3] Inst Executing 0x700e
[State 3] Inst Executing 0x722e
[State 3] Inst Executing 0x7230
[State 3] Inst Executing 0x7232
[State 3] Inst Executing 0x7288
[State 3] Inst Executing 0x728c
[State 3] Inst Executing 0x7292
[State 3] Inst Executing 0x7296
[State 3] Inst Executing 0x7298
[State 3] Inst Executing 0x729a
[State 3] Inst Executing 0x729c
[State 3] Inst Executing 0x729e
[State 3] Inst Executing 0x72a2
[State 3] Inst Executing 0x10450
[State 3] Inst Executing 0x10452
[State 3] Inst Executing 0x10454
[State 3] Inst Executing 0x10456
[State 3] Inst Executing 0x1045c
[State 3] Inst Executing 0x1045e
[State 3] Inst Executing 0x10462
[State 3] Inst Executing 0x10466
[State 3] Inst Executing 0x72a6
[State 3] Inst Executing 0x72a8
[State 3] Inst Executing 0x3676
[State 3] Inst Executing 0x367a
[State 3] Inst Executing 0x367c
[State 3] Inst Executing 0x33f0
[State 3] Inst Executing 0x33f2
[State 3] Inst Executing 0x33f4
[State 3] Inst Executing 0x33f6
[State 3] Inst Executing 0x33f8
[State 3] Inst Executing 0x33fa
[State 3] Inst Executing 0x33fc
[State 3] Inst Executing 0x3400
[State 3] Inst Executing 0x3402
[State 3] Inst Executing 0x3440
[State 3] Inst Executing 0x3442
[State 3] Inst Executing 0x3444
[State 3] Inst Executing 0x3448
[State 3] Inst Executing 0x344a
[State 3] Inst Executing 0x344e
[State 3] Inst Executing 0x3452
[State 3] Inst Executing 0x3454
[State 3] Inst Executing 0x3458
[State 3] Inst Executing 0x345c
[State 3] Inst Executing 0x345e
[State 3] Inst Executing 0x3462
[State 3] Inst Executing 0x3464
[State 3] Inst Executing 0x3466
[State 3] Inst Executing 0x3468
[State 3] Inst Executing 0x346a
[State 3] Inst Executing 0x346c
[State 3] Inst Executing 0x346e
[State 3] Inst Executing 0x3472
[State 3] Inst Executing 0x3476
[State 3] Inst Executing 0x347a
[State 3] Inst Executing 0x347e
[State 3] Inst Executing 0x364c
[State 3] Inst Executing 0x364e
[State 3] Inst Executing 0x3650
[State 3] Inst Executing 0x3652
[State 3] Inst Executing 0x3654
[State 3] Inst Executing 0x3656
[State 3] Inst Executing 0x3658
[State 3] Inst Executing 0x365a
[State 3] Inst Executing 0x365c
[State 3] Inst Executing 0x3660
[State 3] Inst Executing 0x3662
[State 3] Inst Executing 0x3666
[State 3] Inst Executing 0x366a
[State 3] Inst Executing 0x366e
[State 3] Inst Executing 0x3670
[State 3] Inst Executing 0x3672
[State 3] Inst Executing 0x3674
[State 3] Inst Executing 0xe550
[State 3] Inst Executing 0xe552
[State 3] Inst Executing 0xe554
[State 3] Inst Executing 0xe554
[State 3] Inst Executing 0xe558
[State 3] Inst Executing 0xe55a
[State 3] Inst Executing 0xe55c
[State 3] Inst Executing 0x7180
[State 3] Inst Executing 0x7182
[State 3] Inst Executing 0x7184
[State 3] Inst Executing 0x7186
[State 3] Inst Executing 0x72ba
[State 3] Inst Executing 0xe560
[State 3] Inst Executing 0xe564
[State 3] Inst Executing 0xe566
[State 3] Inst Executing 0x7180
[State 3] Inst Executing 0x7182
[State 3] Inst Executing 0x7184
[State 3] Inst Executing 0x7186
[State 3] Inst Executing 0x718a
[State 3] Inst Executing 0x718e
[State 3] Inst Executing 0x7190
[State 3] Inst Executing 0x7194
[State 3] Inst Executing 0x7196
[State 3] Inst Executing 0x7198
[State 3] Inst Executing 0x719c
[State 3] Inst Executing 0x719e
[State 3] Inst Executing 0x71a2
[State 3] Inst Executing 0x71a6
[State 3] Inst Executing 0x71a8
[State 3] Inst Executing 0x71ac
[State 3] Inst Executing 0x71ae
[State 3] Inst Executing 0x71b2
[State 3] Inst Executing 0x71b4
[State 3] Inst Executing 0x71b6
[State 3] Inst Executing 0x71b8
[State 3] Inst Executing 0x71bc
[State 3] Inst Executing 0x71be
[State 3] Inst Executing 0x71c0
[State 3] Inst Executing 0x7000
[State 3] Inst Executing 0x7002
[State 3] Inst Executing 0x700c
[State 3] Inst Executing 0x700e
[State 3] Inst Executing 0x71c4
[State 3] Inst Executing 0x71c8
[State 3] Inst Executing 0x71ca
[State 3] Inst Executing 0x71cc
[State 3] Inst Executing 0x7238
[State 3] Inst Executing 0x723c
[State 3] Inst Executing 0x7240
[State 3] Inst Executing 0x7242
[State 3] Inst Executing 0x724c
[State 3] Inst Executing 0x7250
[State 3] Inst Executing 0x7254
[State 3] Inst Executing 0x7256
[State 3] Inst Executing 0x7260
[State 3] Inst Executing 0x7264
[State 3] Inst Executing 0x7268
[State 3] Inst Executing 0x726c
[State 3] Inst Executing 0x7270
[State 3] Inst Executing 0x71b6
[State 3] Inst Executing 0x71b8
[State 3] Inst Executing 0x71bc
[State 3] Inst Executing 0x71be
[State 3] Inst Executing 0x71c0
[State 3] Inst Executing 0x7000
[State 3] Inst Executing 0x7002
[State 3] Inst Executing 0x700c
[State 3] Inst Executing 0x700e
[State 3] Inst Executing 0x71c4
[State 3] Inst Executing 0x71c8
[State 3] Inst Executing 0x71ca
[State 3] Inst Executing 0x71cc
[State 3] Inst Executing 0x7238
[State 3] Inst Executing 0x723c
[State 3] Inst Executing 0x7240
[State 3] Inst Executing 0x7242
[State 3] Inst Executing 0x724c
[State 3] Inst Executing 0x7250
[State 3] Inst Executing 0x7254
[State 3] Inst Executing 0x7256
[State 3] Inst Executing 0x7260
[State 3] Inst Executing 0x7264
[State 3] Inst Executing 0x7268
[State 3] Inst Executing 0x726c
[State 3] Inst Executing 0x7270
[State 3] Inst Executing 0x71b6
[State 3] Inst Executing 0x71b8
[State 3] Inst Executing 0x71bc
[State 3] Inst Executing 0x71be
[State 3] Inst Executing 0x71c0
[State 3] Inst Executing 0x7000
[State 3] Inst Executing 0x7002
[State 3] Inst Executing 0x700c
[State 3] Inst Executing 0x700e
[State 3] Inst Executing 0x71c4
[State 3] Inst Executing 0x71c8
[State 3] Inst Executing 0x71ca
[State 3] Inst Executing 0x71cc
[State 3] Inst Executing 0x7238
[State 3] Inst Executing 0x723c
[State 3] Inst Executing 0x7240
[State 3] Inst Executing 0x7242
[State 3] Inst Executing 0x7244
[State 3] Inst Executing 0x7248
[State 3] Inst Executing 0x724a
[State 3] Inst Executing 0x724c
[State 3] Inst Executing 0x7250
[State 3] Inst Executing 0x7254
[State 3] Inst Executing 0x7256
[State 3] Inst Executing 0x7258
[State 3] Inst Executing 0x725c
[State 3] Inst Executing 0x725e
[State 3] Inst Executing 0x7260
[State 3] Inst Executing 0x7264
[State 3] Inst Executing 0x7268
[State 3] Inst Executing 0x726c
[State 3] Inst Executing 0x7270
[State 3] Inst Executing 0x71b6
[State 3] Inst Executing 0x71b8
[State 3] Inst Executing 0x71bc
[State 3] Inst Executing 0x71be
[State 3] Inst Executing 0x71c0
[State 3] Inst Executing 0x7000
[State 3] Inst Executing 0x7002
[State 3] Inst Executing 0x700c
[State 3] Inst Executing 0x700e
[State 3] Inst Executing 0x71c4
[State 3] Inst Executing 0x71c8
[State 3] Inst Executing 0x71ca
[State 3] Inst Executing 0x71cc
[State 3] Inst Executing 0x7238
[State 3] Inst Executing 0x723c
[State 3] Inst Executing 0x7240
[State 3] Inst Executing 0x7242
[State 3] Inst Executing 0x724c
[State 3] Inst Executing 0x7250
[State 3] Inst Executing 0x7254
[State 3] Inst Executing 0x7256
[State 3] Inst Executing 0x7260
[State 3] Inst Executing 0x7264
[State 3] Inst Executing 0x7268
[State 3] Inst Executing 0x726c
[State 3] Inst Executing 0x7270
[State 3] Inst Executing 0x7272
[State 3] Inst Executing 0x7276
[State 3] Inst Executing 0x7278
[State 3] Inst Executing 0x727a
[State 3] Inst Executing 0x72a6
[State 3] Inst Executing 0x72a8
[State 3] Inst Executing 0x3676
[State 3] Inst Executing 0x367a
[State 3] Inst Executing 0x367c
[State 3] Inst Executing 0x33f0
[State 3] Inst Executing 0x33f2
[State 3] Inst Executing 0x33f4
[State 3] Inst Executing 0x33f6
[State 3] Inst Executing 0x33f8
[State 3] Inst Executing 0x3402
[State 3] Inst Executing 0x35e6
[State 3] Inst Executing 0x35e8
[State 3] Inst Executing 0x11254
[State 3] Inst Executing 0x1122c
[State 3] Inst Executing 0x11230
[State 3] Inst Executing 0x11234
[State 3] Inst Executing 0x11238
[State 3] Inst Executing 0x1123c
[State 3] Inst Executing 0x151d4
[State 3] Inst Executing 0x151d6
[State 3] Inst Executing 0x151da
[State 3] Inst Executing 0x151de
[State 3] Inst Executing 0x151e2
[State 3] Inst Executing 0x151e6
[State 3] Inst Executing 0x120ac
[State 3] Inst Executing 0x120ae
[State 3] Inst Executing 0x120b0
[State 3] Inst Executing 0x120b2
[State 3] Inst Executing 0x120b4
[State 3] Inst Executing 0x120b6
[State 3] Inst Executing 0x120b8
[State 3] Inst Executing 0x12070
[State 3] Inst Executing 0x12072
[State 3] Inst Executing 0x12074
[State 3] Inst Executing 0x12076
[State 3] Inst Executing 0x335c
[State 3] Inst Executing 0x3360
[State 3] Inst Executing 0x3364
[State 3] Inst Executing 0x3368
[State 3] Inst Executing 0x336c
[State 3] Inst Executing 0x336e
[State 3] Inst Executing 0x336e
[State 3] Inst Executing 0x3372
[State 3] Inst Executing 0x3374
[State 3] Inst Executing 0x3376
[State 3] Inst Executing 0x3378
[State 3] Inst Executing 0x337c
[State 3] Inst Executing 0x3380
[State 3] Inst Executing 0x3384
[State 3] Inst Executing 0x120bc
[State 3] Inst Executing 0x120d4
[State 3] Inst Executing 0x120d8
[State 3] Inst Executing 0x120c6
[State 3] Inst Executing 0x120c8
[State 3] Inst Executing 0x120ca
[State 3] Inst Executing 0x120d2
[State 3] Inst Executing 0x151ea
[State 3] Inst Executing 0x151ee
[State 3] Inst Executing 0x151f2
[State 3] Inst Executing 0x11240
[State 3] Inst Executing 0x11242
[State 3] Inst Executing 0x11244
[State 3] Inst Executing 0x11246
[State 3] Inst Executing 0x11248
[State 3] Inst Executing 0x1124a
[State 3] Inst Executing 0x151f4
[State 3] Inst Executing 0x151f6
[State 3] Inst Executing 0x151f8
[State 3] Inst Executing 0x151fa
[State 3] Inst Executing 0x151fe
[State 3] Inst Executing 0x15202
[State 3] Inst Executing 0x15206
[State 3] Inst Executing 0x1520a
[State 3] Inst Executing 0x120ac
[State 3] Inst Executing 0x120ae
[State 3] Inst Executing 0x120b0
[State 3] Inst Executing 0x120b2
[State 3] Inst Executing 0x120b4
[State 3] Inst Executing 0x120b6
[State 3] Inst Executing 0x120b8
[State 3] Inst Executing 0x12070
[State 3] Inst Executing 0x12072
[State 3] Inst Executing 0x12074
[State 3] Inst Executing 0x12076
[State 3] Inst Executing 0x335c
[State 3] Inst Executing 0x3360
[State 3] Inst Executing 0x3364
[State 3] Inst Executing 0x3368
[State 3] Inst Executing 0x336c
[State 3] Inst Executing 0x336e
[State 3] Inst Executing 0x336e
[State 3] Inst Executing 0x3372
[State 3] Inst Executing 0x3374
[State 3] Inst Executing 0x3376
[State 3] Inst Executing 0x3378
[State 3] Inst Executing 0x337c
[State 3] Inst Executing 0x3380
[State 3] Inst Executing 0x3384
[State 3] Inst Executing 0x120bc
[State 3] Inst Executing 0x120d4
[State 3] Inst Executing 0x120d8
[State 3] Inst Executing 0x120c6
[State 3] Inst Executing 0x120c8
[State 3] Inst Executing 0x120ca
[State 3] Inst Executing 0x120d2
[State 3] Inst Executing 0x1520e
[State 3] Inst Executing 0x15210
[State 3] Inst Executing 0x15212
[State 3] Inst Executing 0x15214
[State 3] Inst Executing 0x1521e
[State 3] Inst Executing 0x15222
[State 3] Inst Executing 0x15226
[State 3] Inst Executing 0x1124e
[State 3] Inst Executing 0x11250
[State 3] Inst Executing 0x35e0
[State 3] Inst Executing 0x35e2
[State 3] Inst Executing 0x364c
[State 3] Inst Executing 0x364e
[State 3] Inst Executing 0x3650
[State 3] Inst Executing 0x3652
[State 3] Inst Executing 0x3654
[State 3] Inst Executing 0x3656
[State 3] Inst Executing 0x3658
[State 3] Inst Executing 0x365a
[State 3] Inst Executing 0x365c
[State 3] Inst Executing 0x3660
[State 3] Inst Executing 0x3662
[State 3] Inst Executing 0x3666
[State 3] Inst Executing 0x366a
[State 3] Inst Executing 0x366e
[State 3] Inst Executing 0x3670
[State 3] Inst Executing 0x3672
[State 3] Inst Executing 0x3674
[State 3] Inst Executing 0xe550
[State 3] Inst Executing 0xe552
[State 3] Inst Executing 0xe554
[State 3] Inst Executing 0xe554
[State 3] Inst Executing 0xe558
[State 3] Inst Executing 0xe56a
[State 3] Inst Executing 0xe56c
[State 3] Inst Executing 0xe56c
[State 3] Inst Executing 0xe570
[State 3] Inst Executing 0x7ed4
[State 3] Inst Executing 0x7ed6
[State 3] Inst Executing 0x7ed8
[State 3] Inst Executing 0x7edc
[State 3] Inst Executing 0x7ede
[State 3] Inst Executing 0x7ee0
[State 3] Inst Executing 0x7ee2
[State 3] Inst Executing 0x7ee6
[State 3] Inst Executing 0x7eea
[State 3] Inst Executing 0x7eee
[State 3] Inst Executing 0x7ef0
[State 3] Inst Executing 0x7ef2
[State 3] Inst Executing 0x7ef4
[State 3] Inst Executing 0x7ef6
[State 3] Inst Executing 0x7ef8
[State 3] Inst Executing 0x10484
[State 3] Inst Executing 0x10486
[State 3] Inst Executing 0x10488
[State 3] Inst Executing 0x1048a
[State 3] Inst Executing 0x1048c
[State 3] Inst Executing 0x1048e
[State 3] Inst Executing 0x104b2
[State 3] Inst Executing 0x104b4
[State 3] Inst Executing 0x104b6
[State 3] Inst Executing 0x104b8
[State 3] Inst Executing 0x104ba
[State 3] Inst Executing 0x104bc
[State 3] Inst Executing 0x104be
[State 3] Inst Executing 0x104c0
[State 3] Inst Executing 0x70d8
[State 3] Inst Executing 0x70da
[State 3] Inst Executing 0x70dc
[State 3] Inst Executing 0x70de
[State 3] Inst Executing 0x70e0
[State 3] Inst Executing 0x70e2
[State 3] Inst Executing 0x70e4
[State 3] Inst Executing 0x70e6
[State 3] Inst Executing 0x70e8
[State 3] Inst Executing 0x70ec
[State 3] Inst Executing 0x70fa
[State 3] Inst Executing 0x70fc
[State 3] Inst Executing 0x70fe
[State 3] Inst Executing 0x7102
[State 3] Inst Executing 0x7104
[State 3] Inst Executing 0x7108
[State 3] Inst Executing 0x710a
[State 3] Inst Executing 0x710c
[State 3] Inst Executing 0x710e
[State 3] Inst Executing 0x7110
[State 3] Inst Executing 0x7112
[State 3] Inst Executing 0x7114
[State 3] Inst Executing 0x7116
[State 3] Inst Executing 0x6ff0
[State 3] Inst Executing 0x6ff2
[State 3] Inst Executing 0x6ff4
[State 3] Inst Executing 0x6ff6
[State 3] Inst Executing 0x6ff8
[State 3] Inst Executing 0x6ffa
[State 3] Inst Executing 0x6ffc
[State 3] Inst Executing 0x6ffe
[State 3] Inst Executing 0x711a
[State 3] Inst Executing 0x711c
[State 3] Inst Executing 0x711e
[State 3] Inst Executing 0x7120
[State 3] Inst Executing 0x7122
[State 3] Inst Executing 0x7124
[State 3] Inst Executing 0x10450
[State 3] Inst Executing 0x10452
[State 3] Inst Executing 0x1045c
[State 3] Inst Executing 0x1045e
[State 3] Inst Executing 0x10462
[State 3] Inst Executing 0x10466
[State 3] Inst Executing 0x7128
[State 3] Inst Executing 0x712a
[State 3] Inst Executing 0xe574
[State 3] Inst Executing 0xe55a
[State 3] Inst Executing 0xe55c
[State 3] Inst Executing 0x7180
[State 3] Inst Executing 0x7182
[State 3] Inst Executing 0x7184
[State 3] Inst Executing 0x7186
[State 3] Inst Executing 0x718a
[State 3] Inst Executing 0x718e
[State 3] Inst Executing 0x7190
[State 3] Inst Executing 0x7194
[State 3] Inst Executing 0x7196
[State 3] Inst Executing 0x7198
[State 3] Inst Executing 0x719c
[State 3] Inst Executing 0x719e
[State 3] Inst Executing 0x71a2
[State 3] Inst Executing 0x71a6
[State 3] Inst Executing 0x71a8
[State 3] Inst Executing 0x71ac
[State 3] Inst Executing 0x71ae
[State 3] Inst Executing 0x71b2
[State 3] Inst Executing 0x71b4
[State 3] Inst Executing 0x71b6
[State 3] Inst Executing 0x71b8
[State 3] Inst Executing 0x71bc
[State 3] Inst Executing 0x71be
[State 3] Inst Executing 0x71c0
[State 3] Inst Executing 0x7000
[State 3] Inst Executing 0x7002
[State 3] Inst Executing 0x700c
[State 3] Inst Executing 0x700e
[State 3] Inst Executing 0x71c4
[State 3] Inst Executing 0x71c8
[State 3] Inst Executing 0x71ca
[State 3] Inst Executing 0x71cc
[State 3] Inst Executing 0x7238
[State 3] Inst Executing 0x723c
[State 3] Inst Executing 0x7240
[State 3] Inst Executing 0x7242
[State 3] Inst Executing 0x724c
[State 3] Inst Executing 0x7250
[State 3] Inst Executing 0x7254
[State 3] Inst Executing 0x7256
[State 3] Inst Executing 0x7260
[State 3] Inst Executing 0x7264
[State 3] Inst Executing 0x7268
[State 3] Inst Executing 0x726c
[State 3] Inst Executing 0x7270
[State 3] Inst Executing 0x71b6
[State 3] Inst Executing 0x71b8
[State 3] Inst Executing 0x71bc
[State 3] Inst Executing 0x71be
[State 3] Inst Executing 0x71c0
[State 3] Inst Executing 0x7000
[State 3] Inst Executing 0x7002
[State 3] Inst Executing 0x700c
[State 3] Inst Executing 0x700e
[State 3] Inst Executing 0x71c4
[State 3] Inst Executing 0x71c8
[State 3] Inst Executing 0x71ca
[State 3] Inst Executing 0x71cc
[State 3] Inst Executing 0x7238
[State 3] Inst Executing 0x723c
[State 3] Inst Executing 0x7240
[State 3] Inst Executing 0x7242
[State 3] Inst Executing 0x724c
[State 3] Inst Executing 0x7250
[State 3] Inst Executing 0x7254
[State 3] Inst Executing 0x7256
[State 3] Inst Executing 0x7260
[State 3] Inst Executing 0x7264
[State 3] Inst Executing 0x7268
[State 3] Inst Executing 0x726c
[State 3] Inst Executing 0x7270
[State 3] Inst Executing 0x71b6
[State 3] Inst Executing 0x71b8
[State 3] Inst Executing 0x71bc
[State 3] Inst Executing 0x71be
[State 3] Inst Executing 0x71c0
[State 3] Inst Executing 0x7000
[State 3] Inst Executing 0x7002
[State 3] Inst Executing 0x7004
[State 3] Inst Executing 0x7006
[State 3] Inst Executing 0x7008
[State 3] Inst Executing 0x700a
[State 3] Inst Executing 0x71c4
[State 3] Inst Executing 0x71c8
[State 3] Inst Executing 0x71ca
[State 3] Inst Executing 0x71cc
[State 3] Inst Executing 0x71ce
[State 3] Inst Executing 0x71d0
[State 3] Inst Executing 0x71d2
[State 3] Inst Executing 0x71d4
[State 3] Inst Executing 0x71d6
[State 3] Inst Executing 0x71da
[State 3] Inst Executing 0x71dc
[State 3] Inst Executing 0x71de
[State 3] Inst Executing 0x71e0
[State 3] Inst Executing 0x71e2
[State 3] Inst Executing 0x71e6
[State 3] Inst Executing 0x7738
[State 3] Inst Executing 0x773c
[State 3] Inst Executing 0x7740
[State 3] Inst Executing 0x7742
[State 3] Inst Executing 0x7744
[State 3] Inst Executing 0x7746
[State 3] Inst Executing 0x774a
[State 3] Inst Executing 0x774c
[State 3] Inst Executing 0x774e
[State 3] Inst Executing 0x7750
[State 3] Inst Executing 0x7752
[State 3] Inst Executing 0x7754
[State 3] Inst Executing 0xf938
[State 3] Inst Executing 0xf93a
[State 3] Inst Executing 0xf93a
[State 3] Inst Executing 0xf93e
[State 3] Inst Executing 0x7758
[State 3] Inst Executing 0x775a
[State 3] Inst Executing 0x775c
[State 3] Inst Executing 0x7760
[State 3] Inst Executing 0x7762
[State 3] Inst Executing 0x7766
[State 3] Inst Executing 0x7768
[State 3] Inst Executing 0x776a
[State 3] Inst Executing 0x776c
[State 3] Inst Executing 0x7770
[State 3] Inst Executing 0x7774
[State 3] Inst Executing 0x7776
[State 3] Inst Executing 0x7778
[State 3] Inst Executing 0x777c
[State 3] Inst Executing 0x777e
[State 3] Inst Executing 0x7780
[State 3] Inst Executing 0x7782
[State 3] Inst Executing 0x7786
[State 3] Inst Executing 0x7788
[State 3] Inst Executing 0x778a
[State 3] Inst Executing 0x778c
[State 3] Inst Executing 0x778e
[State 3] Inst Executing 0x7792
[State 3] Inst Executing 0x7794
[State 3] Inst Executing 0x7798
[State 3] Inst Executing 0x779a
[State 3] Inst Executing 0x779e
[State 3] Inst Executing 0x77a0
[State 3] Inst Executing 0x77a4
[State 3] Inst Executing 0x77a6
[State 3] Inst Executing 0x77a8
[State 3] Inst Executing 0x77aa
[State 3] Inst Executing 0x77ac
[State 3] Inst Executing 0x77ae
[State 3] Inst Executing 0x77b2
[State 3] Inst Executing 0xd744
[State 3] Inst Executing 0xd748
[State 3] Inst Executing 0xd74a
[State 3] Inst Executing 0xd74c
[State 3] Inst Executing 0xd74e
[State 3] Inst Executing 0xd750
[State 3] Inst Executing 0xd752
[State 3] Inst Executing 0xd754
[State 3] Inst Executing 0x960
[State 3] Inst Executing 0x964
[State 3] Inst Executing 0x966
[State 3] Inst Executing 0x96a
[State 3] Inst Executing 0x96e
[State 3] Inst Executing 0x970
[State 3] Inst Executing 0x972
[State 3] Inst Executing 0x974
[State 3] Inst Executing 0x976
[State 3] Inst Executing 0x996
[State 3] Inst Executing 0x99a
[State 3] Inst Executing 0x99e
[State 3] Inst Executing 0x9a0
[State 3] Inst Executing 0x9a4
[State 3] Inst Executing 0x9a8
[State 3] Inst Executing 0x9aa
[State 3] Inst Executing 0x1024
[State 3] Inst Executing 0x1028
[State 3] Inst Executing 0x102c
[State 3] Inst Executing 0x102e
[State 3] Inst Executing 0x1032
[State 3] Inst Executing 0x1036
[State 3] Inst Executing 0x103a
[State 3] Inst Executing 0x103c
[State 3] Inst Executing 0x15cc
[State 3] Inst Executing 0x15d0
[State 3] Inst Executing 0x15d4
[State 3] Inst Executing 0x15d6
[State 3] Inst Executing 0x14f8
[State 3] Inst Executing 0x14fc
[State 3] Inst Executing 0x1500
[State 3] Inst Executing 0x1502
[State 3] Inst Executing 0x1bb4
[State 3] Inst Executing 0x1bb8
[State 3] Inst Executing 0x1bbc
[State 3] Inst Executing 0x1bbe
[State 3] Inst Executing 0x982
[State 3] Inst Executing 0x986
[State 3] Inst Executing 0x98a
[State 3] Inst Executing 0x98c
[State 3] Inst Executing 0x98e
[State 3] Inst Executing 0x990
[State 3] Inst Executing 0x992
[State 3] Inst Executing 0xd758
[State 3] Inst Executing 0xd75e
[State 3] Inst Executing 0xd760
[State 3] Inst Executing 0xd762
[State 3] Inst Executing 0xd764
[State 3] Inst Executing 0xd766
[State 3] Inst Executing 0xd768
[State 3] Inst Executing 0xd76c
[State 3] Inst Executing 0xd76e
[State 3] Inst Executing 0xd770
[State 3] Inst Executing 0xd772
[State 3] Inst Executing 0xd774
[State 3] Inst Executing 0xd776
[State 3] Inst Executing 0xd77a
[State 3] Inst Executing 0xd77e
[State 3] Inst Executing 0xd780
[State 3] Inst Executing 0x70d8
[State 3] Inst Executing 0x70da
[State 3] Inst Executing 0x70dc
[State 3] Inst Executing 0x70de
[State 3] Inst Executing 0x70e0
[State 3] Inst Executing 0x712c
[State 3] Inst Executing 0x10414
[State 3] Inst Executing 0x10416
[State 3] Inst Executing 0x10418
[State 3] Inst Executing 0x10426
[State 3] Inst Executing 0x10428
[State 3] Inst Executing 0x1042a
[State 3] Inst Executing 0x10444
[State 3] Inst Executing 0x7130
[State 3] Inst Executing 0x7132
[State 3] Inst Executing 0x7134
[State 3] Inst Executing 0x7136
[State 3] Inst Executing 0x7138
[State 3] Inst Executing 0x103fc
[State 3] Inst Executing 0x1040a
[State 3] Inst Executing 0x1040c
[State 3] Inst Executing 0x34f0
[State 3] Inst Executing 0x34f2
[State 3] Inst Executing 0x34f4
[State 3] Inst Executing 0x34f8
[State 3] Inst Executing 0x34fc
[State 3] Inst Executing 0x34fe
[State 3] Inst Executing 0x3502
[State 3] Inst Executing 0x3504
[State 3] Inst Executing 0x713c
[State 3] Inst Executing 0x713e
[State 3] Inst Executing 0x7140
[State 3] Inst Executing 0x7144
[State 3] Inst Executing 0x7146
[State 3] Inst Executing 0x7148
[State 3] Inst Executing 0x714a
[State 3] Inst Executing 0x714e
[State 3] Inst Executing 0x7152
[State 3] Inst Executing 0x7154
[State 3] Inst Executing 0x7156
[State 3] Inst Executing 0x7158
[State 3] Inst Executing 0x715a
[State 3] Inst Executing 0x715c
[State 3] Inst Executing 0x715e
[State 3] Inst Executing 0x7160
[State 3] Inst Executing 0x7162
[State 3] Inst Executing 0x716a
[State 3] Inst Executing 0x716e
[State 3] Inst Executing 0xf8b4
[State 3] Inst Executing 0xf8b6
[State 3] Inst Executing 0xf8b8
[State 3] Inst Executing 0xf8ba
[State 3] Inst Executing 0xe8f8
[State 3] Inst Executing 0xe8fa
[State 3] Inst Executing 0xe8fc
[State 3] Inst Executing 0xe8fe
[State 3] Inst Executing 0xe900
[State 3] Inst Executing 0xe902
[State 3] Inst Executing 0x12e38
[State 3] Inst Executing 0x12e3a
[State 3] Inst Executing 0x12d4c
[State 3] Inst Executing 0x12d50
[State 3] Inst Executing 0x12d52
[State 3] Inst Executing 0x12d56
[State 3] Inst Executing 0x12d58
[State 3] Inst Executing 0x12d5a
[State 3] Inst Executing 0x12d5c
[State 3] Inst Executing 0x12d72
[State 3] Inst Executing 0x12d76
[State 3] Inst Executing 0x12d7a
[State 3] Inst Executing 0x12d7e
[State 3] Inst Executing 0x12d82
[State 3] Inst Executing 0x12d84
[State 3] Inst Executing 0x12d86
[State 3] Inst Executing 0x12d8a
[State 3] Inst Executing 0x12d8c
[State 3] Inst Executing 0x12d8e
[State 3] Inst Executing 0x12d90
[State 3] Inst Executing 0x12d92
[State 3] Inst Executing 0x12d96
[State 3] Inst Executing 0x12d9a
[State 3] Inst Executing 0x12df6
[State 3] Inst Executing 0x12df8
[State 3] Inst Executing 0x12dfa
[State 3] Inst Executing 0x12dfc
[State 3] Inst Executing 0x12dfe
[State 3] Inst Executing 0x12e00
[State 3] Inst Executing 0x12e02
[State 3] Inst Executing 0x12e04
[State 3] Inst Executing 0x12e08
[State 3] Inst Executing 0x12e0a
[State 3] Inst Executing 0x12e0c
[State 3] Inst Executing 0x12e10
[State 3] Inst Executing 0x12e12
[State 3] Inst Executing 0x12e14
[State 3] Inst Executing 0x12e34
[State 3] Inst Executing 0xf8be
[State 3] Inst Executing 0xf8c0
[State 3] Inst Executing 0xf8c2
[State 3] Inst Executing 0xf8c4
[State 3] Inst Executing 0xf8c6
[State 3] Inst Executing 0xf8c8
[State 3] Inst Executing 0xe7fc
[State 3] Inst Executing 0xe7fe
[State 3] Inst Executing 0xe800
[State 3] Inst Executing 0xe802
[State 3] Inst Executing 0xe804
[State 3] Inst Executing 0xe806
[State 3] Inst Executing 0xe808
[State 3] Inst Executing 0xe584
[State 3] Inst Executing 0xe588
[State 3] Inst Executing 0xe58a
[State 3] Inst Executing 0xe58c
[State 3] Inst Executing 0xe58e
[State 3] Inst Executing 0xe592
[State 3] Inst Executing 0xe596
[State 3] Inst Executing 0xe59a
[State 3] Inst Executing 0xe59e
[State 3] Inst Executing 0xe5a0
[State 3] Inst Executing 0xe5a2
[State 3] Inst Executing 0xe5a4
[State 3] Inst Executing 0xa40c
[State 3] Inst Executing 0xa40e
[State 3] Inst Executing 0xa410
[State 3] Inst Executing 0xa412
[State 3] Inst Executing 0xa414
[State 3] Inst Executing 0xa416
[State 3] Inst Executing 0xa418
[State 3] Inst Executing 0xa41a
[State 3] Inst Executing 0xa41c
[State 3] Inst Executing 0xa41e
[State 3] Inst Executing 0xa420
[State 3] Inst Executing 0xa422
[State 3] Inst Executing 0xa43a
[State 3] Inst Executing 0xa43c
[State 3] Inst Executing 0xa436
[State 3] Inst Executing 0xa438
[State 3] Inst Executing 0xe5a8
[State 3] Inst Executing 0xe5aa
[State 3] Inst Executing 0xe5e8
[State 3] Inst Executing 0xe5ea
[State 3] Inst Executing 0xe5ec
[State 3] Inst Executing 0xe64a
[State 3] Inst Executing 0xe64e
[State 3] Inst Executing 0xe650
[State 3] Inst Executing 0xe654
[State 3] Inst Executing 0xe656
[State 3] Inst Executing 0xf710
[State 3] Inst Executing 0xf714
[State 3] Inst Executing 0xf716
[State 3] Inst Executing 0xf718
[State 3] Inst Executing 0xf71c
[State 3] Inst Executing 0xf71e
[State 3] Inst Executing 0xf720
[State 3] Inst Executing 0xf722
[State 3] Inst Executing 0xf724
[State 3] Inst Executing 0xf728
[State 3] Inst Executing 0xf72a
[State 3] Inst Executing 0xf72e
[State 3] Inst Executing 0xf730
[State 3] Inst Executing 0xf732
[State 3] Inst Executing 0xf734
[State 3] Inst Executing 0xf736
[State 3] Inst Executing 0xf738
[State 3] Inst Executing 0xf73a
[State 3] Inst Executing 0xf73c
[State 3] Inst Executing 0xf73e
[State 3] Inst Executing 0xf740
[State 3] Inst Executing 0xf742
[State 3] Inst Executing 0xf744
[State 3] Inst Executing 0xf746
[State 3] Inst Executing 0xf748
[State 3] Inst Executing 0xf1d8
[State 3] Inst Executing 0xf1da
[State 3] Inst Executing 0xf1dc
[State 3] Inst Executing 0xf1de
[State 3] Inst Executing 0xf1e0
[State 3] Inst Executing 0xf1e2
[State 3] Inst Executing 0xf1e4
[State 3] Inst Executing 0xf1e6
[State 3] Inst Executing 0xf1e8
[State 3] Inst Executing 0xf1ea
[State 3] Inst Executing 0xf1ec
[State 3] Inst Executing 0xf1ee
[State 3] Inst Executing 0xf74c
[State 3] Inst Executing 0xf750
[State 3] Inst Executing 0xf752
[State 3] Inst Executing 0xf754
[State 3] Inst Executing 0xf756
[State 3] Inst Executing 0xf758
[State 3] Inst Executing 0xf75a
[State 3] Inst Executing 0xf75e
[State 3] Inst Executing 0xf87a
[State 3] Inst Executing 0xf87e
[State 3] Inst Executing 0xf882
[State 3] Inst Executing 0xf884
[State 3] Inst Executing 0xf886
[State 3] Inst Executing 0xf88a
[State 3] Inst Executing 0xa4c8
[State 3] Inst Executing 0xa4ca
[State 3] Inst Executing 0xa4cc
[State 3] Inst Executing 0xa4ce
[State 3] Inst Executing 0xa4d0
[State 3] Inst Executing 0xa4d4
[State 3] Inst Executing 0xa4d6
[State 3] Inst Executing 0xa4da
[State 3] Inst Executing 0xa4dc
[State 3] Inst Executing 0xa4de
[State 3] Inst Executing 0xa4e2
[State 3] Inst Executing 0xa4e6
[State 3] Inst Executing 0xa4e8
[State 3] Inst Executing 0xa4ea
[State 3] Inst Executing 0xa4ec
[State 3] Inst Executing 0xa4ee
[State 3] Inst Executing 0xa4f0
[State 3] Inst Executing 0xa4f4
[State 3] Inst Executing 0xa4f8
[State 3] Inst Executing 0xa4fa
[State 3] Inst Executing 0xa4fe
